  0
SECTION
  2
HEADER
  9
$ACADVER
  1
AC1018
  9
$ACADMAINTVER
 70
   104
  9
$DWGCODEPAGE
  3
ANSI_936
  9
$LASTSAVEDBY
  1
神舟
  9
$INSBASE
 10
0.0
 20
0.0
 30
0.0
  9
$EXTMIN
 10
1826.130964462332
 20
785.9942337179338
 30
0.0
  9
$EXTMAX
 10
1995.71839558528
 20
1227.794239932125
 30
0.0
  9
$LIMMIN
 10
0.0
 20
0.0
  9
$LIMMAX
 10
420.0
 20
297.0
  9
$ORTHOMODE
 70
     0
  9
$REGENMODE
 70
     1
  9
$FILLMODE
 70
     1
  9
$QTEXTMODE
 70
     0
  9
$MIRRTEXT
 70
     0
  9
$LTSCALE
 40
1.0
  9
$ATTMODE
 70
     1
  9
$TEXTSIZE
 40
2.5
  9
$TRACEWID
 40
1.0
  9
$TEXTSTYLE
  7
Standard
  9
$CLAYER
  8
0
  9
$CELTYPE
  6
ByLayer
  9
$CECOLOR
 62
   256
  9
$CELTSCALE
 40
1.0
  9
$DISPSILH
 70
     0
  9
$DIMSCALE
 40
1.0
  9
$DIMASZ
 40
2.5
  9
$DIMEXO
 40
0.625
  9
$DIMDLI
 40
3.75
  9
$DIMRND
 40
0.0
  9
$DIMDLE
 40
0.0
  9
$DIMEXE
 40
1.25
  9
$DIMTP
 40
0.0
  9
$DIMTM
 40
0.0
  9
$DIMTXT
 40
2.5
  9
$DIMCEN
 40
2.5
  9
$DIMTSZ
 40
0.0
  9
$DIMTOL
 70
     0
  9
$DIMLIM
 70
     0
  9
$DIMTIH
 70
     0
  9
$DIMTOH
 70
     0
  9
$DIMSE1
 70
     0
  9
$DIMSE2
 70
     0
  9
$DIMTAD
 70
     1
  9
$DIMZIN
 70
     8
  9
$DIMBLK
  1

  9
$DIMASO
 70
     1
  9
$DIMSHO
 70
     1
  9
$DIMPOST
  1

  9
$DIMAPOST
  1

  9
$DIMALT
 70
     0
  9
$DIMALTD
 70
     3
  9
$DIMALTF
 40
0.03937007874016
  9
$DIMLFAC
 40
1.0
  9
$DIMTOFL
 70
     1
  9
$DIMTVP
 40
0.0
  9
$DIMTIX
 70
     0
  9
$DIMSOXD
 70
     0
  9
$DIMSAH
 70
     0
  9
$DIMBLK1
  1

  9
$DIMBLK2
  1

  9
$DIMSTYLE
  2
ISO-25
  9
$DIMCLRD
 70
     0
  9
$DIMCLRE
 70
     0
  9
$DIMCLRT
 70
     0
  9
$DIMTFAC
 40
1.0
  9
$DIMGAP
 40
0.625
  9
$DIMJUST
 70
     0
  9
$DIMSD1
 70
     0
  9
$DIMSD2
 70
     0
  9
$DIMTOLJ
 70
     0
  9
$DIMTZIN
 70
     8
  9
$DIMALTZ
 70
     0
  9
$DIMALTTZ
 70
     0
  9
$DIMUPT
 70
     0
  9
$DIMDEC
 70
     2
  9
$DIMTDEC
 70
     2
  9
$DIMALTU
 70
     2
  9
$DIMALTTD
 70
     3
  9
$DIMTXSTY
  7
Standard
  9
$DIMAUNIT
 70
     0
  9
$DIMADEC
 70
     0
  9
$DIMALTRND
 40
0.0
  9
$DIMAZIN
 70
     0
  9
$DIMDSEP
 70
    44
  9
$DIMATFIT
 70
     3
  9
$DIMFRAC
 70
     0
  9
$DIMLDRBLK
  1

  9
$DIMLUNIT
 70
     2
  9
$DIMLWD
 70
    -2
  9
$DIMLWE
 70
    -2
  9
$DIMTMOVE
 70
     0
  9
$LUNITS
 70
     2
  9
$LUPREC
 70
     4
  9
$SKETCHINC
 40
1.0
  9
$FILLETRAD
 40
0.0
  9
$AUNITS
 70
     0
  9
$AUPREC
 70
     0
  9
$MENU
  1
.
  9
$ELEVATION
 40
0.0
  9
$PELEVATION
 40
0.0
  9
$THICKNESS
 40
0.0
  9
$LIMCHECK
 70
     0
  9
$CHAMFERA
 40
0.0
  9
$CHAMFERB
 40
0.0
  9
$CHAMFERC
 40
0.0
  9
$CHAMFERD
 40
0.0
  9
$SKPOLY
 70
     0
  9
$TDCREATE
 40
2461227.510422373
  9
$TDUCREATE
 40
2461227.177089039
  9
$TDUPDATE
 40
2461227.685726528
  9
$TDUUPDATE
 40
2461227.352393195
  9
$TDINDWG
 40
0.0021978241
  9
$TDUSRTIMER
 40
0.0021976389
  9
$USRTIMER
 70
     1
  9
$ANGBASE
 50
0.0
  9
$ANGDIR
 70
     0
  9
$PDMODE
 70
     0
  9
$PDSIZE
 40
0.0
  9
$PLINEWID
 40
0.0
  9
$SPLFRAME
 70
     0
  9
$SPLINETYPE
 70
     6
  9
$SPLINESEGS
 70
     8
  9
$HANDSEED
  5
5F6
  9
$SURFTAB1
 70
     6
  9
$SURFTAB2
 70
     6
  9
$SURFTYPE
 70
     6
  9
$SURFU
 70
     6
  9
$SURFV
 70
     6
  9
$UCSBASE
  2

  9
$UCSNAME
  2

  9
$UCSORG
 10
0.0
 20
0.0
 30
0.0
  9
$UCSXDIR
 10
1.0
 20
0.0
 30
0.0
  9
$UCSYDIR
 10
0.0
 20
1.0
 30
0.0
  9
$UCSORTHOREF
  2

  9
$UCSORTHOVIEW
 70
     0
  9
$UCSORGTOP
 10
0.0
 20
0.0
 30
0.0
  9
$UCSORGBOTTOM
 10
0.0
 20
0.0
 30
0.0
  9
$UCSORGLEFT
 10
0.0
 20
0.0
 30
0.0
  9
$UCSORGRIGHT
 10
0.0
 20
0.0
 30
0.0
  9
$UCSORGFRONT
 10
0.0
 20
0.0
 30
0.0
  9
$UCSORGBACK
 10
0.0
 20
0.0
 30
0.0
  9
$PUCSBASE
  2

  9
$PUCSNAME
  2

  9
$PUCSORG
 10
0.0
 20
0.0
 30
0.0
  9
$PUCSXDIR
 10
1.0
 20
0.0
 30
0.0
  9
$PUCSYDIR
 10
0.0
 20
1.0
 30
0.0
  9
$PUCSORTHOREF
  2

  9
$PUCSORTHOVIEW
 70
     0
  9
$PUCSORGTOP
 10
0.0
 20
0.0
 30
0.0
  9
$PUCSORGBOTTOM
 10
0.0
 20
0.0
 30
0.0
  9
$PUCSORGLEFT
 10
0.0
 20
0.0
 30
0.0
  9
$PUCSORGRIGHT
 10
0.0
 20
0.0
 30
0.0
  9
$PUCSORGFRONT
 10
0.0
 20
0.0
 30
0.0
  9
$PUCSORGBACK
 10
0.0
 20
0.0
 30
0.0
  9
$USERI1
 70
     0
  9
$USERI2
 70
     0
  9
$USERI3
 70
     0
  9
$USERI4
 70
     0
  9
$USERI5
 70
     0
  9
$USERR1
 40
0.0
  9
$USERR2
 40
0.0
  9
$USERR3
 40
0.0
  9
$USERR4
 40
0.0
  9
$USERR5
 40
0.0
  9
$WORLDVIEW
 70
     1
  9
$SHADEDGE
 70
     3
  9
$SHADEDIF
 70
    70
  9
$TILEMODE
 70
     1
  9
$MAXACTVP
 70
    64
  9
$PINSBASE
 10
0.0
 20
0.0
 30
0.0
  9
$PLIMCHECK
 70
     0
  9
$PEXTMIN
 10
0.0
 20
0.0
 30
0.0
  9
$PEXTMAX
 10
0.0
 20
0.0
 30
0.0
  9
$PLIMMIN
 10
0.0
 20
0.0
  9
$PLIMMAX
 10
12.0
 20
9.0
  9
$UNITMODE
 70
     0
  9
$VISRETAIN
 70
     1
  9
$PLINEGEN
 70
     0
  9
$PSLTSCALE
 70
     1
  9
$TREEDEPTH
 70
  3020
  9
$CMLSTYLE
  2
Standard
  9
$CMLJUST
 70
     0
  9
$CMLSCALE
 40
20.0
  9
$PROXYGRAPHICS
 70
     1
  9
$MEASUREMENT
 70
     1
  9
$CELWEIGHT
370
    -1
  9
$ENDCAPS
280
     0
  9
$JOINSTYLE
280
     0
  9
$LWDISPLAY
290
     0
  9
$INSUNITS
 70
     4
  9
$HYPERLINKBASE
  1

  9
$STYLESHEET
  1

  9
$XEDIT
290
     1
  9
$CEPSNTYPE
380
     0
  9
$PSTYLEMODE
290
     1
  9
$FINGERPRINTGUID
  2
{7CBA8D38-AC7B-4F4A-962F-A7A3153C4134}
  9
$VERSIONGUID
  2
{366D72DA-4E8B-446A-B3E8-3A4166209D9E}
  9
$EXTNAMES
290
     1
  9
$PSVPSCALE
 40
0.0
  9
$OLESTARTUP
290
     0
  9
$SORTENTS
280
   127
  9
$INDEXCTL
280
     0
  9
$HIDETEXT
280
     1
  9
$XCLIPFRAME
290
     0
  9
$HALOGAP
280
     0
  9
$OBSCOLOR
 70
   257
  9
$OBSLTYPE
280
     0
  9
$INTERSECTIONDISPLAY
280
     0
  9
$INTERSECTIONCOLOR
 70
   257
  9
$DIMASSOC
280
     2
  9
$PROJECTNAME
  1

  0
ENDSEC
  0
SECTION
  2
CLASSES
  0
CLASS
  1
ACDBDICTIONARYWDFLT
  2
AcDbDictionaryWithDefault
  3
ObjectDBX Classes
 90
        0
 91
        1
280
     0
281
     0
  0
CLASS
  1
ACDBPLACEHOLDER
  2
AcDbPlaceHolder
  3
ObjectDBX Classes
 90
        0
 91
        1
280
     0
281
     0
  0
CLASS
  1
LAYOUT
  2
AcDbLayout
  3
ObjectDBX Classes
 90
        0
 91
        3
280
     0
281
     0
  0
CLASS
  1
DICTIONARYVAR
  2
AcDbDictionaryVar
  3
ObjectDBX Classes
 90
        0
 91
       14
280
     0
281
     0
  0
CLASS
  1
TABLESTYLE
  2
AcDbTableStyle
  3
ObjectDBX Classes
 90
     4095
 91
        1
280
     0
281
     0
  0
CLASS
  1
MATERIAL
  2
AcDbMaterial
  3
ObjectDBX Classes
 90
     1024
 91
        3
280
     0
281
     0
  0
CLASS
  1
VISUALSTYLE
  2
AcDbVisualStyle
  3
ObjectDBX Classes
 90
     4095
 91
       19
280
     0
281
     0
  0
CLASS
  1
SCALE
  2
AcDbScale
  3
ObjectDBX Classes
 90
     1153
 91
       34
280
     0
281
     0
  0
CLASS
  1
MLEADERSTYLE
  2
AcDbMLeaderStyle
  3
ACDB_MLEADERSTYLE_CLASS
 90
     4095
 91
        4
280
     0
281
     0
  0
CLASS
  1
CELLSTYLEMAP
  2
AcDbCellStyleMap
  3
ObjectDBX Classes
 90
     1152
 91
        2
280
     0
281
     0
  0
CLASS
  1
EXACXREFPANELOBJECT
  2
ExAcXREFPanelObject
  3
EXAC_ESW
 90
     1025
 91
        0
280
     0
281
     0
  0
CLASS
  1
NPOCOLLECTION
  2
AcDbImpNonPersistentObjectsCollection
  3
ObjectDBX Classes
 90
     1153
 91
        0
280
     0
281
     0
  0
CLASS
  1
LAYER_INDEX
  2
AcDbLayerIndex
  3
ObjectDBX Classes
 90
        0
 91
        0
280
     0
281
     0
  0
CLASS
  1
SPATIAL_INDEX
  2
AcDbSpatialIndex
  3
ObjectDBX Classes
 90
        0
 91
        0
280
     0
281
     0
  0
CLASS
  1
IDBUFFER
  2
AcDbIdBuffer
  3
ObjectDBX Classes
 90
        0
 91
        0
280
     0
281
     0
  0
CLASS
  1
SORTENTSTABLE
  2
AcDbSortentsTable
  3
ObjectDBX Classes
 90
        0
 91
        2
280
     0
281
     0
  0
ENDSEC
  0
SECTION
  2
TABLES
  0
TABLE
  2
VPORT
  5
8
102
{ACAD_XDICTIONARY
360
53A
102
}
330
0
100
AcDbSymbolTable
 70
     1
  0
VPORT
  5
EA
330
8
100
AcDbSymbolTableRecord
100
AcDbViewportTableRecord
  2
*Active
 70
     0
 10
0.0
 20
0.0
 11
1.0
 21
1.0
 12
1839.973844267946
 22
959.5019517035172
 13
0.0
 23
0.0
 14
10.0
 24
10.0
 15
10.0
 25
10.0
 16
0.0
 26
0.0
 36
1.0
 17
0.0
 27
0.0
 37
0.0
 40
32.39199037999211
 41
2.247956403269754
 42
50.0
 43
0.0
 44
0.0
 50
0.0
 51
0.0
 71
     0
 72
  1000
 73
     1
 74
     3
 75
     0
 76
     0
 77
     0
 78
     0
281
     0
 65
     1
110
0.0
120
0.0
130
0.0
111
1.0
121
0.0
131
0.0
112
0.0
122
1.0
132
0.0
 79
     0
146
0.0
  0
ENDTAB
  0
TABLE
  2
LTYPE
  5
5
330
0
100
AcDbSymbolTable
 70
     4
  0
LTYPE
  5
14
330
5
100
AcDbSymbolTableRecord
100
AcDbLinetypeTableRecord
  2
ByBlock
 70
     0
  3

 72
    65
 73
     0
 40
0.0
  0
LTYPE
  5
15
330
5
100
AcDbSymbolTableRecord
100
AcDbLinetypeTableRecord
  2
ByLayer
 70
     0
  3

 72
    65
 73
     0
 40
0.0
  0
LTYPE
  5
16
330
5
100
AcDbSymbolTableRecord
100
AcDbLinetypeTableRecord
  2
Continuous
 70
     0
  3
Solid line
 72
    65
 73
     0
 40
0.0
  0
LTYPE
  5
417
330
5
100
AcDbSymbolTableRecord
100
AcDbLinetypeTableRecord
  2
ACAD_ISO11W100
 70
     0
  3
ISO double-dash dot __ __ . __ __ . __ __ . __ _
 72
    65
 73
     6
 40
33.5
 49
12.0
 74
     0
 49
-3.0
 74
     0
 49
12.0
 74
     0
 49
-3.0
 74
     0
 49
0.5
 74
     0
 49
-3.0
 74
     0
  0
LTYPE
  5
418
330
5
100
AcDbSymbolTableRecord
100
AcDbLinetypeTableRecord
  2
ACAD_ISO05W100
 70
     0
  3
ISO long-dash double-dot ____ .. ____ .. ____ .
 72
    65
 73
     6
 40
34.0
 49
24.0
 74
     0
 49
-3.0
 74
     0
 49
0.5
 74
     0
 49
-3.0
 74
     0
 49
0.5
 74
     0
 49
-3.0
 74
     0
  0
LTYPE
  5
419
330
5
100
AcDbSymbolTableRecord
100
AcDbLinetypeTableRecord
  2
岩溶空洞
 70
     0
  3
﹍﹍▲﹍﹍▲﹍﹍
 72
    65
 73
     5
 40
2.629999999999999
 49
1.3
 74
     4
 75
   161
340
42B
 46
1.0
 50
180.0
 44
0.0
 45
0.0
 49
0.01
 74
     4
 75
   161
340
42B
 46
0.75
 50
180.0
 44
0.0
 45
0.0
 49
0.01
 74
     4
 75
   161
340
42B
 46
0.5
 50
180.0
 44
0.0
 45
0.0
 49
0.01
 74
     4
 75
   161
340
42B
 46
0.25
 50
180.0
 44
0.0
 45
0.0
 49
1.3
 74
     0
  0
ENDTAB
  0
TABLE
  2
LAYER
  5
2
102
{ACAD_XDICTIONARY
360
42F
102
}
330
0
100
AcDbSymbolTable
 70
     7
  0
LAYER
  5
10
102
{ACAD_XDICTIONARY
360
13C
102
}
330
2
100
AcDbSymbolTableRecord
100
AcDbLayerTableRecord
  2
0
 70
     0
 62
     7
  6
Continuous
370
    -3
390
F
  0
LAYER
  5
41A
102
{ACAD_XDICTIONARY
360
41B
102
}
330
2
100
AcDbSymbolTableRecord
100
AcDbLayerTableRecord
  2
GiCAD_PouXian
 70
     0
 62
     7
  6
Continuous
370
    -3
390
F
  0
LAYER
  5
41C
102
{ACAD_XDICTIONARY
360
41D
102
}
330
2
100
AcDbSymbolTableRecord
100
AcDbLayerTableRecord
  2
GiCAD_PouMian
 70
     0
 62
     7
  6
Continuous
370
    -3
390
F
  0
LAYER
  5
41E
102
{ACAD_XDICTIONARY
360
41F
102
}
330
2
100
AcDbSymbolTableRecord
100
AcDbLayerTableRecord
  2
GiCAD_DiMianXian
 70
     0
 62
     7
  6
Continuous
370
    -3
390
F
  0
LAYER
  5
420
102
{ACAD_XDICTIONARY
360
421
102
}
330
2
100
AcDbSymbolTableRecord
100
AcDbLayerTableRecord
  2
Gicad_pou_texts
 70
     0
 62
     7
  6
Continuous
370
    -3
390
F
  0
LAYER
  5
422
102
{ACAD_XDICTIONARY
360
423
102
}
330
2
100
AcDbSymbolTableRecord
100
AcDbLayerTableRecord
  2
承载力标识
 70
     0
 62
     7
  6
Continuous
370
    -3
390
F
1001
AcAecLayerStandard
1000

1000

  0
LAYER
  5
424
102
{ACAD_XDICTIONARY
360
425
102
}
330
2
100
AcDbSymbolTableRecord
100
AcDbLayerTableRecord
  2
纵断面_白色
 70
     0
 62
     7
  6
Continuous
370
    -3
390
F
  0
ENDTAB
  0
TABLE
  2
STYLE
  5
3
330
0
100
AcDbSymbolTable
 70
     8
  0
STYLE
  5
11
330
3
100
AcDbSymbolTableRecord
100
AcDbTextStyleTableRecord
  2
Standard
 70
     0
 40
0.0
 41
1.0
 50
0.0
 71
     0
 42
2.5
  3

  4

1001
ACAD
1000
SimSun
1071
       34
  0
STYLE
  5
132
330
3
100
AcDbSymbolTableRecord
100
AcDbTextStyleTableRecord
  2
Annotative
 70
     0
 40
0.0
 41
1.0
 50
0.0
 71
     0
 42
2.5
  3

  4

1001
AcadAnnotative
1000
AnnotativeData
1002
{
1070
     1
1070
     1
1002
}
1001
ACAD
1000
SimSun
1071
       34
  0
STYLE
  5
426
330
3
100
AcDbSymbolTableRecord
100
AcDbTextStyleTableRecord
  2
标题
 70
     0
 40
4.5
 41
0.7
 50
0.0
 71
     0
 42
4.5
  3

  4

1001
ACAD
1000
FangSong_GB2312
1071
    34308
  0
STYLE
  5
427
330
3
100
AcDbSymbolTableRecord
100
AcDbTextStyleTableRecord
  2
LZ_FONT
 70
     0
 40
2.0
 41
0.7
 50
0.0
 71
     0
 42
0.2
  3
ComFont.shx
  4
Hztxt.shx
  0
STYLE
  5
428
330
3
100
AcDbSymbolTableRecord
100
AcDbTextStyleTableRecord
  2
时代岩性
 70
     0
 40
3.5
 41
0.7
 50
0.0
 71
     0
 42
2.0
  3

  4

1001
ACAD
1000
FangSong_GB2312
1071
    34308
  0
STYLE
  5
429
330
3
100
AcDbSymbolTableRecord
100
AcDbTextStyleTableRecord
  2
宋体
 70
     0
 40
0.0
 41
0.7
 50
0.0
 71
     0
 42
2.5
  3

  4

1001
ACAD
1000
宋体
1071
    34306
  0
STYLE
  5
42A
330
3
100
AcDbSymbolTableRecord
100
AcDbTextStyleTableRecord
  2
bttxt
 70
     0
 40
5.0
 41
0.75
 50
0.0
 71
     0
 42
2.5
  3
complex.shx
  4
hztxt.shx
  0
STYLE
  5
42B
330
3
100
AcDbSymbolTableRecord
100
AcDbTextStyleTableRecord
  2

 70
     1
 40
0.0
 41
1.0
 50
0.0
 71
     0
 42
2.5
  3
AAA.SHX
  4
C:\Users\Administrator\AppData\Local\Temp\hzdx.shx
  0
ENDTAB
  0
TABLE
  2
VIEW
  5
6
330
0
100
AcDbSymbolTable
 70
     0
  0
ENDTAB
  0
TABLE
  2
UCS
  5
7
330
0
100
AcDbSymbolTable
 70
     0
  0
ENDTAB
  0
TABLE
  2
APPID
  5
9
330
0
100
AcDbSymbolTable
 70
    10
  0
APPID
  5
12
330
9
100
AcDbSymbolTableRecord
100
AcDbRegAppTableRecord
  2
ACAD
 70
     0
  0
APPID
  5
9E
330
9
100
AcDbSymbolTableRecord
100
AcDbRegAppTableRecord
  2
ACAD_PSEXT
 70
     0
  0
APPID
  5
133
330
9
100
AcDbSymbolTableRecord
100
AcDbRegAppTableRecord
  2
AcadAnnoPO
 70
     0
  0
APPID
  5
134
330
9
100
AcDbSymbolTableRecord
100
AcDbRegAppTableRecord
  2
AcadAnnotative
 70
     0
  0
APPID
  5
135
330
9
100
AcDbSymbolTableRecord
100
AcDbRegAppTableRecord
  2
ACAD_DSTYLE_DIMJAG
 70
     0
  0
APPID
  5
136
330
9
100
AcDbSymbolTableRecord
100
AcDbRegAppTableRecord
  2
ACAD_DSTYLE_DIMTALN
 70
     0
  0
APPID
  5
165
330
9
100
AcDbSymbolTableRecord
100
AcDbRegAppTableRecord
  2
ACAD_MLEADERVER
 70
     0
  0
APPID
  5
42C
330
9
100
AcDbSymbolTableRecord
100
AcDbRegAppTableRecord
  2
AcDbBlockRepETag
 70
     0
  0
APPID
  5
42D
330
9
100
AcDbSymbolTableRecord
100
AcDbRegAppTableRecord
  2
AcDbDynamicBlockGUID
 70
     0
  0
APPID
  5
42E
330
9
100
AcDbSymbolTableRecord
100
AcDbRegAppTableRecord
  2
AcAecLayerStandard
 70
     0
  0
ENDTAB
  0
TABLE
  2
DIMSTYLE
  5
A
330
0
100
AcDbSymbolTable
 70
     3
100
AcDbDimStyleTable
 71
     2
340
27
340
137
  0
DIMSTYLE
105
1B0
330
A
100
AcDbSymbolTableRecord
100
AcDbDimStyleTableRecord
  2
Standard
 70
     0
340
11
  0
DIMSTYLE
105
137
330
A
100
AcDbSymbolTableRecord
100
AcDbDimStyleTableRecord
  2
Annotative
 70
     0
 40
0.0
 41
2.5
 42
0.625
 43
3.75
 44
1.25
 73
     0
 74
     0
 77
     1
 78
     8
140
2.5
141
2.5
143
0.03937007874016
147
0.625
171
     3
172
     1
271
     2
272
     2
274
     3
278
    44
283
     0
284
     8
340
11
1001
AcadAnnotative
1000
AnnotativeData
1002
{
1070
     1
1070
     1
1002
}
1001
ACAD_DSTYLE_DIMJAG
1070
   388
1040
1.5
1001
ACAD_DSTYLE_DIMTALN
1070
   392
1070
     0
  0
DIMSTYLE
105
27
330
A
100
AcDbSymbolTableRecord
100
AcDbDimStyleTableRecord
  2
ISO-25
 70
     0
 41
2.5
 42
0.625
 43
3.75
 44
1.25
 73
     0
 74
     0
 77
     1
 78
     8
140
2.5
141
2.5
143
0.03937007874016
147
0.625
171
     3
172
     1
271
     2
272
     2
274
     3
278
    44
283
     0
284
     8
340
11
  0
ENDTAB
  0
TABLE
  2
BLOCK_RECORD
  5
1
330
0
100
AcDbSymbolTable
 70
    59
  0
BLOCK_RECORD
  5
1F
102
{ACAD_XDICTIONARY
360
1CE
102
}
330
1
100
AcDbSymbolTableRecord
100
AcDbBlockTableRecord
  2
*Model_Space
340
22
  0
BLOCK_RECORD
  5
D2
330
1
100
AcDbSymbolTableRecord
100
AcDbBlockTableRecord
  2
*Paper_Space
340
D3
  0
BLOCK_RECORD
  5
D6
330
1
100
AcDbSymbolTableRecord
100
AcDbBlockTableRecord
  2
*Paper_Space0
340
D7
  0
BLOCK_RECORD
  5
1F4
330
1
100
AcDbSymbolTableRecord
100
AcDbBlockTableRecord
  2
11
340
0
310
2800000020000000200000000100080000000000000400000000000000000000000000000000000000000000000080000080000000808000800000008000800080800000C0C0C000C0DCC000F0CAA6000020400000206000002080000020A0000020C0000020E00000400000004020000040400000406000004080000040A0
310
000040C0000040E00000600000006020000060400000606000006080000060A0000060C0000060E00000800000008020000080400000806000008080000080A0000080C0000080E00000A0000000A0200000A0400000A0600000A0800000A0A00000A0C00000A0E00000C0000000C0200000C0400000C0600000C0800000C0
310
A00000C0C00000C0E00000E0000000E0200000E0400000E0600000E0800000E0A00000E0C00000E0E00040000000400020004000400040006000400080004000A0004000C0004000E00040200000402020004020400040206000402080004020A0004020C0004020E000404000004040200040404000404060004040800040
310
40A0004040C0004040E00040600000406020004060400040606000406080004060A0004060C0004060E00040800000408020004080400040806000408080004080A0004080C0004080E00040A0000040A0200040A0400040A0600040A0800040A0A00040A0C00040A0E00040C0000040C0200040C0400040C0600040C08000
310
40C0A00040C0C00040C0E00040E0000040E0200040E0400040E0600040E0800040E0A00040E0C00040E0E00080000000800020008000400080006000800080008000A0008000C0008000E00080200000802020008020400080206000802080008020A0008020C0008020E00080400000804020008040400080406000804080
310
008040A0008040C0008040E00080600000806020008060400080606000806080008060A0008060C0008060E00080800000808020008080400080806000808080008080A0008080C0008080E00080A0000080A0200080A0400080A0600080A0800080A0A00080A0C00080A0E00080C0000080C0200080C0400080C0600080C0
310
800080C0A00080C0C00080C0E00080E0000080E0200080E0400080E0600080E0800080E0A00080E0C00080E0E000C0000000C0002000C0004000C0006000C0008000C000A000C000C000C000E000C0200000C0202000C0204000C0206000C0208000C020A000C020C000C020E000C0400000C0402000C0404000C0406000C0
310
408000C040A000C040C000C040E000C0600000C0602000C0604000C0606000C0608000C060A000C060C000C060E000C0800000C0802000C0804000C0806000C0808000C080A000C080C000C080E000C0A00000C0A02000C0A04000C0A06000C0A08000C0A0A000C0A0C000C0A0E000C0C00000C0C02000C0C04000C0C06000
310
C0C08000C0C0A000F0FBFF00A4A0A000808080000000FF0000FF000000FFFF00FF000000FF00FF00FFFF0000FFFFFF0000000000000000000000000000000000000000000000000000000000000000000000000000000000000000000000000000000000000000000000000000000000000000000000000000000000000000
310
00000000000000000000000000000000000000000000000000000000000000000000000000000000000000000000000000000000000000000000000000000000000000000000000000000000000000000000000000000000000000000000000000000000000000000000000000000000000000000000000000000000000000
310
00000000000000000000000000000000000000000000000000000000000000000000000000000000000000000000000000000000000000000000000000000000000000000000000000000000000000000000000000000000000000000000000000000000000000000000000000000000000000000000000000000000000000
310
00000000000000000000000000000000000000000000000000000000000000000000000000000000000000000000000000000000000000000000000000000000000000000000000000000000000000000000000000FAFAFAFA00000000FAFA0000FAFAFA0000000000F900F9F90000F90000000000FAFA00FA00000000FAFA
310
0000FAFAFA00000000F9F9F9F9F90000F90000000000FAFA00FA00000000FAFAFAFAFAFA0000000000F9F9F9F9F9F9F9F90000000000FAFAFAFAFAFA0000FAFAFAFAFAFA0000000000F9F9F900F9F9F900F900000000FAFAFAFAFA000000FAFA0000FAFA0000000000F9F9F9F900000000F9000000000000FAFAFA00000000
310
000000000000000000000000000000000000F90000000000000000FA000000000000000000000000000000000000000000000000000000000000000000000000000000000000000000000000000000000000000000000000000000000000000000000000000000000000000000000000000000000000000000000000000000
310
00000000000000000000000000000000000000000000000000000000000000000000000000000000000000000000000000000000000000000000000000000000000000000000000000000000000000000000000000000000000000000000000000000000000000000000000000000000000000000000000000000000000000
310
00000000000000000000000000000000000000000000000000000000000000000000000000000000000000000000000000000000000000000000000000000000000000000000000000000000000000000000000000000000000000000000000000000000000000000000000000000000000000000000000000000000000000
310
0000000000000000000000000000000000000000000000000000000000000000000000000000000000000000000000000000000000000000
102
{BLKREFS
331
495
102
}
1001
AcDbDynamicBlockGUID
1000
{09CF105F-7F98-4D5C-9EBA-1575FC686EDE}
1001
AcDbBlockRepETag
1070
     1
1071
        7
  0
BLOCK_RECORD
  5
1FE
330
1
100
AcDbSymbolTableRecord
100
AcDbBlockTableRecord
  2
12
340
0
310
2800000020000000200000000100080000000000000400000000000000000000000000000000000000000000000080000080000000808000800000008000800080800000C0C0C000C0DCC000F0CAA6000020400000206000002080000020A0000020C0000020E00000400000004020000040400000406000004080000040A0
310
000040C0000040E00000600000006020000060400000606000006080000060A0000060C0000060E00000800000008020000080400000806000008080000080A0000080C0000080E00000A0000000A0200000A0400000A0600000A0800000A0A00000A0C00000A0E00000C0000000C0200000C0400000C0600000C0800000C0
310
A00000C0C00000C0E00000E0000000E0200000E0400000E0600000E0800000E0A00000E0C00000E0E00040000000400020004000400040006000400080004000A0004000C0004000E00040200000402020004020400040206000402080004020A0004020C0004020E000404000004040200040404000404060004040800040
310
40A0004040C0004040E00040600000406020004060400040606000406080004060A0004060C0004060E00040800000408020004080400040806000408080004080A0004080C0004080E00040A0000040A0200040A0400040A0600040A0800040A0A00040A0C00040A0E00040C0000040C0200040C0400040C0600040C08000
310
40C0A00040C0C00040C0E00040E0000040E0200040E0400040E0600040E0800040E0A00040E0C00040E0E00080000000800020008000400080006000800080008000A0008000C0008000E00080200000802020008020400080206000802080008020A0008020C0008020E00080400000804020008040400080406000804080
310
008040A0008040C0008040E00080600000806020008060400080606000806080008060A0008060C0008060E00080800000808020008080400080806000808080008080A0008080C0008080E00080A0000080A0200080A0400080A0600080A0800080A0A00080A0C00080A0E00080C0000080C0200080C0400080C0600080C0
310
800080C0A00080C0C00080C0E00080E0000080E0200080E0400080E0600080E0800080E0A00080E0C00080E0E000C0000000C0002000C0004000C0006000C0008000C000A000C000C000C000E000C0200000C0202000C0204000C0206000C0208000C020A000C020C000C020E000C0400000C0402000C0404000C0406000C0
310
408000C040A000C040C000C040E000C0600000C0602000C0604000C0606000C0608000C060A000C060C000C060E000C0800000C0802000C0804000C0806000C0808000C080A000C080C000C080E000C0A00000C0A02000C0A04000C0A06000C0A08000C0A0A000C0A0C000C0A0E000C0C00000C0C02000C0C04000C0C06000
310
C0C08000C0C0A000F0FBFF00A4A0A000808080000000FF0000FF000000FFFF00FF000000FF00FF00FFFF0000FFFFFF0000000000000000000000000000000000000000000000000000000000000000000000000000000000000000000000000000000000000000000000000000000000000000000000000000000000000000
310
00000000000000000000000000000000000000000000000000000000000000000000000000000000000000000000000000000000000000000000000000000000000000000000000000000000000000000000000000000000000000000000000000000000000000000000000000000000000000000000000000000000000000
310
00000000000000000000000000000000000000000000000000000000000000000000000000000000000000000000000000000000000000000000000000000000000000000000000000000000000000000000000000000000000000000000000000000000000000000000000000000000000000000000000000000000000000
310
00000000000000000000000000000000000000000000000000000000000000000000000000000000000000000000000000000000000000000000000000000000000000000000000000000000000000000000000000FAFAFAFA00000000FAFA0000FAFAFA0000000000F90000000000F90000000000FAFA00FA00000000FAFA
310
0000FAFAFA00000000F9F9F900000000F90000000000FAFA00FA00000000FAFAFAFAFAFA0000000000F9F9F9F9F9F9F9F90000000000FAFAFAFAFAFA0000FAFA0000FAFAFA00000000F9F9F900F9F9F900F900000000FAFAFAFAFA000000FAFA0000FAFAFA00000000F9F9F9F900000000F9000000000000FAFAFA00000000
310
000000000000000000000000000000000000F9000000000000000000000000000000000000000000000000000000000000000000000000000000000000000000000000000000000000000000000000000000000000000000000000000000000000000000000000000000000000000000000000000000000000000000000000
310
00000000000000000000000000000000000000000000000000000000000000000000000000000000000000000000000000000000000000000000000000000000000000000000000000000000000000000000000000000000000000000000000000000000000000000000000000000000000000000000000000000000000000
310
00000000000000000000000000000000000000000000000000000000000000000000000000000000000000000000000000000000000000000000000000000000000000000000000000000000000000000000000000000000000000000000000000000000000000000000000000000000000000000000000000000000000000
310
0000000000000000000000000000000000000000000000000000000000000000000000000000000000000000000000000000000000000000
102
{BLKREFS
331
4D4
102
}
1001
AcDbDynamicBlockGUID
1000
{41D40985-65BF-4844-878E-7922BB51FDE9}
1001
AcDbBlockRepETag
1070
     1
1071
        6
  0
BLOCK_RECORD
  5
207
330
1
100
AcDbSymbolTableRecord
100
AcDbBlockTableRecord
  2
13
340
0
310
2800000020000000200000000100080000000000000400000000000000000000000000000000000000000000000080000080000000808000800000008000800080800000C0C0C000C0DCC000F0CAA6000020400000206000002080000020A0000020C0000020E00000400000004020000040400000406000004080000040A0
310
000040C0000040E00000600000006020000060400000606000006080000060A0000060C0000060E00000800000008020000080400000806000008080000080A0000080C0000080E00000A0000000A0200000A0400000A0600000A0800000A0A00000A0C00000A0E00000C0000000C0200000C0400000C0600000C0800000C0
310
A00000C0C00000C0E00000E0000000E0200000E0400000E0600000E0800000E0A00000E0C00000E0E00040000000400020004000400040006000400080004000A0004000C0004000E00040200000402020004020400040206000402080004020A0004020C0004020E000404000004040200040404000404060004040800040
310
40A0004040C0004040E00040600000406020004060400040606000406080004060A0004060C0004060E00040800000408020004080400040806000408080004080A0004080C0004080E00040A0000040A0200040A0400040A0600040A0800040A0A00040A0C00040A0E00040C0000040C0200040C0400040C0600040C08000
310
40C0A00040C0C00040C0E00040E0000040E0200040E0400040E0600040E0800040E0A00040E0C00040E0E00080000000800020008000400080006000800080008000A0008000C0008000E00080200000802020008020400080206000802080008020A0008020C0008020E00080400000804020008040400080406000804080
310
008040A0008040C0008040E00080600000806020008060400080606000806080008060A0008060C0008060E00080800000808020008080400080806000808080008080A0008080C0008080E00080A0000080A0200080A0400080A0600080A0800080A0A00080A0C00080A0E00080C0000080C0200080C0400080C0600080C0
310
800080C0A00080C0C00080C0E00080E0000080E0200080E0400080E0600080E0800080E0A00080E0C00080E0E000C0000000C0002000C0004000C0006000C0008000C000A000C000C000C000E000C0200000C0202000C0204000C0206000C0208000C020A000C020C000C020E000C0400000C0402000C0404000C0406000C0
310
408000C040A000C040C000C040E000C0600000C0602000C0604000C0606000C0608000C060A000C060C000C060E000C0800000C0802000C0804000C0806000C0808000C080A000C080C000C080E000C0A00000C0A02000C0A04000C0A06000C0A08000C0A0A000C0A0C000C0A0E000C0C00000C0C02000C0C04000C0C06000
310
C0C08000C0C0A000F0FBFF00A4A0A000808080000000FF0000FF000000FFFF00FF000000FF00FF00FFFF0000FFFFFF0000000000000000000000000000000000000000000000000000000000000000000000000000000000000000000000000000000000000000000000000000000000000000000000000000000000000000
310
00000000000000000000000000000000000000000000000000000000000000000000000000000000000000000000000000000000000000000000000000000000000000000000000000000000000000000000000000000000000000000000000000000000000000000000000000000000000000000000000000000000000000
310
00000000000000000000000000000000000000000000000000000000000000000000000000000000000000000000000000000000000000000000000000000000000000000000000000000000000000000000000000000000000000000000000000000000000000000000000000000000000000000000000000000000000000
310
00000000000000000000000000000000000000000000000000000000000000000000000000000000000000000000000000000000000000000000000000000000000000000000000000000000000000000000000000FAFAFAFA00000000FAFA0000FAFA000000000000F90000000000F90000000000FAFA00FA00000000FAFA
310
0000FAFAFA00000000F9F9F900000000F90000000000FAFA00FA00000000FAFAFAFAFAFAFA00000000F9F9F9F9F9F9F9F90000000000FAFAFAFAFAFA0000FAFA0000FAFAFA00000000F9F9F900F9F9F900F900000000FAFAFAFAFA000000FAFA0000FAFAFA00000000F9F9F9F900000000F9000000000000FAFAFA00000000
310
000000000000000000000000000000000000F9000000000000000000000000000000000000000000000000000000000000000000000000000000000000000000000000000000000000000000000000000000000000000000000000000000000000000000000000000000000000000000000000000000000000000000000000
310
00000000000000000000000000000000000000000000000000000000000000000000000000000000000000000000000000000000000000000000000000000000000000000000000000000000000000000000000000000000000000000000000000000000000000000000000000000000000000000000000000000000000000
310
00000000000000000000000000000000000000000000000000000000000000000000000000000000000000000000000000000000000000000000000000000000000000000000000000000000000000000000000000000000000000000000000000000000000000000000000000000000000000000000000000000000000000
310
0000000000000000000000000000000000000000000000000000000000000000000000000000000000000000000000000000000000000000
  0
BLOCK_RECORD
  5
210
330
1
100
AcDbSymbolTableRecord
100
AcDbBlockTableRecord
  2
221
340
0
310
2800000020000000200000000100080000000000000400000000000000000000000000000000000000000000000080000080000000808000800000008000800080800000C0C0C000C0DCC000F0CAA6000020400000206000002080000020A0000020C0000020E00000400000004020000040400000406000004080000040A0
310
000040C0000040E00000600000006020000060400000606000006080000060A0000060C0000060E00000800000008020000080400000806000008080000080A0000080C0000080E00000A0000000A0200000A0400000A0600000A0800000A0A00000A0C00000A0E00000C0000000C0200000C0400000C0600000C0800000C0
310
A00000C0C00000C0E00000E0000000E0200000E0400000E0600000E0800000E0A00000E0C00000E0E00040000000400020004000400040006000400080004000A0004000C0004000E00040200000402020004020400040206000402080004020A0004020C0004020E000404000004040200040404000404060004040800040
310
40A0004040C0004040E00040600000406020004060400040606000406080004060A0004060C0004060E00040800000408020004080400040806000408080004080A0004080C0004080E00040A0000040A0200040A0400040A0600040A0800040A0A00040A0C00040A0E00040C0000040C0200040C0400040C0600040C08000
310
40C0A00040C0C00040C0E00040E0000040E0200040E0400040E0600040E0800040E0A00040E0C00040E0E00080000000800020008000400080006000800080008000A0008000C0008000E00080200000802020008020400080206000802080008020A0008020C0008020E00080400000804020008040400080406000804080
310
008040A0008040C0008040E00080600000806020008060400080606000806080008060A0008060C0008060E00080800000808020008080400080806000808080008080A0008080C0008080E00080A0000080A0200080A0400080A0600080A0800080A0A00080A0C00080A0E00080C0000080C0200080C0400080C0600080C0
310
800080C0A00080C0C00080C0E00080E0000080E0200080E0400080E0600080E0800080E0A00080E0C00080E0E000C0000000C0002000C0004000C0006000C0008000C000A000C000C000C000E000C0200000C0202000C0204000C0206000C0208000C020A000C020C000C020E000C0400000C0402000C0404000C0406000C0
310
408000C040A000C040C000C040E000C0600000C0602000C0604000C0606000C0608000C060A000C060C000C060E000C0800000C0802000C0804000C0806000C0808000C080A000C080C000C080E000C0A00000C0A02000C0A04000C0A06000C0A08000C0A0A000C0A0C000C0A0E000C0C00000C0C02000C0C04000C0C06000
310
C0C08000C0C0A000F0FBFF00A4A0A000808080000000FF0000FF000000FFFF00FF000000FF00FF00FFFF0000FFFFFF0000000000000000000000000000000000000000000000000000000000000000000000000000000000000000000000000000000000000000000000000000000000000000000000000000000000000000
310
00000000000000000000000000000000000000000000000000000000000000000000000000000000000000000000000000000000000000000000000000000000000000000000000000000000000000000000000000000000000000000000000000000000000000000000000000000000000000000000000000000000000000
310
00000000000000000000000000000000000000000000000000000000000000000000000000000000000000000000000000000000000000000000000000000000000000000000000000000000000000000000000000000000000000000000000000000000000000000000000000000000000000000000000000000000000000
310
0000000000000000000000000000000000000000000000000000000000000000000000000000000000000000000000000000000000000000000000000000000000000000000000000000000000000000000000000000FAFAFA000000000000000000000000000000F9F90000000000000000000000FAFAFAFA00000000FAFA
310
0000FAFAFAFA00F9F9F9F900F9F9F9F9F9F900000000FAFAFAFA00000000FAFAFAFAFAFAFA0000F9F9F9F9F9F9F9F9F9F9F900000000FAFAFAFAFAFAFAFAFAFAFAFAFAFAFA0000F9F9F9F9F9F9F9F9F9F9F900000000FAFAFAFAFAFAFAFAFAFA0000FAFAFA0000F9F9F90000F9F9F9F9F9F900000000000000FAFA00FAFA00
310
00000000000000000000000000000000000000000000000000000000000000000000000000000000000000000000000000000000000000000000000000000000000000000000000000000000000000000000000000000000000000000000000000000000000000000000000000000000000000000000000000000000000000
310
00000000000000000000000000000000000000000000000000000000000000000000000000000000000000000000000000000000000000000000000000000000000000000000000000000000000000000000000000000000000000000000000000000000000000000000000000000000000000000000000000000000000000
310
00000000000000000000000000000000000000000000000000000000000000000000000000000000000000000000000000000000000000000000000000000000000000000000000000000000000000000000000000000000000000000000000000000000000000000000000000000000000000000000000000000000000000
310
0000000000000000000000000000000000000000000000000000000000000000000000000000000000000000000000000000000000000000
102
{BLKREFS
331
497
102
}
1001
AcDbDynamicBlockGUID
1000
{E8ECEFD3-F841-4A1B-8209-9209D03BEF08}
1001
AcDbBlockRepETag
1070
     1
1071
        7
  0
BLOCK_RECORD
  5
21A
330
1
100
AcDbSymbolTableRecord
100
AcDbBlockTableRecord
  2
222
340
0
310
2800000020000000200000000100080000000000000400000000000000000000000000000000000000000000000080000080000000808000800000008000800080800000C0C0C000C0DCC000F0CAA6000020400000206000002080000020A0000020C0000020E00000400000004020000040400000406000004080000040A0
310
000040C0000040E00000600000006020000060400000606000006080000060A0000060C0000060E00000800000008020000080400000806000008080000080A0000080C0000080E00000A0000000A0200000A0400000A0600000A0800000A0A00000A0C00000A0E00000C0000000C0200000C0400000C0600000C0800000C0
310
A00000C0C00000C0E00000E0000000E0200000E0400000E0600000E0800000E0A00000E0C00000E0E00040000000400020004000400040006000400080004000A0004000C0004000E00040200000402020004020400040206000402080004020A0004020C0004020E000404000004040200040404000404060004040800040
310
40A0004040C0004040E00040600000406020004060400040606000406080004060A0004060C0004060E00040800000408020004080400040806000408080004080A0004080C0004080E00040A0000040A0200040A0400040A0600040A0800040A0A00040A0C00040A0E00040C0000040C0200040C0400040C0600040C08000
310
40C0A00040C0C00040C0E00040E0000040E0200040E0400040E0600040E0800040E0A00040E0C00040E0E00080000000800020008000400080006000800080008000A0008000C0008000E00080200000802020008020400080206000802080008020A0008020C0008020E00080400000804020008040400080406000804080
310
008040A0008040C0008040E00080600000806020008060400080606000806080008060A0008060C0008060E00080800000808020008080400080806000808080008080A0008080C0008080E00080A0000080A0200080A0400080A0600080A0800080A0A00080A0C00080A0E00080C0000080C0200080C0400080C0600080C0
310
800080C0A00080C0C00080C0E00080E0000080E0200080E0400080E0600080E0800080E0A00080E0C00080E0E000C0000000C0002000C0004000C0006000C0008000C000A000C000C000C000E000C0200000C0202000C0204000C0206000C0208000C020A000C020C000C020E000C0400000C0402000C0404000C0406000C0
310
408000C040A000C040C000C040E000C0600000C0602000C0604000C0606000C0608000C060A000C060C000C060E000C0800000C0802000C0804000C0806000C0808000C080A000C080C000C080E000C0A00000C0A02000C0A04000C0A06000C0A08000C0A0A000C0A0C000C0A0E000C0C00000C0C02000C0C04000C0C06000
310
C0C08000C0C0A000F0FBFF00A4A0A000808080000000FF0000FF000000FFFF00FF000000FF00FF00FFFF0000FFFFFF0000000000000000000000000000000000000000000000000000000000000000000000000000000000000000000000000000000000000000000000000000000000000000000000000000000000000000
310
00000000000000000000000000000000000000000000000000000000000000000000000000000000000000000000000000000000000000000000000000000000000000000000000000000000000000000000000000000000000000000000000000000000000000000000000000000000000000000000000000000000000000
310
00000000000000000000000000000000000000000000000000000000000000000000000000000000000000000000000000000000000000000000000000000000000000000000000000000000000000000000000000000000000000000000000000000000000000000000000000000000000000000000000000000000000000
310
0000000000000000000000000000000000000000000000000000000000000000000000000000000000000000000000000000000000000000000000000000000000000000000000000000000000000000000000000000FAFAFA000000000000000000000000000000F9F90000000000000000000000FAFAFAFA00000000FAFA
310
0000FAFAFAFA00F9F9F9F900F9F9F9F9F9F900000000FAFAFAFA00000000FAFAFAFAFAFAFAFA00F9F9F9F9F9F9F9F9F9F9F900000000FAFAFAFAFAFAFAFAFAFAFAFAFAFAFAFA00F9F9F9F9F9F9F9F9F9F9F900000000FAFAFAFAFAFAFAFAFAFA0000FAFAFAFA00F9F9F90000F9F9F9F9F9F900000000000000FAFA00FAFA00
310
00000000000000000000000000000000000000000000000000000000000000000000000000000000000000000000000000000000000000000000000000000000000000000000000000000000000000000000000000000000000000000000000000000000000000000000000000000000000000000000000000000000000000
310
00000000000000000000000000000000000000000000000000000000000000000000000000000000000000000000000000000000000000000000000000000000000000000000000000000000000000000000000000000000000000000000000000000000000000000000000000000000000000000000000000000000000000
310
00000000000000000000000000000000000000000000000000000000000000000000000000000000000000000000000000000000000000000000000000000000000000000000000000000000000000000000000000000000000000000000000000000000000000000000000000000000000000000000000000000000000000
310
0000000000000000000000000000000000000000000000000000000000000000000000000000000000000000000000000000000000000000
102
{BLKREFS
331
498
102
}
1001
AcDbDynamicBlockGUID
1000
{D01EF8E0-07BA-4E70-B148-8CACA44BC983}
1001
AcDbBlockRepETag
1070
     1
1071
        9
  0
BLOCK_RECORD
  5
225
330
1
100
AcDbSymbolTableRecord
100
AcDbBlockTableRecord
  2
223
340
0
310
2800000020000000200000000100080000000000000400000000000000000000000000000000000000000000000080000080000000808000800000008000800080800000C0C0C000C0DCC000F0CAA6000020400000206000002080000020A0000020C0000020E00000400000004020000040400000406000004080000040A0
310
000040C0000040E00000600000006020000060400000606000006080000060A0000060C0000060E00000800000008020000080400000806000008080000080A0000080C0000080E00000A0000000A0200000A0400000A0600000A0800000A0A00000A0C00000A0E00000C0000000C0200000C0400000C0600000C0800000C0
310
A00000C0C00000C0E00000E0000000E0200000E0400000E0600000E0800000E0A00000E0C00000E0E00040000000400020004000400040006000400080004000A0004000C0004000E00040200000402020004020400040206000402080004020A0004020C0004020E000404000004040200040404000404060004040800040
310
40A0004040C0004040E00040600000406020004060400040606000406080004060A0004060C0004060E00040800000408020004080400040806000408080004080A0004080C0004080E00040A0000040A0200040A0400040A0600040A0800040A0A00040A0C00040A0E00040C0000040C0200040C0400040C0600040C08000
310
40C0A00040C0C00040C0E00040E0000040E0200040E0400040E0600040E0800040E0A00040E0C00040E0E00080000000800020008000400080006000800080008000A0008000C0008000E00080200000802020008020400080206000802080008020A0008020C0008020E00080400000804020008040400080406000804080
310
008040A0008040C0008040E00080600000806020008060400080606000806080008060A0008060C0008060E00080800000808020008080400080806000808080008080A0008080C0008080E00080A0000080A0200080A0400080A0600080A0800080A0A00080A0C00080A0E00080C0000080C0200080C0400080C0600080C0
310
800080C0A00080C0C00080C0E00080E0000080E0200080E0400080E0600080E0800080E0A00080E0C00080E0E000C0000000C0002000C0004000C0006000C0008000C000A000C000C000C000E000C0200000C0202000C0204000C0206000C0208000C020A000C020C000C020E000C0400000C0402000C0404000C0406000C0
310
408000C040A000C040C000C040E000C0600000C0602000C0604000C0606000C0608000C060A000C060C000C060E000C0800000C0802000C0804000C0806000C0808000C080A000C080C000C080E000C0A00000C0A02000C0A04000C0A06000C0A08000C0A0A000C0A0C000C0A0E000C0C00000C0C02000C0C04000C0C06000
310
C0C08000C0C0A000F0FBFF00A4A0A000808080000000FF0000FF000000FFFF00FF000000FF00FF00FFFF0000FFFFFF0000000000000000000000000000000000000000000000000000000000000000000000000000000000000000000000000000000000000000000000000000000000000000000000000000000000000000
310
00000000000000000000000000000000000000000000000000000000000000000000000000000000000000000000000000000000000000000000000000000000000000000000000000000000000000000000000000000000000000000000000000000000000000000000000000000000000000000000000000000000000000
310
00000000000000000000000000000000000000000000000000000000000000000000000000000000000000000000000000000000000000000000000000000000000000000000000000000000000000000000000000000000000000000000000000000000000000000000000000000000000000000000000000000000000000
310
0000000000000000000000000000000000000000000000000000000000000000000000000000000000000000000000000000000000000000000000000000000000000000000000000000000000000000000000000000FAFAFA000000000000000000000000000000F9F90000000000000000000000FAFAFAFA00000000FAFA
310
0000FAFAFAFA00F9F9F9F900F9F9F9F9F9F900000000FAFAFAFA00000000FAFAFAFAFAFAFAFA00F9F9F9F9F9F9F9F9F9F9F900000000FAFAFAFAFAFAFAFAFAFAFAFAFAFAFAFA00F9F9F9F9F9F9F9F9F9F9F900000000FAFAFAFAFAFAFAFAFAFA0000FAFAFAFA00F9F9F90000F9F9F9F9F9F900000000000000FAFA00FAFA00
310
00000000000000000000000000000000000000000000000000000000000000000000000000000000000000000000000000000000000000000000000000000000000000000000000000000000000000000000000000000000000000000000000000000000000000000000000000000000000000000000000000000000000000
310
00000000000000000000000000000000000000000000000000000000000000000000000000000000000000000000000000000000000000000000000000000000000000000000000000000000000000000000000000000000000000000000000000000000000000000000000000000000000000000000000000000000000000
310
00000000000000000000000000000000000000000000000000000000000000000000000000000000000000000000000000000000000000000000000000000000000000000000000000000000000000000000000000000000000000000000000000000000000000000000000000000000000000000000000000000000000000
310
0000000000000000000000000000000000000000000000000000000000000000000000000000000000000000000000000000000000000000
102
{BLKREFS
331
499
102
}
1001
AcDbDynamicBlockGUID
1000
{D1BBB430-531B-423E-860F-C787CF7012E4}
1001
AcDbBlockRepETag
1070
     1
1071
       13
  0
BLOCK_RECORD
  5
230
330
1
100
AcDbSymbolTableRecord
100
AcDbBlockTableRecord
  2
231
340
0
310
2800000020000000200000000100080000000000000400000000000000000000000000000000000000000000000080000080000000808000800000008000800080800000C0C0C000C0DCC000F0CAA6000020400000206000002080000020A0000020C0000020E00000400000004020000040400000406000004080000040A0
310
000040C0000040E00000600000006020000060400000606000006080000060A0000060C0000060E00000800000008020000080400000806000008080000080A0000080C0000080E00000A0000000A0200000A0400000A0600000A0800000A0A00000A0C00000A0E00000C0000000C0200000C0400000C0600000C0800000C0
310
A00000C0C00000C0E00000E0000000E0200000E0400000E0600000E0800000E0A00000E0C00000E0E00040000000400020004000400040006000400080004000A0004000C0004000E00040200000402020004020400040206000402080004020A0004020C0004020E000404000004040200040404000404060004040800040
310
40A0004040C0004040E00040600000406020004060400040606000406080004060A0004060C0004060E00040800000408020004080400040806000408080004080A0004080C0004080E00040A0000040A0200040A0400040A0600040A0800040A0A00040A0C00040A0E00040C0000040C0200040C0400040C0600040C08000
310
40C0A00040C0C00040C0E00040E0000040E0200040E0400040E0600040E0800040E0A00040E0C00040E0E00080000000800020008000400080006000800080008000A0008000C0008000E00080200000802020008020400080206000802080008020A0008020C0008020E00080400000804020008040400080406000804080
310
008040A0008040C0008040E00080600000806020008060400080606000806080008060A0008060C0008060E00080800000808020008080400080806000808080008080A0008080C0008080E00080A0000080A0200080A0400080A0600080A0800080A0A00080A0C00080A0E00080C0000080C0200080C0400080C0600080C0
310
800080C0A00080C0C00080C0E00080E0000080E0200080E0400080E0600080E0800080E0A00080E0C00080E0E000C0000000C0002000C0004000C0006000C0008000C000A000C000C000C000E000C0200000C0202000C0204000C0206000C0208000C020A000C020C000C020E000C0400000C0402000C0404000C0406000C0
310
408000C040A000C040C000C040E000C0600000C0602000C0604000C0606000C0608000C060A000C060C000C060E000C0800000C0802000C0804000C0806000C0808000C080A000C080C000C080E000C0A00000C0A02000C0A04000C0A06000C0A08000C0A0A000C0A0C000C0A0E000C0C00000C0C02000C0C04000C0C06000
310
C0C08000C0C0A000F0FBFF00A4A0A000808080000000FF0000FF000000FFFF00FF000000FF00FF00FFFF0000FFFFFF0000000000000000000000000000000000000000000000000000000000000000000000000000000000000000000000000000000000000000000000000000000000000000000000000000000000000000
310
00000000000000000000000000000000000000000000000000000000000000000000000000000000000000000000000000000000000000000000000000000000000000000000000000000000000000000000000000000000000000000000000000000000000000000000000000000000000000000000000000000000000000
310
00000000000000000000000000000000000000000000000000000000000000000000000000000000000000000000000000000000000000000000000000000000000000000000000000000000000000000000000000000000000000000000000000000000000000000000000000000000000000000000000000000000000000
310
0000000000000000000000000000000000000000000000000000000000000000000000000000000000000000000000000000000000000000000000000000000000000000000000000000000000000000000000000000FAFAFA000000000000000000000000000000F9F90000000000000000000000FAFAFAFA00000000FAFA
310
0000FAFAFAFA00F9F9F9F900F9F9F9F9F9F900000000FAFAFAFA00000000FAFAFAFAFAFAFA0000F9F9F9F9F9F9F9F9F9F9F900000000FAFAFAFAFAFAFAFAFAFAFAFAFAFAFA0000F9F9F9F9F9F9F9F9F9F9F900000000FAFAFAFAFAFAFAFAFAFA0000FAFAFA0000F9F9F90000F9F9F9F9F9F900000000000000FAFA00FAFA00
310
00000000000000000000000000000000000000000000000000000000000000000000000000000000000000000000000000000000000000000000000000000000000000000000000000000000000000000000000000000000000000000000000000000000000000000000000000000000000000000000000000000000000000
310
00000000000000000000000000000000000000000000000000000000000000000000000000000000000000000000000000000000000000000000000000000000000000000000000000000000000000000000000000000000000000000000000000000000000000000000000000000000000000000000000000000000000000
310
00000000000000000000000000000000000000000000000000000000000000000000000000000000000000000000000000000000000000000000000000000000000000000000000000000000000000000000000000000000000000000000000000000000000000000000000000000000000000000000000000000000000000
310
0000000000000000000000000000000000000000000000000000000000000000000000000000000000000000000000000000000000000000
102
{BLKREFS
331
49A
102
}
1001
AcDbDynamicBlockGUID
1000
{18C00858-F88F-47BE-9354-0C0F2537FE54}
1001
AcDbBlockRepETag
1070
     1
1071
       14
  0
BLOCK_RECORD
  5
23B
330
1
100
AcDbSymbolTableRecord
100
AcDbBlockTableRecord
  2
232
340
0
310
2800000020000000200000000100080000000000000400000000000000000000000000000000000000000000000080000080000000808000800000008000800080800000C0C0C000C0DCC000F0CAA6000020400000206000002080000020A0000020C0000020E00000400000004020000040400000406000004080000040A0
310
000040C0000040E00000600000006020000060400000606000006080000060A0000060C0000060E00000800000008020000080400000806000008080000080A0000080C0000080E00000A0000000A0200000A0400000A0600000A0800000A0A00000A0C00000A0E00000C0000000C0200000C0400000C0600000C0800000C0
310
A00000C0C00000C0E00000E0000000E0200000E0400000E0600000E0800000E0A00000E0C00000E0E00040000000400020004000400040006000400080004000A0004000C0004000E00040200000402020004020400040206000402080004020A0004020C0004020E000404000004040200040404000404060004040800040
310
40A0004040C0004040E00040600000406020004060400040606000406080004060A0004060C0004060E00040800000408020004080400040806000408080004080A0004080C0004080E00040A0000040A0200040A0400040A0600040A0800040A0A00040A0C00040A0E00040C0000040C0200040C0400040C0600040C08000
310
40C0A00040C0C00040C0E00040E0000040E0200040E0400040E0600040E0800040E0A00040E0C00040E0E00080000000800020008000400080006000800080008000A0008000C0008000E00080200000802020008020400080206000802080008020A0008020C0008020E00080400000804020008040400080406000804080
310
008040A0008040C0008040E00080600000806020008060400080606000806080008060A0008060C0008060E00080800000808020008080400080806000808080008080A0008080C0008080E00080A0000080A0200080A0400080A0600080A0800080A0A00080A0C00080A0E00080C0000080C0200080C0400080C0600080C0
310
800080C0A00080C0C00080C0E00080E0000080E0200080E0400080E0600080E0800080E0A00080E0C00080E0E000C0000000C0002000C0004000C0006000C0008000C000A000C000C000C000E000C0200000C0202000C0204000C0206000C0208000C020A000C020C000C020E000C0400000C0402000C0404000C0406000C0
310
408000C040A000C040C000C040E000C0600000C0602000C0604000C0606000C0608000C060A000C060C000C060E000C0800000C0802000C0804000C0806000C0808000C080A000C080C000C080E000C0A00000C0A02000C0A04000C0A06000C0A08000C0A0A000C0A0C000C0A0E000C0C00000C0C02000C0C04000C0C06000
310
C0C08000C0C0A000F0FBFF00A4A0A000808080000000FF0000FF000000FFFF00FF000000FF00FF00FFFF0000FFFFFF0000000000000000000000000000000000000000000000000000000000000000000000000000000000000000000000000000000000000000000000000000000000000000000000000000000000000000
310
00000000000000000000000000000000000000000000000000000000000000000000000000000000000000000000000000000000000000000000000000000000000000000000000000000000000000000000000000000000000000000000000000000000000000000000000000000000000000000000000000000000000000
310
00000000000000000000000000000000000000000000000000000000000000000000000000000000000000000000000000000000000000000000000000000000000000000000000000000000000000000000000000000000000000000000000000000000000000000000000000000000000000000000000000000000000000
310
0000000000000000000000000000000000000000000000000000000000000000000000000000000000000000000000000000000000000000000000000000000000000000000000000000000000000000000000000000FAFAFA000000000000000000000000000000F9F90000000000000000000000FAFAFAFA00000000FAFA
310
0000FAFAFAFA00F9F9F9F900F9F9F9F9F9F900000000FAFAFAFA00000000FAFAFAFAFAFAFAFA00F9F9F9F9F9F9F9F9F9F9F900000000FAFAFAFAFAFAFAFAFAFAFAFAFAFAFAFA00F9F9F9F9F9F9F9F9F9F9F900000000FAFAFAFAFAFAFAFAFAFA0000FAFAFAFA00F9F9F90000F9F9F9F9F9F900000000000000FAFA00FAFA00
310
00000000000000000000000000000000000000000000000000000000000000000000000000000000000000000000000000000000000000000000000000000000000000000000000000000000000000000000000000000000000000000000000000000000000000000000000000000000000000000000000000000000000000
310
00000000000000000000000000000000000000000000000000000000000000000000000000000000000000000000000000000000000000000000000000000000000000000000000000000000000000000000000000000000000000000000000000000000000000000000000000000000000000000000000000000000000000
310
00000000000000000000000000000000000000000000000000000000000000000000000000000000000000000000000000000000000000000000000000000000000000000000000000000000000000000000000000000000000000000000000000000000000000000000000000000000000000000000000000000000000000
310
0000000000000000000000000000000000000000000000000000000000000000000000000000000000000000000000000000000000000000
102
{BLKREFS
331
49B
102
}
1001
AcDbDynamicBlockGUID
1000
{344D250B-7A13-4F2C-B1DE-CAD1628A3468}
1001
AcDbBlockRepETag
1070
     1
1071
       14
  0
BLOCK_RECORD
  5
246
330
1
100
AcDbSymbolTableRecord
100
AcDbBlockTableRecord
  2
233
340
0
310
2800000020000000200000000100080000000000000400000000000000000000000000000000000000000000000080000080000000808000800000008000800080800000C0C0C000C0DCC000F0CAA6000020400000206000002080000020A0000020C0000020E00000400000004020000040400000406000004080000040A0
310
000040C0000040E00000600000006020000060400000606000006080000060A0000060C0000060E00000800000008020000080400000806000008080000080A0000080C0000080E00000A0000000A0200000A0400000A0600000A0800000A0A00000A0C00000A0E00000C0000000C0200000C0400000C0600000C0800000C0
310
A00000C0C00000C0E00000E0000000E0200000E0400000E0600000E0800000E0A00000E0C00000E0E00040000000400020004000400040006000400080004000A0004000C0004000E00040200000402020004020400040206000402080004020A0004020C0004020E000404000004040200040404000404060004040800040
310
40A0004040C0004040E00040600000406020004060400040606000406080004060A0004060C0004060E00040800000408020004080400040806000408080004080A0004080C0004080E00040A0000040A0200040A0400040A0600040A0800040A0A00040A0C00040A0E00040C0000040C0200040C0400040C0600040C08000
310
40C0A00040C0C00040C0E00040E0000040E0200040E0400040E0600040E0800040E0A00040E0C00040E0E00080000000800020008000400080006000800080008000A0008000C0008000E00080200000802020008020400080206000802080008020A0008020C0008020E00080400000804020008040400080406000804080
310
008040A0008040C0008040E00080600000806020008060400080606000806080008060A0008060C0008060E00080800000808020008080400080806000808080008080A0008080C0008080E00080A0000080A0200080A0400080A0600080A0800080A0A00080A0C00080A0E00080C0000080C0200080C0400080C0600080C0
310
800080C0A00080C0C00080C0E00080E0000080E0200080E0400080E0600080E0800080E0A00080E0C00080E0E000C0000000C0002000C0004000C0006000C0008000C000A000C000C000C000E000C0200000C0202000C0204000C0206000C0208000C020A000C020C000C020E000C0400000C0402000C0404000C0406000C0
310
408000C040A000C040C000C040E000C0600000C0602000C0604000C0606000C0608000C060A000C060C000C060E000C0800000C0802000C0804000C0806000C0808000C080A000C080C000C080E000C0A00000C0A02000C0A04000C0A06000C0A08000C0A0A000C0A0C000C0A0E000C0C00000C0C02000C0C04000C0C06000
310
C0C08000C0C0A000F0FBFF00A4A0A000808080000000FF0000FF000000FFFF00FF000000FF00FF00FFFF0000FFFFFF0000000000000000000000000000000000000000000000000000000000000000000000000000000000000000000000000000000000000000000000000000000000000000000000000000000000000000
310
00000000000000000000000000000000000000000000000000000000000000000000000000000000000000000000000000000000000000000000000000000000000000000000000000000000000000000000000000000000000000000000000000000000000000000000000000000000000000000000000000000000000000
310
00000000000000000000000000000000000000000000000000000000000000000000000000000000000000000000000000000000000000000000000000000000000000000000000000000000000000000000000000000000000000000000000000000000000000000000000000000000000000000000000000000000000000
310
0000000000000000000000000000000000000000000000000000000000000000000000000000000000000000000000000000000000000000000000000000000000000000000000000000000000000000000000000000FAFAFA000000000000000000000000000000F9F90000000000000000000000FAFAFAFA00000000FAFA
310
0000FAFAFAFA00F9F9F9F900F9F9F9F9F9F900000000FAFAFAFA00000000FAFAFAFAFAFAFAFA00F9F9F9F9F9F9F9F9F9F9F900000000FAFAFAFAFAFAFAFAFAFAFAFAFAFAFAFA00F9F9F9F9F9F9F9F9F9F9F900000000FAFAFAFAFAFAFAFAFAFA0000FAFAFAFA00F9F9F90000F9F9F9F9F9F900000000000000FAFA00FAFA00
310
00000000000000000000000000000000000000000000000000000000000000000000000000000000000000000000000000000000000000000000000000000000000000000000000000000000000000000000000000000000000000000000000000000000000000000000000000000000000000000000000000000000000000
310
00000000000000000000000000000000000000000000000000000000000000000000000000000000000000000000000000000000000000000000000000000000000000000000000000000000000000000000000000000000000000000000000000000000000000000000000000000000000000000000000000000000000000
310
00000000000000000000000000000000000000000000000000000000000000000000000000000000000000000000000000000000000000000000000000000000000000000000000000000000000000000000000000000000000000000000000000000000000000000000000000000000000000000000000000000000000000
310
0000000000000000000000000000000000000000000000000000000000000000000000000000000000000000000000000000000000000000
102
{BLKREFS
331
49C
102
}
1001
AcDbDynamicBlockGUID
1000
{5A143AF1-93BB-4D1A-AB16-DFAFD4B199C5}
1001
AcDbBlockRepETag
1070
     1
1071
       13
  0
BLOCK_RECORD
  5
251
330
1
100
AcDbSymbolTableRecord
100
AcDbBlockTableRecord
  2
271
340
0
310
2800000020000000200000000100080000000000000400000000000000000000000000000000000000000000000080000080000000808000800000008000800080800000C0C0C000C0DCC000F0CAA6000020400000206000002080000020A0000020C0000020E00000400000004020000040400000406000004080000040A0
310
000040C0000040E00000600000006020000060400000606000006080000060A0000060C0000060E00000800000008020000080400000806000008080000080A0000080C0000080E00000A0000000A0200000A0400000A0600000A0800000A0A00000A0C00000A0E00000C0000000C0200000C0400000C0600000C0800000C0
310
A00000C0C00000C0E00000E0000000E0200000E0400000E0600000E0800000E0A00000E0C00000E0E00040000000400020004000400040006000400080004000A0004000C0004000E00040200000402020004020400040206000402080004020A0004020C0004020E000404000004040200040404000404060004040800040
310
40A0004040C0004040E00040600000406020004060400040606000406080004060A0004060C0004060E00040800000408020004080400040806000408080004080A0004080C0004080E00040A0000040A0200040A0400040A0600040A0800040A0A00040A0C00040A0E00040C0000040C0200040C0400040C0600040C08000
310
40C0A00040C0C00040C0E00040E0000040E0200040E0400040E0600040E0800040E0A00040E0C00040E0E00080000000800020008000400080006000800080008000A0008000C0008000E00080200000802020008020400080206000802080008020A0008020C0008020E00080400000804020008040400080406000804080
310
008040A0008040C0008040E00080600000806020008060400080606000806080008060A0008060C0008060E00080800000808020008080400080806000808080008080A0008080C0008080E00080A0000080A0200080A0400080A0600080A0800080A0A00080A0C00080A0E00080C0000080C0200080C0400080C0600080C0
310
800080C0A00080C0C00080C0E00080E0000080E0200080E0400080E0600080E0800080E0A00080E0C00080E0E000C0000000C0002000C0004000C0006000C0008000C000A000C000C000C000E000C0200000C0202000C0204000C0206000C0208000C020A000C020C000C020E000C0400000C0402000C0404000C0406000C0
310
408000C040A000C040C000C040E000C0600000C0602000C0604000C0606000C0608000C060A000C060C000C060E000C0800000C0802000C0804000C0806000C0808000C080A000C080C000C080E000C0A00000C0A02000C0A04000C0A06000C0A08000C0A0A000C0A0C000C0A0E000C0C00000C0C02000C0C04000C0C06000
310
C0C08000C0C0A000F0FBFF00A4A0A000808080000000FF0000FF000000FFFF00FF000000FF00FF00FFFF0000FFFFFF0000000000000000000000000000000000000000000000000000000000000000000000000000000000000000000000000000000000000000000000000000000000000000000000000000000000000000
310
00000000000000000000000000000000000000000000000000000000000000000000000000000000000000000000000000000000000000000000000000000000000000000000000000000000000000000000000000000000000000000000000000000000000000000000000000000000000000000000000000000000000000
310
00000000000000000000000000000000000000000000000000000000000000000000000000000000000000000000000000000000000000000000000000000000000000000000000000000000000000000000000000000000000000000000000000000000000000000000000000000000000000000000000000000000000000
310
0000000000000000000000000000000000000000000000000000000000000000000000000000000000000000000000000000000000000000000000000000000000000000000000000000000000000000000000000000FAFAFA000000000000000000000000000000F9F90000000000000000000000FAFAFAFA00000000FAFA
310
0000FA00FAFA00F9F9F9F900F9F9F9F9F9F900000000FAFAFAFA00000000FAFAFAFAFA00FA0000F9F9F9F9F9F9F9F9F9F9F900000000FAFAFAFAFAFAFAFAFAFAFAFAFAFAFA0000F9F9F9F9F9F9F9F9F9F9F900000000FAFAFAFAFAFAFAFAFAFA0000FAFAFA0000F9F9F90000F9F9F9F9F9F900000000000000FAFA00FAFA00
310
00000000000000000000000000000000000000000000000000000000000000000000000000000000000000000000000000000000000000000000000000000000000000000000000000000000000000000000000000000000000000000000000000000000000000000000000000000000000000000000000000000000000000
310
00000000000000000000000000000000000000000000000000000000000000000000000000000000000000000000000000000000000000000000000000000000000000000000000000000000000000000000000000000000000000000000000000000000000000000000000000000000000000000000000000000000000000
310
00000000000000000000000000000000000000000000000000000000000000000000000000000000000000000000000000000000000000000000000000000000000000000000000000000000000000000000000000000000000000000000000000000000000000000000000000000000000000000000000000000000000000
310
0000000000000000000000000000000000000000000000000000000000000000000000000000000000000000000000000000000000000000
102
{BLKREFS
331
49D
102
}
1001
AcDbDynamicBlockGUID
1000
{81443992-BE9F-43C4-8901-678B5C945956}
1001
AcDbBlockRepETag
1070
     1
1071
       13
  0
BLOCK_RECORD
  5
25B
330
1
100
AcDbSymbolTableRecord
100
AcDbBlockTableRecord
  2
272
340
0
310
2800000020000000200000000100080000000000000400000000000000000000000000000000000000000000000080000080000000808000800000008000800080800000C0C0C000C0DCC000F0CAA6000020400000206000002080000020A0000020C0000020E00000400000004020000040400000406000004080000040A0
310
000040C0000040E00000600000006020000060400000606000006080000060A0000060C0000060E00000800000008020000080400000806000008080000080A0000080C0000080E00000A0000000A0200000A0400000A0600000A0800000A0A00000A0C00000A0E00000C0000000C0200000C0400000C0600000C0800000C0
310
A00000C0C00000C0E00000E0000000E0200000E0400000E0600000E0800000E0A00000E0C00000E0E00040000000400020004000400040006000400080004000A0004000C0004000E00040200000402020004020400040206000402080004020A0004020C0004020E000404000004040200040404000404060004040800040
310
40A0004040C0004040E00040600000406020004060400040606000406080004060A0004060C0004060E00040800000408020004080400040806000408080004080A0004080C0004080E00040A0000040A0200040A0400040A0600040A0800040A0A00040A0C00040A0E00040C0000040C0200040C0400040C0600040C08000
310
40C0A00040C0C00040C0E00040E0000040E0200040E0400040E0600040E0800040E0A00040E0C00040E0E00080000000800020008000400080006000800080008000A0008000C0008000E00080200000802020008020400080206000802080008020A0008020C0008020E00080400000804020008040400080406000804080
310
008040A0008040C0008040E00080600000806020008060400080606000806080008060A0008060C0008060E00080800000808020008080400080806000808080008080A0008080C0008080E00080A0000080A0200080A0400080A0600080A0800080A0A00080A0C00080A0E00080C0000080C0200080C0400080C0600080C0
310
800080C0A00080C0C00080C0E00080E0000080E0200080E0400080E0600080E0800080E0A00080E0C00080E0E000C0000000C0002000C0004000C0006000C0008000C000A000C000C000C000E000C0200000C0202000C0204000C0206000C0208000C020A000C020C000C020E000C0400000C0402000C0404000C0406000C0
310
408000C040A000C040C000C040E000C0600000C0602000C0604000C0606000C0608000C060A000C060C000C060E000C0800000C0802000C0804000C0806000C0808000C080A000C080C000C080E000C0A00000C0A02000C0A04000C0A06000C0A08000C0A0A000C0A0C000C0A0E000C0C00000C0C02000C0C04000C0C06000
310
C0C08000C0C0A000F0FBFF00A4A0A000808080000000FF0000FF000000FFFF00FF000000FF00FF00FFFF0000FFFFFF0000000000000000000000000000000000000000000000000000000000000000000000000000000000000000000000000000000000000000000000000000000000000000000000000000000000000000
310
00000000000000000000000000000000000000000000000000000000000000000000000000000000000000000000000000000000000000000000000000000000000000000000000000000000000000000000000000000000000000000000000000000000000000000000000000000000000000000000000000000000000000
310
00000000000000000000000000000000000000000000000000000000000000000000000000000000000000000000000000000000000000000000000000000000000000000000000000000000000000000000000000000000000000000000000000000000000000000000000000000000000000000000000000000000000000
310
0000000000000000000000000000000000000000000000000000000000000000000000000000000000000000000000000000000000000000000000000000000000000000000000000000000000000000000000000000FAFAFA000000000000000000000000000000F9F90000000000000000000000FAFAFAFA00000000FAFA
310
0000FAFAFAFA00F9F9F9F900F9F9F9F9F9F900000000FAFAFAFA00000000FAFAFAFAFA00FAFA00F9F9F9F9F9F9F9F9F9F9F900000000FAFAFAFAFAFAFAFAFAFAFAFAFAFAFAFA00F9F9F9F9F9F9F9F9F9F9F900000000FAFAFAFAFAFAFAFAFAFA0000FAFAFAFA00F9F9F90000F9F9F9F9F9F900000000000000FAFA00FAFA00
310
00000000000000000000000000000000000000000000000000000000000000000000000000000000000000000000000000000000000000000000000000000000000000000000000000000000000000000000000000000000000000000000000000000000000000000000000000000000000000000000000000000000000000
310
00000000000000000000000000000000000000000000000000000000000000000000000000000000000000000000000000000000000000000000000000000000000000000000000000000000000000000000000000000000000000000000000000000000000000000000000000000000000000000000000000000000000000
310
00000000000000000000000000000000000000000000000000000000000000000000000000000000000000000000000000000000000000000000000000000000000000000000000000000000000000000000000000000000000000000000000000000000000000000000000000000000000000000000000000000000000000
310
0000000000000000000000000000000000000000000000000000000000000000000000000000000000000000000000000000000000000000
102
{BLKREFS
331
49E
102
}
1001
AcDbDynamicBlockGUID
1000
{55CE9A4E-1CC5-4930-822F-B460CEA2597D}
1001
AcDbBlockRepETag
1070
     1
1071
       13
  0
BLOCK_RECORD
  5
265
330
1
100
AcDbSymbolTableRecord
100
AcDbBlockTableRecord
  2
273
340
0
310
2800000020000000200000000100080000000000000400000000000000000000000000000000000000000000000080000080000000808000800000008000800080800000C0C0C000C0DCC000F0CAA6000020400000206000002080000020A0000020C0000020E00000400000004020000040400000406000004080000040A0
310
000040C0000040E00000600000006020000060400000606000006080000060A0000060C0000060E00000800000008020000080400000806000008080000080A0000080C0000080E00000A0000000A0200000A0400000A0600000A0800000A0A00000A0C00000A0E00000C0000000C0200000C0400000C0600000C0800000C0
310
A00000C0C00000C0E00000E0000000E0200000E0400000E0600000E0800000E0A00000E0C00000E0E00040000000400020004000400040006000400080004000A0004000C0004000E00040200000402020004020400040206000402080004020A0004020C0004020E000404000004040200040404000404060004040800040
310
40A0004040C0004040E00040600000406020004060400040606000406080004060A0004060C0004060E00040800000408020004080400040806000408080004080A0004080C0004080E00040A0000040A0200040A0400040A0600040A0800040A0A00040A0C00040A0E00040C0000040C0200040C0400040C0600040C08000
310
40C0A00040C0C00040C0E00040E0000040E0200040E0400040E0600040E0800040E0A00040E0C00040E0E00080000000800020008000400080006000800080008000A0008000C0008000E00080200000802020008020400080206000802080008020A0008020C0008020E00080400000804020008040400080406000804080
310
008040A0008040C0008040E00080600000806020008060400080606000806080008060A0008060C0008060E00080800000808020008080400080806000808080008080A0008080C0008080E00080A0000080A0200080A0400080A0600080A0800080A0A00080A0C00080A0E00080C0000080C0200080C0400080C0600080C0
310
800080C0A00080C0C00080C0E00080E0000080E0200080E0400080E0600080E0800080E0A00080E0C00080E0E000C0000000C0002000C0004000C0006000C0008000C000A000C000C000C000E000C0200000C0202000C0204000C0206000C0208000C020A000C020C000C020E000C0400000C0402000C0404000C0406000C0
310
408000C040A000C040C000C040E000C0600000C0602000C0604000C0606000C0608000C060A000C060C000C060E000C0800000C0802000C0804000C0806000C0808000C080A000C080C000C080E000C0A00000C0A02000C0A04000C0A06000C0A08000C0A0A000C0A0C000C0A0E000C0C00000C0C02000C0C04000C0C06000
310
C0C08000C0C0A000F0FBFF00A4A0A000808080000000FF0000FF000000FFFF00FF000000FF00FF00FFFF0000FFFFFF0000000000000000000000000000000000000000000000000000000000000000000000000000000000000000000000000000000000000000000000000000000000000000000000000000000000000000
310
00000000000000000000000000000000000000000000000000000000000000000000000000000000000000000000000000000000000000000000000000000000000000000000000000000000000000000000000000000000000000000000000000000000000000000000000000000000000000000000000000000000000000
310
00000000000000000000000000000000000000000000000000000000000000000000000000000000000000000000000000000000000000000000000000000000000000000000000000000000000000000000000000000000000000000000000000000000000000000000000000000000000000000000000000000000000000
310
0000000000000000000000000000000000000000000000000000000000000000000000000000000000000000000000000000000000000000000000000000000000000000000000000000000000000000000000000000FAFAFA000000000000000000000000000000F9F90000000000000000000000FAFAFAFA00000000FAFA
310
0000FAFAFAFA00F9F9F9F900F9F9F9F9F9F900000000FAFAFAFA00000000FAFAFAFAFAFAFAFA00F9F9F9F9F9F9F9F9F9F9F900000000FAFAFAFAFAFAFAFAFAFAFAFAFAFAFAFA00F9F9F9F9F9F9F9F9F9F9F900000000FAFAFAFAFAFAFAFAFAFA0000FAFAFAFA00F9F9F90000F9F9F9F9F9F900000000000000FAFA00FAFA00
310
00000000000000000000000000000000000000000000000000000000000000000000000000000000000000000000000000000000000000000000000000000000000000000000000000000000000000000000000000000000000000000000000000000000000000000000000000000000000000000000000000000000000000
310
00000000000000000000000000000000000000000000000000000000000000000000000000000000000000000000000000000000000000000000000000000000000000000000000000000000000000000000000000000000000000000000000000000000000000000000000000000000000000000000000000000000000000
310
00000000000000000000000000000000000000000000000000000000000000000000000000000000000000000000000000000000000000000000000000000000000000000000000000000000000000000000000000000000000000000000000000000000000000000000000000000000000000000000000000000000000000
310
0000000000000000000000000000000000000000000000000000000000000000000000000000000000000000000000000000000000000000
102
{BLKREFS
331
49F
102
}
1001
AcDbDynamicBlockGUID
1000
{949E0258-F62E-48D0-BA62-290FBB0CD312}
1001
AcDbBlockRepETag
1070
     1
1071
       13
  0
BLOCK_RECORD
  5
26F
330
1
100
AcDbSymbolTableRecord
100
AcDbBlockTableRecord
  2
281
340
0
310
2800000020000000200000000100080000000000000400000000000000000000000000000000000000000000000080000080000000808000800000008000800080800000C0C0C000C0DCC000F0CAA6000020400000206000002080000020A0000020C0000020E00000400000004020000040400000406000004080000040A0
310
000040C0000040E00000600000006020000060400000606000006080000060A0000060C0000060E00000800000008020000080400000806000008080000080A0000080C0000080E00000A0000000A0200000A0400000A0600000A0800000A0A00000A0C00000A0E00000C0000000C0200000C0400000C0600000C0800000C0
310
A00000C0C00000C0E00000E0000000E0200000E0400000E0600000E0800000E0A00000E0C00000E0E00040000000400020004000400040006000400080004000A0004000C0004000E00040200000402020004020400040206000402080004020A0004020C0004020E000404000004040200040404000404060004040800040
310
40A0004040C0004040E00040600000406020004060400040606000406080004060A0004060C0004060E00040800000408020004080400040806000408080004080A0004080C0004080E00040A0000040A0200040A0400040A0600040A0800040A0A00040A0C00040A0E00040C0000040C0200040C0400040C0600040C08000
310
40C0A00040C0C00040C0E00040E0000040E0200040E0400040E0600040E0800040E0A00040E0C00040E0E00080000000800020008000400080006000800080008000A0008000C0008000E00080200000802020008020400080206000802080008020A0008020C0008020E00080400000804020008040400080406000804080
310
008040A0008040C0008040E00080600000806020008060400080606000806080008060A0008060C0008060E00080800000808020008080400080806000808080008080A0008080C0008080E00080A0000080A0200080A0400080A0600080A0800080A0A00080A0C00080A0E00080C0000080C0200080C0400080C0600080C0
310
800080C0A00080C0C00080C0E00080E0000080E0200080E0400080E0600080E0800080E0A00080E0C00080E0E000C0000000C0002000C0004000C0006000C0008000C000A000C000C000C000E000C0200000C0202000C0204000C0206000C0208000C020A000C020C000C020E000C0400000C0402000C0404000C0406000C0
310
408000C040A000C040C000C040E000C0600000C0602000C0604000C0606000C0608000C060A000C060C000C060E000C0800000C0802000C0804000C0806000C0808000C080A000C080C000C080E000C0A00000C0A02000C0A04000C0A06000C0A08000C0A0A000C0A0C000C0A0E000C0C00000C0C02000C0C04000C0C06000
310
C0C08000C0C0A000F0FBFF00A4A0A000808080000000FF0000FF000000FFFF00FF000000FF00FF00FFFF0000FFFFFF0000000000000000000000000000000000000000000000000000000000000000000000000000000000000000000000000000000000000000000000000000000000000000000000000000000000000000
310
00000000000000000000000000000000000000000000000000000000000000000000000000000000000000000000000000000000000000000000000000000000000000000000000000000000000000000000000000000000000000000000000000000000000000000000000000000000000000000000000000000000000000
310
00000000000000000000000000000000000000000000000000000000000000000000000000000000000000000000000000000000000000000000000000000000000000000000000000000000000000000000000000000000000000000000000000000000000000000000000000000000000000000000000000000000000000
310
000000000000000000000000000000000000000000000000000000000000000000000000000000000000000000000000000000000000000000000000000000000000000000000000000000F9000000000000000000FAFAFAFA0000000000FAFAFA0000FA00FAFA0000F9F9F9F90000F90000000000FAFAFAFA0000000000FA
310
FAFA00FAFAFAFAFA0000F9F9F9F90000F90000000000FAFA00FA000000000000FAFAFAFAFAFAFAFA00F9F9F9F9F9F9F9F90000000000FAFAFAFAFA00FAFAFAFAFAFAFAFAFAFAFAFA00F9F9F900F9F9F900F900000000FAFAFAFAFAFAFAFAFAFAFAFA0000FAFAFAFA00F9F9F9F900000000F9000000000000FAFAFAFAFAFAFA
310
000000000000000000000000000000000000F90000000000000000FA000000FA0000000000000000000000000000000000000000000000000000000000000000000000000000000000000000000000000000000000000000000000000000000000000000000000000000000000000000000000000000000000000000000000
310
00000000000000000000000000000000000000000000000000000000000000000000000000000000000000000000000000000000000000000000000000000000000000000000000000000000000000000000000000000000000000000000000000000000000000000000000000000000000000000000000000000000000000
310
00000000000000000000000000000000000000000000000000000000000000000000000000000000000000000000000000000000000000000000000000000000000000000000000000000000000000000000000000000000000000000000000000000000000000000000000000000000000000000000000000000000000000
310
0000000000000000000000000000000000000000000000000000000000000000000000000000000000000000000000000000000000000000
102
{BLKREFS
331
4A0
102
}
1001
AcDbDynamicBlockGUID
1000
{5E5C3A13-0F90-478B-BD42-A55B4E0C5FE0}
1001
AcDbBlockRepETag
1070
     1
1071
       13
  0
BLOCK_RECORD
  5
279
330
1
100
AcDbSymbolTableRecord
100
AcDbBlockTableRecord
  2
282
340
0
310
2800000020000000200000000100080000000000000400000000000000000000000000000000000000000000000080000080000000808000800000008000800080800000C0C0C000C0DCC000F0CAA6000020400000206000002080000020A0000020C0000020E00000400000004020000040400000406000004080000040A0
310
000040C0000040E00000600000006020000060400000606000006080000060A0000060C0000060E00000800000008020000080400000806000008080000080A0000080C0000080E00000A0000000A0200000A0400000A0600000A0800000A0A00000A0C00000A0E00000C0000000C0200000C0400000C0600000C0800000C0
310
A00000C0C00000C0E00000E0000000E0200000E0400000E0600000E0800000E0A00000E0C00000E0E00040000000400020004000400040006000400080004000A0004000C0004000E00040200000402020004020400040206000402080004020A0004020C0004020E000404000004040200040404000404060004040800040
310
40A0004040C0004040E00040600000406020004060400040606000406080004060A0004060C0004060E00040800000408020004080400040806000408080004080A0004080C0004080E00040A0000040A0200040A0400040A0600040A0800040A0A00040A0C00040A0E00040C0000040C0200040C0400040C0600040C08000
310
40C0A00040C0C00040C0E00040E0000040E0200040E0400040E0600040E0800040E0A00040E0C00040E0E00080000000800020008000400080006000800080008000A0008000C0008000E00080200000802020008020400080206000802080008020A0008020C0008020E00080400000804020008040400080406000804080
310
008040A0008040C0008040E00080600000806020008060400080606000806080008060A0008060C0008060E00080800000808020008080400080806000808080008080A0008080C0008080E00080A0000080A0200080A0400080A0600080A0800080A0A00080A0C00080A0E00080C0000080C0200080C0400080C0600080C0
310
800080C0A00080C0C00080C0E00080E0000080E0200080E0400080E0600080E0800080E0A00080E0C00080E0E000C0000000C0002000C0004000C0006000C0008000C000A000C000C000C000E000C0200000C0202000C0204000C0206000C0208000C020A000C020C000C020E000C0400000C0402000C0404000C0406000C0
310
408000C040A000C040C000C040E000C0600000C0602000C0604000C0606000C0608000C060A000C060C000C060E000C0800000C0802000C0804000C0806000C0808000C080A000C080C000C080E000C0A00000C0A02000C0A04000C0A06000C0A08000C0A0A000C0A0C000C0A0E000C0C00000C0C02000C0C04000C0C06000
310
C0C08000C0C0A000F0FBFF00A4A0A000808080000000FF0000FF000000FFFF00FF000000FF00FF00FFFF0000FFFFFF0000000000000000000000000000000000000000000000000000000000000000000000000000000000000000000000000000000000000000000000000000000000000000000000000000000000000000
310
00000000000000000000000000000000000000000000000000000000000000000000000000000000000000000000000000000000000000000000000000000000000000000000000000000000000000000000000000000000000000000000000000000000000000000000000000000000000000000000000000000000000000
310
00000000000000000000000000000000000000000000000000000000000000000000000000000000000000000000000000000000000000000000000000000000000000000000000000000000000000000000000000000000000000000000000000000000000000000000000000000000000000000000000000000000000000
310
00000000000000000000000000000000000000000000000000000000000000000000000000000000000000000000000000000000000000000000000000000000000000000000000000000000000000000000000000FAFAFAFA00000000000000000000000000000000F9F900000000000000000000FAFAFAFA00000000FAFA
310
FA00FAFAFAFAFA00F9F9F9F90000F9F9F9F900000000FAFA00FA0000000000FAFAFAFAFAFAFAFA00F900F9F9F9F9F9F9F9F900000000FAFAFAFAFAFAFAFAFAFAFAFAFAFAFAFAFA00F9F9F900F9F9F9F9F9F900000000FAFAFAFAFAFAFAFA00FAFA0000FAFAFAFA0000F9F9000000F9F9F9F9000000000000FAFA00FAFAFA00
310
00000000000000000000000000000000000000000000000000000000000000000000000000000000000000000000000000000000000000000000000000000000000000000000000000000000000000000000000000000000000000000000000000000000000000000000000000000000000000000000000000000000000000
310
00000000000000000000000000000000000000000000000000000000000000000000000000000000000000000000000000000000000000000000000000000000000000000000000000000000000000000000000000000000000000000000000000000000000000000000000000000000000000000000000000000000000000
310
00000000000000000000000000000000000000000000000000000000000000000000000000000000000000000000000000000000000000000000000000000000000000000000000000000000000000000000000000000000000000000000000000000000000000000000000000000000000000000000000000000000000000
310
0000000000000000000000000000000000000000000000000000000000000000000000000000000000000000000000000000000000000000
102
{BLKREFS
331
4A2
102
}
1001
AcDbDynamicBlockGUID
1000
{B01948BC-E140-48BB-81C6-1BE3553EBBA2}
1001
AcDbBlockRepETag
1070
     1
1071
       12
  0
BLOCK_RECORD
  5
283
330
1
100
AcDbSymbolTableRecord
100
AcDbBlockTableRecord
  2
283
340
0
310
2800000020000000200000000100080000000000000400000000000000000000000000000000000000000000000080000080000000808000800000008000800080800000C0C0C000C0DCC000F0CAA6000020400000206000002080000020A0000020C0000020E00000400000004020000040400000406000004080000040A0
310
000040C0000040E00000600000006020000060400000606000006080000060A0000060C0000060E00000800000008020000080400000806000008080000080A0000080C0000080E00000A0000000A0200000A0400000A0600000A0800000A0A00000A0C00000A0E00000C0000000C0200000C0400000C0600000C0800000C0
310
A00000C0C00000C0E00000E0000000E0200000E0400000E0600000E0800000E0A00000E0C00000E0E00040000000400020004000400040006000400080004000A0004000C0004000E00040200000402020004020400040206000402080004020A0004020C0004020E000404000004040200040404000404060004040800040
310
40A0004040C0004040E00040600000406020004060400040606000406080004060A0004060C0004060E00040800000408020004080400040806000408080004080A0004080C0004080E00040A0000040A0200040A0400040A0600040A0800040A0A00040A0C00040A0E00040C0000040C0200040C0400040C0600040C08000
310
40C0A00040C0C00040C0E00040E0000040E0200040E0400040E0600040E0800040E0A00040E0C00040E0E00080000000800020008000400080006000800080008000A0008000C0008000E00080200000802020008020400080206000802080008020A0008020C0008020E00080400000804020008040400080406000804080
310
008040A0008040C0008040E00080600000806020008060400080606000806080008060A0008060C0008060E00080800000808020008080400080806000808080008080A0008080C0008080E00080A0000080A0200080A0400080A0600080A0800080A0A00080A0C00080A0E00080C0000080C0200080C0400080C0600080C0
310
800080C0A00080C0C00080C0E00080E0000080E0200080E0400080E0600080E0800080E0A00080E0C00080E0E000C0000000C0002000C0004000C0006000C0008000C000A000C000C000C000E000C0200000C0202000C0204000C0206000C0208000C020A000C020C000C020E000C0400000C0402000C0404000C0406000C0
310
408000C040A000C040C000C040E000C0600000C0602000C0604000C0606000C0608000C060A000C060C000C060E000C0800000C0802000C0804000C0806000C0808000C080A000C080C000C080E000C0A00000C0A02000C0A04000C0A06000C0A08000C0A0A000C0A0C000C0A0E000C0C00000C0C02000C0C04000C0C06000
310
C0C08000C0C0A000F0FBFF00A4A0A000808080000000FF0000FF000000FFFF00FF000000FF00FF00FFFF0000FFFFFF0000000000000000000000000000000000000000000000000000000000000000000000000000000000000000000000000000000000000000000000000000000000000000000000000000000000000000
310
00000000000000000000000000000000000000000000000000000000000000000000000000000000000000000000000000000000000000000000000000000000000000000000000000000000000000000000000000000000000000000000000000000000000000000000000000000000000000000000000000000000000000
310
00000000000000000000000000000000000000000000000000000000000000000000000000000000000000000000000000000000000000000000000000000000000000000000000000000000000000000000000000000000000000000000000000000000000000000000000000000000000000000000000000000000000000
310
0000000000000000000000000000000000000000000000000000000000000000000000000000000000000000000000000000000000000000000000000000000000000000000000000000000000000000000000000000FAFAFA000000000000000000000000000000F9F90000000000000000000000FAFAFAFA00000000FAFA
310
0000FAFAFAFA00F9F9F9F900F9F9F9F9F9F900000000FAFAFAFA00000000FAFAFAFAFAFAFAFA00F9F9F9F9F9F9F9F9F9F9F900000000FAFAFAFAFAFAFAFAFAFAFAFAFAFAFAFA00F9F9F9F9F9F9F9F9F9F9F900000000FAFAFAFAFAFAFAFAFAFA0000FAFAFAFA00F9F9F90000F9F9F9F9F9F900000000000000FAFA00FAFA00
310
00000000000000000000000000000000000000000000000000000000000000000000000000000000000000000000000000000000000000000000000000000000000000000000000000000000000000000000000000000000000000000000000000000000000000000000000000000000000000000000000000000000000000
310
00000000000000000000000000000000000000000000000000000000000000000000000000000000000000000000000000000000000000000000000000000000000000000000000000000000000000000000000000000000000000000000000000000000000000000000000000000000000000000000000000000000000000
310
00000000000000000000000000000000000000000000000000000000000000000000000000000000000000000000000000000000000000000000000000000000000000000000000000000000000000000000000000000000000000000000000000000000000000000000000000000000000000000000000000000000000000
310
0000000000000000000000000000000000000000000000000000000000000000000000000000000000000000000000000000000000000000
102
{BLKREFS
331
4A3
102
}
1001
AcDbDynamicBlockGUID
1000
{B1C56C54-6290-4614-90B2-2E2F9E2FEA9B}
1001
AcDbBlockRepETag
1070
     1
1071
       12
  0
BLOCK_RECORD
  5
28D
330
1
100
AcDbSymbolTableRecord
100
AcDbBlockTableRecord
  2
284
340
0
310
2800000020000000200000000100080000000000000400000000000000000000000000000000000000000000000080000080000000808000800000008000800080800000C0C0C000C0DCC000F0CAA6000020400000206000002080000020A0000020C0000020E00000400000004020000040400000406000004080000040A0
310
000040C0000040E00000600000006020000060400000606000006080000060A0000060C0000060E00000800000008020000080400000806000008080000080A0000080C0000080E00000A0000000A0200000A0400000A0600000A0800000A0A00000A0C00000A0E00000C0000000C0200000C0400000C0600000C0800000C0
310
A00000C0C00000C0E00000E0000000E0200000E0400000E0600000E0800000E0A00000E0C00000E0E00040000000400020004000400040006000400080004000A0004000C0004000E00040200000402020004020400040206000402080004020A0004020C0004020E000404000004040200040404000404060004040800040
310
40A0004040C0004040E00040600000406020004060400040606000406080004060A0004060C0004060E00040800000408020004080400040806000408080004080A0004080C0004080E00040A0000040A0200040A0400040A0600040A0800040A0A00040A0C00040A0E00040C0000040C0200040C0400040C0600040C08000
310
40C0A00040C0C00040C0E00040E0000040E0200040E0400040E0600040E0800040E0A00040E0C00040E0E00080000000800020008000400080006000800080008000A0008000C0008000E00080200000802020008020400080206000802080008020A0008020C0008020E00080400000804020008040400080406000804080
310
008040A0008040C0008040E00080600000806020008060400080606000806080008060A0008060C0008060E00080800000808020008080400080806000808080008080A0008080C0008080E00080A0000080A0200080A0400080A0600080A0800080A0A00080A0C00080A0E00080C0000080C0200080C0400080C0600080C0
310
800080C0A00080C0C00080C0E00080E0000080E0200080E0400080E0600080E0800080E0A00080E0C00080E0E000C0000000C0002000C0004000C0006000C0008000C000A000C000C000C000E000C0200000C0202000C0204000C0206000C0208000C020A000C020C000C020E000C0400000C0402000C0404000C0406000C0
310
408000C040A000C040C000C040E000C0600000C0602000C0604000C0606000C0608000C060A000C060C000C060E000C0800000C0802000C0804000C0806000C0808000C080A000C080C000C080E000C0A00000C0A02000C0A04000C0A06000C0A08000C0A0A000C0A0C000C0A0E000C0C00000C0C02000C0C04000C0C06000
310
C0C08000C0C0A000F0FBFF00A4A0A000808080000000FF0000FF000000FFFF00FF000000FF00FF00FFFF0000FFFFFF0000000000000000000000000000000000000000000000000000000000000000000000000000000000000000000000000000000000000000000000000000000000000000000000000000000000000000
310
00000000000000000000000000000000000000000000000000000000000000000000000000000000000000000000000000000000000000000000000000000000000000000000000000000000000000000000000000000000000000000000000000000000000000000000000000000000000000000000000000000000000000
310
00000000000000000000000000000000000000000000000000000000000000000000000000000000000000000000000000000000000000000000000000000000000000000000000000000000000000000000000000000000000000000000000000000000000000000000000000000000000000000000000000000000000000
310
0000000000000000000000000000000000000000000000000000000000000000000000000000000000000000000000000000000000000000000000000000000000000000000000000000000000000000000000000000FAFAFA000000000000000000000000000000F9F90000000000000000000000FAFAFAFA00000000FAFA
310
0000FAFAFAFA00F9F9F9F900F9F9F9F9F9F900000000FAFAFAFA00000000FAFAFAFAFAFAFAFA00F9F9F9F9F9F9F9F9F9F9F900000000FAFAFAFAFAFAFAFAFAFAFAFAFAFAFAFA00F9F9F9F9F9F9F9F9F9F9F900000000FAFAFAFAFAFAFAFAFAFA0000FAFAFAFA00F9F9F90000F9F9F9F9F9F900000000000000FAFA00FAFA00
310
00000000000000000000000000000000000000000000000000000000000000000000000000000000000000000000000000000000000000000000000000000000000000000000000000000000000000000000000000000000000000000000000000000000000000000000000000000000000000000000000000000000000000
310
00000000000000000000000000000000000000000000000000000000000000000000000000000000000000000000000000000000000000000000000000000000000000000000000000000000000000000000000000000000000000000000000000000000000000000000000000000000000000000000000000000000000000
310
00000000000000000000000000000000000000000000000000000000000000000000000000000000000000000000000000000000000000000000000000000000000000000000000000000000000000000000000000000000000000000000000000000000000000000000000000000000000000000000000000000000000000
310
0000000000000000000000000000000000000000000000000000000000000000000000000000000000000000000000000000000000000000
102
{BLKREFS
331
4A4
102
}
1001
AcDbDynamicBlockGUID
1000
{D94C955F-0EC2-424F-9B31-1D103C86B7ED}
1001
AcDbBlockRepETag
1070
     1
1071
       12
  0
BLOCK_RECORD
  5
297
330
1
100
AcDbSymbolTableRecord
100
AcDbBlockTableRecord
  2
291
340
0
310
2800000020000000200000000100080000000000000400000000000000000000000000000000000000000000000080000080000000808000800000008000800080800000C0C0C000C0DCC000F0CAA6000020400000206000002080000020A0000020C0000020E00000400000004020000040400000406000004080000040A0
310
000040C0000040E00000600000006020000060400000606000006080000060A0000060C0000060E00000800000008020000080400000806000008080000080A0000080C0000080E00000A0000000A0200000A0400000A0600000A0800000A0A00000A0C00000A0E00000C0000000C0200000C0400000C0600000C0800000C0
310
A00000C0C00000C0E00000E0000000E0200000E0400000E0600000E0800000E0A00000E0C00000E0E00040000000400020004000400040006000400080004000A0004000C0004000E00040200000402020004020400040206000402080004020A0004020C0004020E000404000004040200040404000404060004040800040
310
40A0004040C0004040E00040600000406020004060400040606000406080004060A0004060C0004060E00040800000408020004080400040806000408080004080A0004080C0004080E00040A0000040A0200040A0400040A0600040A0800040A0A00040A0C00040A0E00040C0000040C0200040C0400040C0600040C08000
310
40C0A00040C0C00040C0E00040E0000040E0200040E0400040E0600040E0800040E0A00040E0C00040E0E00080000000800020008000400080006000800080008000A0008000C0008000E00080200000802020008020400080206000802080008020A0008020C0008020E00080400000804020008040400080406000804080
310
008040A0008040C0008040E00080600000806020008060400080606000806080008060A0008060C0008060E00080800000808020008080400080806000808080008080A0008080C0008080E00080A0000080A0200080A0400080A0600080A0800080A0A00080A0C00080A0E00080C0000080C0200080C0400080C0600080C0
310
800080C0A00080C0C00080C0E00080E0000080E0200080E0400080E0600080E0800080E0A00080E0C00080E0E000C0000000C0002000C0004000C0006000C0008000C000A000C000C000C000E000C0200000C0202000C0204000C0206000C0208000C020A000C020C000C020E000C0400000C0402000C0404000C0406000C0
310
408000C040A000C040C000C040E000C0600000C0602000C0604000C0606000C0608000C060A000C060C000C060E000C0800000C0802000C0804000C0806000C0808000C080A000C080C000C080E000C0A00000C0A02000C0A04000C0A06000C0A08000C0A0A000C0A0C000C0A0E000C0C00000C0C02000C0C04000C0C06000
310
C0C08000C0C0A000F0FBFF00A4A0A000808080000000FF0000FF000000FFFF00FF000000FF00FF00FFFF0000FFFFFF0000000000000000000000000000000000000000000000000000000000000000000000000000000000000000000000000000000000000000000000000000000000000000000000000000000000000000
310
00000000000000000000000000000000000000000000000000000000000000000000000000000000000000000000000000000000000000000000000000000000000000000000000000000000000000000000000000000000000000000000000000000000000000000000000000000000000000000000000000000000000000
310
00000000000000000000000000000000000000000000000000000000000000000000000000000000000000000000000000000000000000000000000000000000000000000000000000000000000000000000000000000000000000000000000000000000000000000000000000000000000000000000000000000000000000
310
000000000000000000000000000000000000000000000000000000000000000000000000000000000000000000000000000000000000000000000000000000000000000000000000000000F9000000000000000000FAFAFAFA0000000000FAFAFA0000FA00FAFA0000F9F9F9F90000F90000000000FAFAFAFA0000000000FA
310
FAFA0000FAFAFAFA0000F9F9F9F90000F90000000000FAFA00FA000000000000FAFAFAFAFAFAFAFA00F9F9F9F9F9F9F9F90000000000FAFAFAFAFA00FAFAFAFAFAFAFAFAFAFAFAFA00F9F9F900F9F9F900F900000000FAFAFAFAFAFAFAFAFAFAFAFA00FAFAFAFAFA00F9F9F9F900000000F9000000000000FAFAFAFAFAFAFA
310
000000000000000000000000000000000000F90000000000000000FA000000FA0000000000000000000000000000000000000000000000000000000000000000000000000000000000000000000000000000000000000000000000000000000000000000000000000000000000000000000000000000000000000000000000
310
00000000000000000000000000000000000000000000000000000000000000000000000000000000000000000000000000000000000000000000000000000000000000000000000000000000000000000000000000000000000000000000000000000000000000000000000000000000000000000000000000000000000000
310
00000000000000000000000000000000000000000000000000000000000000000000000000000000000000000000000000000000000000000000000000000000000000000000000000000000000000000000000000000000000000000000000000000000000000000000000000000000000000000000000000000000000000
310
0000000000000000000000000000000000000000000000000000000000000000000000000000000000000000000000000000000000000000
102
{BLKREFS
331
4A6
102
}
1001
AcDbDynamicBlockGUID
1000
{907DD545-5C66-474D-A6F6-519E66D1996F}
1001
AcDbBlockRepETag
1070
     1
1071
       12
  0
BLOCK_RECORD
  5
2A1
330
1
100
AcDbSymbolTableRecord
100
AcDbBlockTableRecord
  2
292
340
0
310
2800000020000000200000000100080000000000000400000000000000000000000000000000000000000000000080000080000000808000800000008000800080800000C0C0C000C0DCC000F0CAA6000020400000206000002080000020A0000020C0000020E00000400000004020000040400000406000004080000040A0
310
000040C0000040E00000600000006020000060400000606000006080000060A0000060C0000060E00000800000008020000080400000806000008080000080A0000080C0000080E00000A0000000A0200000A0400000A0600000A0800000A0A00000A0C00000A0E00000C0000000C0200000C0400000C0600000C0800000C0
310
A00000C0C00000C0E00000E0000000E0200000E0400000E0600000E0800000E0A00000E0C00000E0E00040000000400020004000400040006000400080004000A0004000C0004000E00040200000402020004020400040206000402080004020A0004020C0004020E000404000004040200040404000404060004040800040
310
40A0004040C0004040E00040600000406020004060400040606000406080004060A0004060C0004060E00040800000408020004080400040806000408080004080A0004080C0004080E00040A0000040A0200040A0400040A0600040A0800040A0A00040A0C00040A0E00040C0000040C0200040C0400040C0600040C08000
310
40C0A00040C0C00040C0E00040E0000040E0200040E0400040E0600040E0800040E0A00040E0C00040E0E00080000000800020008000400080006000800080008000A0008000C0008000E00080200000802020008020400080206000802080008020A0008020C0008020E00080400000804020008040400080406000804080
310
008040A0008040C0008040E00080600000806020008060400080606000806080008060A0008060C0008060E00080800000808020008080400080806000808080008080A0008080C0008080E00080A0000080A0200080A0400080A0600080A0800080A0A00080A0C00080A0E00080C0000080C0200080C0400080C0600080C0
310
800080C0A00080C0C00080C0E00080E0000080E0200080E0400080E0600080E0800080E0A00080E0C00080E0E000C0000000C0002000C0004000C0006000C0008000C000A000C000C000C000E000C0200000C0202000C0204000C0206000C0208000C020A000C020C000C020E000C0400000C0402000C0404000C0406000C0
310
408000C040A000C040C000C040E000C0600000C0602000C0604000C0606000C0608000C060A000C060C000C060E000C0800000C0802000C0804000C0806000C0808000C080A000C080C000C080E000C0A00000C0A02000C0A04000C0A06000C0A08000C0A0A000C0A0C000C0A0E000C0C00000C0C02000C0C04000C0C06000
310
C0C08000C0C0A000F0FBFF00A4A0A000808080000000FF0000FF000000FFFF00FF000000FF00FF00FFFF0000FFFFFF0000000000000000000000000000000000000000000000000000000000000000000000000000000000000000000000000000000000000000000000000000000000000000000000000000000000000000
310
00000000000000000000000000000000000000000000000000000000000000000000000000000000000000000000000000000000000000000000000000000000000000000000000000000000000000000000000000000000000000000000000000000000000000000000000000000000000000000000000000000000000000
310
00000000000000000000000000000000000000000000000000000000000000000000000000000000000000000000000000000000000000000000000000000000000000000000000000000000000000000000000000000000000000000000000000000000000000000000000000000000000000000000000000000000000000
310
0000000000000000000000000000000000000000000000000000000000000000000000000000000000000000000000000000000000000000000000000000000000000000000000000000000000000000000000000000FAFAFA000000000000000000000000000000F9F90000000000000000000000FAFAFAFA00000000FAFA
310
0000FAFAFAFA00F9F9F9F900F9F9F9F9F9F900000000FAFAFAFA00000000FAFAFAFAFAFAFAFA00F9F9F9F9F9F9F9F9F9F9F900000000FAFAFAFAFAFAFAFAFAFAFAFAFAFAFAFA00F9F9F9F9F9F9F9F9F9F9F900000000FAFAFAFAFAFAFAFAFAFA0000FAFAFAFA00F9F9F90000F9F9F9F9F9F900000000000000FAFA00FAFA00
310
00000000000000000000000000000000000000000000000000000000000000000000000000000000000000000000000000000000000000000000000000000000000000000000000000000000000000000000000000000000000000000000000000000000000000000000000000000000000000000000000000000000000000
310
00000000000000000000000000000000000000000000000000000000000000000000000000000000000000000000000000000000000000000000000000000000000000000000000000000000000000000000000000000000000000000000000000000000000000000000000000000000000000000000000000000000000000
310
00000000000000000000000000000000000000000000000000000000000000000000000000000000000000000000000000000000000000000000000000000000000000000000000000000000000000000000000000000000000000000000000000000000000000000000000000000000000000000000000000000000000000
310
0000000000000000000000000000000000000000000000000000000000000000000000000000000000000000000000000000000000000000
102
{BLKREFS
331
4A7
102
}
1001
AcDbDynamicBlockGUID
1000
{A7F58FE5-3EB8-4CE3-8D05-07BAD3D4913F}
1001
AcDbBlockRepETag
1070
     1
1071
       12
  0
BLOCK_RECORD
  5
2AB
330
1
100
AcDbSymbolTableRecord
100
AcDbBlockTableRecord
  2
293
340
0
310
2800000020000000200000000100080000000000000400000000000000000000000000000000000000000000000080000080000000808000800000008000800080800000C0C0C000C0DCC000F0CAA6000020400000206000002080000020A0000020C0000020E00000400000004020000040400000406000004080000040A0
310
000040C0000040E00000600000006020000060400000606000006080000060A0000060C0000060E00000800000008020000080400000806000008080000080A0000080C0000080E00000A0000000A0200000A0400000A0600000A0800000A0A00000A0C00000A0E00000C0000000C0200000C0400000C0600000C0800000C0
310
A00000C0C00000C0E00000E0000000E0200000E0400000E0600000E0800000E0A00000E0C00000E0E00040000000400020004000400040006000400080004000A0004000C0004000E00040200000402020004020400040206000402080004020A0004020C0004020E000404000004040200040404000404060004040800040
310
40A0004040C0004040E00040600000406020004060400040606000406080004060A0004060C0004060E00040800000408020004080400040806000408080004080A0004080C0004080E00040A0000040A0200040A0400040A0600040A0800040A0A00040A0C00040A0E00040C0000040C0200040C0400040C0600040C08000
310
40C0A00040C0C00040C0E00040E0000040E0200040E0400040E0600040E0800040E0A00040E0C00040E0E00080000000800020008000400080006000800080008000A0008000C0008000E00080200000802020008020400080206000802080008020A0008020C0008020E00080400000804020008040400080406000804080
310
008040A0008040C0008040E00080600000806020008060400080606000806080008060A0008060C0008060E00080800000808020008080400080806000808080008080A0008080C0008080E00080A0000080A0200080A0400080A0600080A0800080A0A00080A0C00080A0E00080C0000080C0200080C0400080C0600080C0
310
800080C0A00080C0C00080C0E00080E0000080E0200080E0400080E0600080E0800080E0A00080E0C00080E0E000C0000000C0002000C0004000C0006000C0008000C000A000C000C000C000E000C0200000C0202000C0204000C0206000C0208000C020A000C020C000C020E000C0400000C0402000C0404000C0406000C0
310
408000C040A000C040C000C040E000C0600000C0602000C0604000C0606000C0608000C060A000C060C000C060E000C0800000C0802000C0804000C0806000C0808000C080A000C080C000C080E000C0A00000C0A02000C0A04000C0A06000C0A08000C0A0A000C0A0C000C0A0E000C0C00000C0C02000C0C04000C0C06000
310
C0C08000C0C0A000F0FBFF00A4A0A000808080000000FF0000FF000000FFFF00FF000000FF00FF00FFFF0000FFFFFF0000000000000000000000000000000000000000000000000000000000000000000000000000000000000000000000000000000000000000000000000000000000000000000000000000000000000000
310
00000000000000000000000000000000000000000000000000000000000000000000000000000000000000000000000000000000000000000000000000000000000000000000000000000000000000000000000000000000000000000000000000000000000000000000000000000000000000000000000000000000000000
310
00000000000000000000000000000000000000000000000000000000000000000000000000000000000000000000000000000000000000000000000000000000000000000000000000000000000000000000000000000000000000000000000000000000000000000000000000000000000000000000000000000000000000
310
0000000000000000000000000000000000000000000000000000000000000000000000000000000000000000000000000000000000000000000000000000000000000000000000000000000000000000000000000000FAFAFA000000000000000000000000000000F9F90000000000000000000000FAFAFAFA00000000FAFA
310
0000FAFAFAFA00F9F9F9F900F9F9F9F9F9F900000000FAFAFAFA00000000FAFAFAFAFAFAFAFA00F9F9F9F9F9F9F9F9F9F9F900000000FAFAFAFAFAFAFAFAFAFAFAFAFAFAFAFA00F9F9F9F9F9F9F9F9F9F9F900000000FAFAFAFAFAFAFAFAFAFA0000FAFAFAFA00F9F9F90000F9F9F9F9F9F900000000000000FAFA00FAFA00
310
00000000000000000000000000000000000000000000000000000000000000000000000000000000000000000000000000000000000000000000000000000000000000000000000000000000000000000000000000000000000000000000000000000000000000000000000000000000000000000000000000000000000000
310
00000000000000000000000000000000000000000000000000000000000000000000000000000000000000000000000000000000000000000000000000000000000000000000000000000000000000000000000000000000000000000000000000000000000000000000000000000000000000000000000000000000000000
310
00000000000000000000000000000000000000000000000000000000000000000000000000000000000000000000000000000000000000000000000000000000000000000000000000000000000000000000000000000000000000000000000000000000000000000000000000000000000000000000000000000000000000
310
0000000000000000000000000000000000000000000000000000000000000000000000000000000000000000000000000000000000000000
102
{BLKREFS
331
4A8
102
}
1001
AcDbDynamicBlockGUID
1000
{781EDC5A-C23A-4497-A8A9-FD5A41F701E1}
1001
AcDbBlockRepETag
1070
     1
1071
       12
  0
BLOCK_RECORD
  5
2B5
330
1
100
AcDbSymbolTableRecord
100
AcDbBlockTableRecord
  2
294
340
0
310
2800000020000000200000000100080000000000000400000000000000000000000000000000000000000000000080000080000000808000800000008000800080800000C0C0C000C0DCC000F0CAA6000020400000206000002080000020A0000020C0000020E00000400000004020000040400000406000004080000040A0
310
000040C0000040E00000600000006020000060400000606000006080000060A0000060C0000060E00000800000008020000080400000806000008080000080A0000080C0000080E00000A0000000A0200000A0400000A0600000A0800000A0A00000A0C00000A0E00000C0000000C0200000C0400000C0600000C0800000C0
310
A00000C0C00000C0E00000E0000000E0200000E0400000E0600000E0800000E0A00000E0C00000E0E00040000000400020004000400040006000400080004000A0004000C0004000E00040200000402020004020400040206000402080004020A0004020C0004020E000404000004040200040404000404060004040800040
310
40A0004040C0004040E00040600000406020004060400040606000406080004060A0004060C0004060E00040800000408020004080400040806000408080004080A0004080C0004080E00040A0000040A0200040A0400040A0600040A0800040A0A00040A0C00040A0E00040C0000040C0200040C0400040C0600040C08000
310
40C0A00040C0C00040C0E00040E0000040E0200040E0400040E0600040E0800040E0A00040E0C00040E0E00080000000800020008000400080006000800080008000A0008000C0008000E00080200000802020008020400080206000802080008020A0008020C0008020E00080400000804020008040400080406000804080
310
008040A0008040C0008040E00080600000806020008060400080606000806080008060A0008060C0008060E00080800000808020008080400080806000808080008080A0008080C0008080E00080A0000080A0200080A0400080A0600080A0800080A0A00080A0C00080A0E00080C0000080C0200080C0400080C0600080C0
310
800080C0A00080C0C00080C0E00080E0000080E0200080E0400080E0600080E0800080E0A00080E0C00080E0E000C0000000C0002000C0004000C0006000C0008000C000A000C000C000C000E000C0200000C0202000C0204000C0206000C0208000C020A000C020C000C020E000C0400000C0402000C0404000C0406000C0
310
408000C040A000C040C000C040E000C0600000C0602000C0604000C0606000C0608000C060A000C060C000C060E000C0800000C0802000C0804000C0806000C0808000C080A000C080C000C080E000C0A00000C0A02000C0A04000C0A06000C0A08000C0A0A000C0A0C000C0A0E000C0C00000C0C02000C0C04000C0C06000
310
C0C08000C0C0A000F0FBFF00A4A0A000808080000000FF0000FF000000FFFF00FF000000FF00FF00FFFF0000FFFFFF0000000000000000000000000000000000000000000000000000000000000000000000000000000000000000000000000000000000000000000000000000000000000000000000000000000000000000
310
00000000000000000000000000000000000000000000000000000000000000000000000000000000000000000000000000000000000000000000000000000000000000000000000000000000000000000000000000000000000000000000000000000000000000000000000000000000000000000000000000000000000000
310
00000000000000000000000000000000000000000000000000000000000000000000000000000000000000000000000000000000000000000000000000000000000000000000000000000000000000000000000000000000000000000000000000000000000000000000000000000000000000000000000000000000000000
310
0000000000000000000000000000000000000000000000000000000000000000000000000000000000000000000000000000000000000000000000000000000000000000000000000000000000000000000000000000FAFAFA000000000000000000000000000000F9F90000000000000000000000FAFAFAFA00000000FAFA
310
0000FAFAFAFA00F9F9F9F900F9F9F9F9F9F900000000FAFAFAFA00000000FAFAFAFAFAFAFAFA00F9F9F9F9F9F9F9F9F9F9F900000000FAFAFAFAFAFAFAFAFAFAFAFAFAFAFAFA00F9F9F9F9F9F9F9F9F9F9F900000000FAFAFAFAFAFAFAFAFAFA0000FAFAFAFA00F9F9F90000F9F9F9F9F9F900000000000000FAFA00FAFA00
310
00000000000000000000000000000000000000000000000000000000000000000000000000000000000000000000000000000000000000000000000000000000000000000000000000000000000000000000000000000000000000000000000000000000000000000000000000000000000000000000000000000000000000
310
00000000000000000000000000000000000000000000000000000000000000000000000000000000000000000000000000000000000000000000000000000000000000000000000000000000000000000000000000000000000000000000000000000000000000000000000000000000000000000000000000000000000000
310
00000000000000000000000000000000000000000000000000000000000000000000000000000000000000000000000000000000000000000000000000000000000000000000000000000000000000000000000000000000000000000000000000000000000000000000000000000000000000000000000000000000000000
310
0000000000000000000000000000000000000000000000000000000000000000000000000000000000000000000000000000000000000000
102
{BLKREFS
331
4A9
102
}
1001
AcDbDynamicBlockGUID
1000
{9385937E-8092-46E1-9257-EAA5A4526FA8}
1001
AcDbBlockRepETag
1070
     1
1071
       12
  0
BLOCK_RECORD
  5
2BF
330
1
100
AcDbSymbolTableRecord
100
AcDbBlockTableRecord
  2
2101
340
0
310
2800000020000000200000000100080000000000000400000000000000000000000000000000000000000000000080000080000000808000800000008000800080800000C0C0C000C0DCC000F0CAA6000020400000206000002080000020A0000020C0000020E00000400000004020000040400000406000004080000040A0
310
000040C0000040E00000600000006020000060400000606000006080000060A0000060C0000060E00000800000008020000080400000806000008080000080A0000080C0000080E00000A0000000A0200000A0400000A0600000A0800000A0A00000A0C00000A0E00000C0000000C0200000C0400000C0600000C0800000C0
310
A00000C0C00000C0E00000E0000000E0200000E0400000E0600000E0800000E0A00000E0C00000E0E00040000000400020004000400040006000400080004000A0004000C0004000E00040200000402020004020400040206000402080004020A0004020C0004020E000404000004040200040404000404060004040800040
310
40A0004040C0004040E00040600000406020004060400040606000406080004060A0004060C0004060E00040800000408020004080400040806000408080004080A0004080C0004080E00040A0000040A0200040A0400040A0600040A0800040A0A00040A0C00040A0E00040C0000040C0200040C0400040C0600040C08000
310
40C0A00040C0C00040C0E00040E0000040E0200040E0400040E0600040E0800040E0A00040E0C00040E0E00080000000800020008000400080006000800080008000A0008000C0008000E00080200000802020008020400080206000802080008020A0008020C0008020E00080400000804020008040400080406000804080
310
008040A0008040C0008040E00080600000806020008060400080606000806080008060A0008060C0008060E00080800000808020008080400080806000808080008080A0008080C0008080E00080A0000080A0200080A0400080A0600080A0800080A0A00080A0C00080A0E00080C0000080C0200080C0400080C0600080C0
310
800080C0A00080C0C00080C0E00080E0000080E0200080E0400080E0600080E0800080E0A00080E0C00080E0E000C0000000C0002000C0004000C0006000C0008000C000A000C000C000C000E000C0200000C0202000C0204000C0206000C0208000C020A000C020C000C020E000C0400000C0402000C0404000C0406000C0
310
408000C040A000C040C000C040E000C0600000C0602000C0604000C0606000C0608000C060A000C060C000C060E000C0800000C0802000C0804000C0806000C0808000C080A000C080C000C080E000C0A00000C0A02000C0A04000C0A06000C0A08000C0A0A000C0A0C000C0A0E000C0C00000C0C02000C0C04000C0C06000
310
C0C08000C0C0A000F0FBFF00A4A0A000808080000000FF0000FF000000FFFF00FF000000FF00FF00FFFF0000FFFFFF0000000000000000000000000000000000000000000000000000000000000000000000000000000000000000000000000000000000000000000000000000000000000000000000000000000000000000
310
00000000000000000000000000000000000000000000000000000000000000000000000000000000000000000000000000000000000000000000000000000000000000000000000000000000000000000000000000000000000000000000000000000000000000000000000000000000000000000000000000000000000000
310
00000000000000000000000000000000000000000000000000000000000000000000000000000000000000000000000000000000000000000000000000000000000000000000000000000000000000000000000000000000000000000000000000000000000000000000000000000000000000000000000000000000000000
310
0000000000000000000000000000000000000000000000000000000000000000000000000000000000000000000000000000000000000000000000000000000000000000000000000000000000000000000000000000FAFAFA00000000000000000000000000000000F90000000000000000000000FAFAFAFA00000000FAFA
310
00FAFAFAFAFAFA00F9F9F90000F9F9F9F9F900000000FAFAFA0000000000FAFAFAFAFAFAFAFA00F9F9F9F9F9F9F9F9F9F9F900000000FAFAFAFAFAFAFA00FAFAFAFAFAFAFAFA00F9F9F900F9F9F900F9F9F900000000FAFAFAFAFAFAFA00FAFA00FAFAFAFAFA0000F9F9000000F900F9F9F900000000000000FAFA00FA0000
310
00000000000000000000000000000000000000000000000000000000000000000000000000000000000000000000000000000000000000000000000000000000000000000000000000000000000000000000000000000000000000000000000000000000000000000000000000000000000000000000000000000000000000
310
00000000000000000000000000000000000000000000000000000000000000000000000000000000000000000000000000000000000000000000000000000000000000000000000000000000000000000000000000000000000000000000000000000000000000000000000000000000000000000000000000000000000000
310
00000000000000000000000000000000000000000000000000000000000000000000000000000000000000000000000000000000000000000000000000000000000000000000000000000000000000000000000000000000000000000000000000000000000000000000000000000000000000000000000000000000000000
310
0000000000000000000000000000000000000000000000000000000000000000000000000000000000000000000000000000000000000000
102
{BLKREFS
331
4AA
102
}
1001
AcDbDynamicBlockGUID
1000
{572E5B0C-51BA-43C9-8774-A4B437D5183A}
1001
AcDbBlockRepETag
1070
     1
1071
       12
  0
BLOCK_RECORD
  5
2C9
330
1
100
AcDbSymbolTableRecord
100
AcDbBlockTableRecord
  2
2102
340
0
310
2800000020000000200000000100080000000000000400000000000000000000000000000000000000000000000080000080000000808000800000008000800080800000C0C0C000C0DCC000F0CAA6000020400000206000002080000020A0000020C0000020E00000400000004020000040400000406000004080000040A0
310
000040C0000040E00000600000006020000060400000606000006080000060A0000060C0000060E00000800000008020000080400000806000008080000080A0000080C0000080E00000A0000000A0200000A0400000A0600000A0800000A0A00000A0C00000A0E00000C0000000C0200000C0400000C0600000C0800000C0
310
A00000C0C00000C0E00000E0000000E0200000E0400000E0600000E0800000E0A00000E0C00000E0E00040000000400020004000400040006000400080004000A0004000C0004000E00040200000402020004020400040206000402080004020A0004020C0004020E000404000004040200040404000404060004040800040
310
40A0004040C0004040E00040600000406020004060400040606000406080004060A0004060C0004060E00040800000408020004080400040806000408080004080A0004080C0004080E00040A0000040A0200040A0400040A0600040A0800040A0A00040A0C00040A0E00040C0000040C0200040C0400040C0600040C08000
310
40C0A00040C0C00040C0E00040E0000040E0200040E0400040E0600040E0800040E0A00040E0C00040E0E00080000000800020008000400080006000800080008000A0008000C0008000E00080200000802020008020400080206000802080008020A0008020C0008020E00080400000804020008040400080406000804080
310
008040A0008040C0008040E00080600000806020008060400080606000806080008060A0008060C0008060E00080800000808020008080400080806000808080008080A0008080C0008080E00080A0000080A0200080A0400080A0600080A0800080A0A00080A0C00080A0E00080C0000080C0200080C0400080C0600080C0
310
800080C0A00080C0C00080C0E00080E0000080E0200080E0400080E0600080E0800080E0A00080E0C00080E0E000C0000000C0002000C0004000C0006000C0008000C000A000C000C000C000E000C0200000C0202000C0204000C0206000C0208000C020A000C020C000C020E000C0400000C0402000C0404000C0406000C0
310
408000C040A000C040C000C040E000C0600000C0602000C0604000C0606000C0608000C060A000C060C000C060E000C0800000C0802000C0804000C0806000C0808000C080A000C080C000C080E000C0A00000C0A02000C0A04000C0A06000C0A08000C0A0A000C0A0C000C0A0E000C0C00000C0C02000C0C04000C0C06000
310
C0C08000C0C0A000F0FBFF00A4A0A000808080000000FF0000FF000000FFFF00FF000000FF00FF00FFFF0000FFFFFF0000000000000000000000000000000000000000000000000000000000000000000000000000000000000000000000000000000000000000000000000000000000000000000000000000000000000000
310
00000000000000000000000000000000000000000000000000000000000000000000000000000000000000000000000000000000000000000000000000000000000000000000000000000000000000000000000000000000000000000000000000000000000000000000000000000000000000000000000000000000000000
310
00000000000000000000000000000000000000000000000000000000000000000000000000000000000000000000000000000000000000000000000000000000000000000000000000000000000000000000000000000000000000000000000000000000000000000000000000000000000000000000000000000000000000
310
0000000000000000000000000000000000000000000000000000000000000000000000000000000000000000000000000000000000000000000000000000000000000000000000000000000000000000000000000000FAFAFA00000000000000000000000000000000F90000000000000000000000FAFAFAFA00000000FAFA
310
00FAFAFAFAFAFA00F9F9F90000F9F9F9F9F900000000FAFAFA0000000000FAFAFAFAFAFAFAFAFAF9F9F9F9F9F9F9F9F9F9F900000000FAFAFAFAFAFAFA00FAFAFAFAFAFAFAFAFAF9F9F900F9F9F9F9F9F9F900000000FAFAFAFAFAFAFA00FAFA00FAFAFAFAFAFA00F9F9000000F9F9F9F9F900000000000000FAFA00FA0000
310
00000000000000000000000000000000000000000000000000000000000000000000000000000000000000000000000000000000000000000000000000000000000000000000000000000000000000000000000000000000000000000000000000000000000000000000000000000000000000000000000000000000000000
310
00000000000000000000000000000000000000000000000000000000000000000000000000000000000000000000000000000000000000000000000000000000000000000000000000000000000000000000000000000000000000000000000000000000000000000000000000000000000000000000000000000000000000
310
00000000000000000000000000000000000000000000000000000000000000000000000000000000000000000000000000000000000000000000000000000000000000000000000000000000000000000000000000000000000000000000000000000000000000000000000000000000000000000000000000000000000000
310
0000000000000000000000000000000000000000000000000000000000000000000000000000000000000000000000000000000000000000
102
{BLKREFS
331
4AB
102
}
1001
AcDbDynamicBlockGUID
1000
{8C653581-A843-4055-B549-575050621F53}
1001
AcDbBlockRepETag
1070
     1
1071
       14
  0
BLOCK_RECORD
  5
2D3
330
1
100
AcDbSymbolTableRecord
100
AcDbBlockTableRecord
  2
2103
340
0
310
2800000020000000200000000100080000000000000400000000000000000000000000000000000000000000000080000080000000808000800000008000800080800000C0C0C000C0DCC000F0CAA6000020400000206000002080000020A0000020C0000020E00000400000004020000040400000406000004080000040A0
310
000040C0000040E00000600000006020000060400000606000006080000060A0000060C0000060E00000800000008020000080400000806000008080000080A0000080C0000080E00000A0000000A0200000A0400000A0600000A0800000A0A00000A0C00000A0E00000C0000000C0200000C0400000C0600000C0800000C0
310
A00000C0C00000C0E00000E0000000E0200000E0400000E0600000E0800000E0A00000E0C00000E0E00040000000400020004000400040006000400080004000A0004000C0004000E00040200000402020004020400040206000402080004020A0004020C0004020E000404000004040200040404000404060004040800040
310
40A0004040C0004040E00040600000406020004060400040606000406080004060A0004060C0004060E00040800000408020004080400040806000408080004080A0004080C0004080E00040A0000040A0200040A0400040A0600040A0800040A0A00040A0C00040A0E00040C0000040C0200040C0400040C0600040C08000
310
40C0A00040C0C00040C0E00040E0000040E0200040E0400040E0600040E0800040E0A00040E0C00040E0E00080000000800020008000400080006000800080008000A0008000C0008000E00080200000802020008020400080206000802080008020A0008020C0008020E00080400000804020008040400080406000804080
310
008040A0008040C0008040E00080600000806020008060400080606000806080008060A0008060C0008060E00080800000808020008080400080806000808080008080A0008080C0008080E00080A0000080A0200080A0400080A0600080A0800080A0A00080A0C00080A0E00080C0000080C0200080C0400080C0600080C0
310
800080C0A00080C0C00080C0E00080E0000080E0200080E0400080E0600080E0800080E0A00080E0C00080E0E000C0000000C0002000C0004000C0006000C0008000C000A000C000C000C000E000C0200000C0202000C0204000C0206000C0208000C020A000C020C000C020E000C0400000C0402000C0404000C0406000C0
310
408000C040A000C040C000C040E000C0600000C0602000C0604000C0606000C0608000C060A000C060C000C060E000C0800000C0802000C0804000C0806000C0808000C080A000C080C000C080E000C0A00000C0A02000C0A04000C0A06000C0A08000C0A0A000C0A0C000C0A0E000C0C00000C0C02000C0C04000C0C06000
310
C0C08000C0C0A000F0FBFF00A4A0A000808080000000FF0000FF000000FFFF00FF000000FF00FF00FFFF0000FFFFFF0000000000000000000000000000000000000000000000000000000000000000000000000000000000000000000000000000000000000000000000000000000000000000000000000000000000000000
310
00000000000000000000000000000000000000000000000000000000000000000000000000000000000000000000000000000000000000000000000000000000000000000000000000000000000000000000000000000000000000000000000000000000000000000000000000000000000000000000000000000000000000
310
00000000000000000000000000000000000000000000000000000000000000000000000000000000000000000000000000000000000000000000000000000000000000000000000000000000000000000000000000000000000000000000000000000000000000000000000000000000000000000000000000000000000000
310
0000000000000000000000000000000000000000000000000000000000000000000000000000000000000000000000000000000000000000000000000000000000000000000000000000000000000000000000000000FAFAFA00000000000000000000000000000000F90000000000000000000000FAFAFAFA00000000FAFA
310
00FAFAFAFAFAFA00F9F9F90000F9F9F9F9F900000000FAFAFA0000000000FAFAFAFAFAFAFAFAFAF9F9F9F9F9F9F9F9F9F9F900000000FAFAFAFAFAFAFA00FAFAFAFAFAFAFAFAFAF9F9F900F9F9F9F9F9F9F900000000FAFAFAFAFAFAFA00FAFA00FAFAFAFAFAFA00F9F9000000F9F9F9F9F900000000000000FAFA00FA0000
310
00000000000000000000000000000000000000000000000000000000000000000000000000000000000000000000000000000000000000000000000000000000000000000000000000000000000000000000000000000000000000000000000000000000000000000000000000000000000000000000000000000000000000
310
00000000000000000000000000000000000000000000000000000000000000000000000000000000000000000000000000000000000000000000000000000000000000000000000000000000000000000000000000000000000000000000000000000000000000000000000000000000000000000000000000000000000000
310
00000000000000000000000000000000000000000000000000000000000000000000000000000000000000000000000000000000000000000000000000000000000000000000000000000000000000000000000000000000000000000000000000000000000000000000000000000000000000000000000000000000000000
310
0000000000000000000000000000000000000000000000000000000000000000000000000000000000000000000000000000000000000000
102
{BLKREFS
331
4AC
102
}
1001
AcDbDynamicBlockGUID
1000
{082C6730-F647-4693-8473-28B47925C840}
1001
AcDbBlockRepETag
1070
     1
1071
       14
  0
BLOCK_RECORD
  5
2DD
330
1
100
AcDbSymbolTableRecord
100
AcDbBlockTableRecord
  2
2104
340
0
310
2800000020000000200000000100080000000000000400000000000000000000000000000000000000000000000080000080000000808000800000008000800080800000C0C0C000C0DCC000F0CAA6000020400000206000002080000020A0000020C0000020E00000400000004020000040400000406000004080000040A0
310
000040C0000040E00000600000006020000060400000606000006080000060A0000060C0000060E00000800000008020000080400000806000008080000080A0000080C0000080E00000A0000000A0200000A0400000A0600000A0800000A0A00000A0C00000A0E00000C0000000C0200000C0400000C0600000C0800000C0
310
A00000C0C00000C0E00000E0000000E0200000E0400000E0600000E0800000E0A00000E0C00000E0E00040000000400020004000400040006000400080004000A0004000C0004000E00040200000402020004020400040206000402080004020A0004020C0004020E000404000004040200040404000404060004040800040
310
40A0004040C0004040E00040600000406020004060400040606000406080004060A0004060C0004060E00040800000408020004080400040806000408080004080A0004080C0004080E00040A0000040A0200040A0400040A0600040A0800040A0A00040A0C00040A0E00040C0000040C0200040C0400040C0600040C08000
310
40C0A00040C0C00040C0E00040E0000040E0200040E0400040E0600040E0800040E0A00040E0C00040E0E00080000000800020008000400080006000800080008000A0008000C0008000E00080200000802020008020400080206000802080008020A0008020C0008020E00080400000804020008040400080406000804080
310
008040A0008040C0008040E00080600000806020008060400080606000806080008060A0008060C0008060E00080800000808020008080400080806000808080008080A0008080C0008080E00080A0000080A0200080A0400080A0600080A0800080A0A00080A0C00080A0E00080C0000080C0200080C0400080C0600080C0
310
800080C0A00080C0C00080C0E00080E0000080E0200080E0400080E0600080E0800080E0A00080E0C00080E0E000C0000000C0002000C0004000C0006000C0008000C000A000C000C000C000E000C0200000C0202000C0204000C0206000C0208000C020A000C020C000C020E000C0400000C0402000C0404000C0406000C0
310
408000C040A000C040C000C040E000C0600000C0602000C0604000C0606000C0608000C060A000C060C000C060E000C0800000C0802000C0804000C0806000C0808000C080A000C080C000C080E000C0A00000C0A02000C0A04000C0A06000C0A08000C0A0A000C0A0C000C0A0E000C0C00000C0C02000C0C04000C0C06000
310
C0C08000C0C0A000F0FBFF00A4A0A000808080000000FF0000FF000000FFFF00FF000000FF00FF00FFFF0000FFFFFF0000000000000000000000000000000000000000000000000000000000000000000000000000000000000000000000000000000000000000000000000000000000000000000000000000000000000000
310
00000000000000000000000000000000000000000000000000000000000000000000000000000000000000000000000000000000000000000000000000000000000000000000000000000000000000000000000000000000000000000000000000000000000000000000000000000000000000000000000000000000000000
310
00000000000000000000000000000000000000000000000000000000000000000000000000000000000000000000000000000000000000000000000000000000000000000000000000000000000000000000000000000000000000000000000000000000000000000000000000000000000000000000000000000000000000
310
0000000000000000000000000000000000000000000000000000000000000000000000000000000000000000000000000000000000000000000000000000000000000000000000000000000000000000000000000000FAFAFA00000000000000000000000000000000F90000000000000000000000FAFAFAFA00000000FAFA
310
00FAFAFAFAFAFA00F9F9F90000F9F9F9F9F900000000FAFAFA0000000000FAFAFAFAFAFAFAFAFAF9F9F9F9F9F9F9F9F9F9F900000000FAFAFAFAFAFAFA00FAFAFAFAFAFAFAFAFAF9F9F900F9F9F9F9F9F9F900000000FAFAFAFAFAFAFA00FAFA00FAFAFAFAFAFA00F9F9000000F9F9F9F9F900000000000000FAFA00FA0000
310
00000000000000000000000000000000000000000000000000000000000000000000000000000000000000000000000000000000000000000000000000000000000000000000000000000000000000000000000000000000000000000000000000000000000000000000000000000000000000000000000000000000000000
310
00000000000000000000000000000000000000000000000000000000000000000000000000000000000000000000000000000000000000000000000000000000000000000000000000000000000000000000000000000000000000000000000000000000000000000000000000000000000000000000000000000000000000
310
00000000000000000000000000000000000000000000000000000000000000000000000000000000000000000000000000000000000000000000000000000000000000000000000000000000000000000000000000000000000000000000000000000000000000000000000000000000000000000000000000000000000000
310
0000000000000000000000000000000000000000000000000000000000000000000000000000000000000000000000000000000000000000
102
{BLKREFS
331
4AD
102
}
1001
AcDbDynamicBlockGUID
1000
{AACB3FA5-8DDD-41E6-BAC1-939E2F8EE764}
1001
AcDbBlockRepETag
1070
     1
1071
       14
  0
BLOCK_RECORD
  5
2E7
330
1
100
AcDbSymbolTableRecord
100
AcDbBlockTableRecord
  2
2111
340
0
310
2800000020000000200000000100080000000000000400000000000000000000000000000000000000000000000080000080000000808000800000008000800080800000C0C0C000C0DCC000F0CAA6000020400000206000002080000020A0000020C0000020E00000400000004020000040400000406000004080000040A0
310
000040C0000040E00000600000006020000060400000606000006080000060A0000060C0000060E00000800000008020000080400000806000008080000080A0000080C0000080E00000A0000000A0200000A0400000A0600000A0800000A0A00000A0C00000A0E00000C0000000C0200000C0400000C0600000C0800000C0
310
A00000C0C00000C0E00000E0000000E0200000E0400000E0600000E0800000E0A00000E0C00000E0E00040000000400020004000400040006000400080004000A0004000C0004000E00040200000402020004020400040206000402080004020A0004020C0004020E000404000004040200040404000404060004040800040
310
40A0004040C0004040E00040600000406020004060400040606000406080004060A0004060C0004060E00040800000408020004080400040806000408080004080A0004080C0004080E00040A0000040A0200040A0400040A0600040A0800040A0A00040A0C00040A0E00040C0000040C0200040C0400040C0600040C08000
310
40C0A00040C0C00040C0E00040E0000040E0200040E0400040E0600040E0800040E0A00040E0C00040E0E00080000000800020008000400080006000800080008000A0008000C0008000E00080200000802020008020400080206000802080008020A0008020C0008020E00080400000804020008040400080406000804080
310
008040A0008040C0008040E00080600000806020008060400080606000806080008060A0008060C0008060E00080800000808020008080400080806000808080008080A0008080C0008080E00080A0000080A0200080A0400080A0600080A0800080A0A00080A0C00080A0E00080C0000080C0200080C0400080C0600080C0
310
800080C0A00080C0C00080C0E00080E0000080E0200080E0400080E0600080E0800080E0A00080E0C00080E0E000C0000000C0002000C0004000C0006000C0008000C000A000C000C000C000E000C0200000C0202000C0204000C0206000C0208000C020A000C020C000C020E000C0400000C0402000C0404000C0406000C0
310
408000C040A000C040C000C040E000C0600000C0602000C0604000C0606000C0608000C060A000C060C000C060E000C0800000C0802000C0804000C0806000C0808000C080A000C080C000C080E000C0A00000C0A02000C0A04000C0A06000C0A08000C0A0A000C0A0C000C0A0E000C0C00000C0C02000C0C04000C0C06000
310
C0C08000C0C0A000F0FBFF00A4A0A000808080000000FF0000FF000000FFFF00FF000000FF00FF00FFFF0000FFFFFF0000000000000000000000000000000000000000000000000000000000000000000000000000000000000000000000000000000000000000000000000000000000000000000000000000000000000000
310
00000000000000000000000000000000000000000000000000000000000000000000000000000000000000000000000000000000000000000000000000000000000000000000000000000000000000000000000000000000000000000000000000000000000000000000000000000000000000000000000000000000000000
310
00000000000000000000000000000000000000000000000000000000000000000000000000000000000000000000000000000000000000000000000000000000000000000000000000000000000000000000000000000000000000000000000000000000000000000000000000000000000000000000000000000000000000
310
0000000000000000000000000000000000000000000000000000000000000000000000000000000000000000000000000000000000000000000000000000000000000000000000000000000000000000000000000000FAFAFA00000000000000000000000000000000F90000000000000000000000FAFAFAFA00000000FAFA
310
00FAFAFAFAFAFA00F9F9F90000F9F9F9F9F900000000FAFAFA0000000000FAFAFAFAFAFAFAFA00F9F9F9F9F9F9F9F9F9F9F900000000FAFAFAFAFAFAFA00FAFAFAFAFAFAFAFA00F9F9F900F9F9F9F9F9F9F900000000FAFAFAFAFAFAFA00FAFA00FAFAFAFAFA0000F9F9000000F9F9F9F9F900000000000000FAFA00FA0000
310
00000000000000000000000000000000000000000000000000000000000000000000000000000000000000000000000000000000000000000000000000000000000000000000000000000000000000000000000000000000000000000000000000000000000000000000000000000000000000000000000000000000000000
310
00000000000000000000000000000000000000000000000000000000000000000000000000000000000000000000000000000000000000000000000000000000000000000000000000000000000000000000000000000000000000000000000000000000000000000000000000000000000000000000000000000000000000
310
00000000000000000000000000000000000000000000000000000000000000000000000000000000000000000000000000000000000000000000000000000000000000000000000000000000000000000000000000000000000000000000000000000000000000000000000000000000000000000000000000000000000000
310
0000000000000000000000000000000000000000000000000000000000000000000000000000000000000000000000000000000000000000
102
{BLKREFS
331
4AE
102
}
1001
AcDbDynamicBlockGUID
1000
{7FC25EC3-8A66-4EC6-BDFA-BCC2F44BA675}
1001
AcDbBlockRepETag
1070
     1
1071
       14
  0
BLOCK_RECORD
  5
2F1
330
1
100
AcDbSymbolTableRecord
100
AcDbBlockTableRecord
  2
2112
340
0
310
2800000020000000200000000100080000000000000400000000000000000000000000000000000000000000000080000080000000808000800000008000800080800000C0C0C000C0DCC000F0CAA6000020400000206000002080000020A0000020C0000020E00000400000004020000040400000406000004080000040A0
310
000040C0000040E00000600000006020000060400000606000006080000060A0000060C0000060E00000800000008020000080400000806000008080000080A0000080C0000080E00000A0000000A0200000A0400000A0600000A0800000A0A00000A0C00000A0E00000C0000000C0200000C0400000C0600000C0800000C0
310
A00000C0C00000C0E00000E0000000E0200000E0400000E0600000E0800000E0A00000E0C00000E0E00040000000400020004000400040006000400080004000A0004000C0004000E00040200000402020004020400040206000402080004020A0004020C0004020E000404000004040200040404000404060004040800040
310
40A0004040C0004040E00040600000406020004060400040606000406080004060A0004060C0004060E00040800000408020004080400040806000408080004080A0004080C0004080E00040A0000040A0200040A0400040A0600040A0800040A0A00040A0C00040A0E00040C0000040C0200040C0400040C0600040C08000
310
40C0A00040C0C00040C0E00040E0000040E0200040E0400040E0600040E0800040E0A00040E0C00040E0E00080000000800020008000400080006000800080008000A0008000C0008000E00080200000802020008020400080206000802080008020A0008020C0008020E00080400000804020008040400080406000804080
310
008040A0008040C0008040E00080600000806020008060400080606000806080008060A0008060C0008060E00080800000808020008080400080806000808080008080A0008080C0008080E00080A0000080A0200080A0400080A0600080A0800080A0A00080A0C00080A0E00080C0000080C0200080C0400080C0600080C0
310
800080C0A00080C0C00080C0E00080E0000080E0200080E0400080E0600080E0800080E0A00080E0C00080E0E000C0000000C0002000C0004000C0006000C0008000C000A000C000C000C000E000C0200000C0202000C0204000C0206000C0208000C020A000C020C000C020E000C0400000C0402000C0404000C0406000C0
310
408000C040A000C040C000C040E000C0600000C0602000C0604000C0606000C0608000C060A000C060C000C060E000C0800000C0802000C0804000C0806000C0808000C080A000C080C000C080E000C0A00000C0A02000C0A04000C0A06000C0A08000C0A0A000C0A0C000C0A0E000C0C00000C0C02000C0C04000C0C06000
310
C0C08000C0C0A000F0FBFF00A4A0A000808080000000FF0000FF000000FFFF00FF000000FF00FF00FFFF0000FFFFFF0000000000000000000000000000000000000000000000000000000000000000000000000000000000000000000000000000000000000000000000000000000000000000000000000000000000000000
310
00000000000000000000000000000000000000000000000000000000000000000000000000000000000000000000000000000000000000000000000000000000000000000000000000000000000000000000000000000000000000000000000000000000000000000000000000000000000000000000000000000000000000
310
00000000000000000000000000000000000000000000000000000000000000000000000000000000000000000000000000000000000000000000000000000000000000000000000000000000000000000000000000000000000000000000000000000000000000000000000000000000000000000000000000000000000000
310
0000000000000000000000000000000000000000000000000000000000000000000000000000000000000000000000000000000000000000000000000000000000000000000000000000000000000000000000000000FAFAFA00000000000000000000000000000000F90000000000000000000000FAFAFAFA00000000FAFA
310
00FAFAFAFAFAFA00F9F9F90000F9F9F9F9F900000000FAFAFA0000000000FAFAFAFAFAFAFAFAFAF9F9F9F9F9F9F9F9F9F9F900000000FAFAFAFAFAFAFA00FAFAFAFAFAFAFAFAFAF9F9F900F9F9F9F9F9F9F900000000FAFAFAFAFAFAFA00FAFA00FAFAFAFAFAFA00F9F9000000F9F9F9F9F900000000000000FAFA00FA0000
310
00000000000000000000000000000000000000000000000000000000000000000000000000000000000000000000000000000000000000000000000000000000000000000000000000000000000000000000000000000000000000000000000000000000000000000000000000000000000000000000000000000000000000
310
00000000000000000000000000000000000000000000000000000000000000000000000000000000000000000000000000000000000000000000000000000000000000000000000000000000000000000000000000000000000000000000000000000000000000000000000000000000000000000000000000000000000000
310
00000000000000000000000000000000000000000000000000000000000000000000000000000000000000000000000000000000000000000000000000000000000000000000000000000000000000000000000000000000000000000000000000000000000000000000000000000000000000000000000000000000000000
310
0000000000000000000000000000000000000000000000000000000000000000000000000000000000000000000000000000000000000000
102
{BLKREFS
331
4AF
102
}
1001
AcDbDynamicBlockGUID
1000
{C7D5F1A0-0FF7-4723-A517-236AE7E6F368}
1001
AcDbBlockRepETag
1070
     1
1071
       14
  0
BLOCK_RECORD
  5
2FB
330
1
100
AcDbSymbolTableRecord
100
AcDbBlockTableRecord
  2
741
340
0
310
2800000020000000200000000100080000000000000400000000000000000000000000000000000000000000000080000080000000808000800000008000800080800000C0C0C000C0DCC000F0CAA6000020400000206000002080000020A0000020C0000020E00000400000004020000040400000406000004080000040A0
310
000040C0000040E00000600000006020000060400000606000006080000060A0000060C0000060E00000800000008020000080400000806000008080000080A0000080C0000080E00000A0000000A0200000A0400000A0600000A0800000A0A00000A0C00000A0E00000C0000000C0200000C0400000C0600000C0800000C0
310
A00000C0C00000C0E00000E0000000E0200000E0400000E0600000E0800000E0A00000E0C00000E0E00040000000400020004000400040006000400080004000A0004000C0004000E00040200000402020004020400040206000402080004020A0004020C0004020E000404000004040200040404000404060004040800040
310
40A0004040C0004040E00040600000406020004060400040606000406080004060A0004060C0004060E00040800000408020004080400040806000408080004080A0004080C0004080E00040A0000040A0200040A0400040A0600040A0800040A0A00040A0C00040A0E00040C0000040C0200040C0400040C0600040C08000
310
40C0A00040C0C00040C0E00040E0000040E0200040E0400040E0600040E0800040E0A00040E0C00040E0E00080000000800020008000400080006000800080008000A0008000C0008000E00080200000802020008020400080206000802080008020A0008020C0008020E00080400000804020008040400080406000804080
310
008040A0008040C0008040E00080600000806020008060400080606000806080008060A0008060C0008060E00080800000808020008080400080806000808080008080A0008080C0008080E00080A0000080A0200080A0400080A0600080A0800080A0A00080A0C00080A0E00080C0000080C0200080C0400080C0600080C0
310
800080C0A00080C0C00080C0E00080E0000080E0200080E0400080E0600080E0800080E0A00080E0C00080E0E000C0000000C0002000C0004000C0006000C0008000C000A000C000C000C000E000C0200000C0202000C0204000C0206000C0208000C020A000C020C000C020E000C0400000C0402000C0404000C0406000C0
310
408000C040A000C040C000C040E000C0600000C0602000C0604000C0606000C0608000C060A000C060C000C060E000C0800000C0802000C0804000C0806000C0808000C080A000C080C000C080E000C0A00000C0A02000C0A04000C0A06000C0A08000C0A0A000C0A0C000C0A0E000C0C00000C0C02000C0C04000C0C06000
310
C0C08000C0C0A000F0FBFF00A4A0A000808080000000FF0000FF000000FFFF00FF000000FF00FF00FFFF0000FFFFFF0000000000000000000000000000000000000000000000000000000000000000000000000000000000000000000000000000000000000000000000000000000000000000000000000000000000000000
310
00000000000000000000000000000000000000000000000000000000000000000000000000000000000000000000000000000000000000000000000000000000000000000000000000000000000000000000000000000000000000000000000000000000000000000000000000000000000000000000000000000000000000
310
00000000000000000000000000000000000000000000000000000000000000000000000000000000000000000000000000000000000000000000000000000000000000000000000000000000000000000000000000000000000000000000000000000000000000000000000000000000000000000000000000000000000000
310
00000000000000000000000000000000000000000000000000000000000000000000000000000000000000000000000000000000000000000000000000000000000000000000000000000000000000000000000000000000000000000000000000000000000000000000000000000000000000000000FAFAFAFAFA00FAFA00
310
FAFAFAFA00F9F9F9000000F900F900F9F9F9F9000000FAFAFAFAFAFA00FAFA00FAFAFAFA00F9F9F9F9F9F9F9F9F900F9F9F9F90000FAFA0000FAFAFA00FAFAFAFAFAFA0000F9F900F9F9F9F9F9F9F9F9F9F900000000FAFA00FA000000FAFA0000FAFA0000F9F90000F9F9F9F9F900F9F90000000000000000000000000000
310
00000000000000000000000000000000000000000000000000000000000000000000000000000000000000000000000000000000000000000000000000000000000000000000000000000000000000000000000000000000000000000000000000000000000000000000000000000000000000000000000000000000000000
310
00000000000000000000000000000000000000000000000000000000000000000000000000000000000000000000000000000000000000000000000000000000000000000000000000000000000000000000000000000000000000000000000000000000000000000000000000000000000000000000000000000000000000
310
00000000000000000000000000000000000000000000000000000000000000000000000000000000000000000000000000000000000000000000000000000000000000000000000000000000000000000000000000000000000000000000000000000000000000000000000000000000000000000000000000000000000000
310
0000000000000000000000000000000000000000000000000000000000000000000000000000000000000000000000000000000000000000
102
{BLKREFS
331
4DB
102
}
1001
AcDbDynamicBlockGUID
1000
{88412692-3D21-43F9-A9EE-6CE7CDB1001F}
1001
AcDbBlockRepETag
1070
     1
1071
        9
  0
BLOCK_RECORD
  5
307
330
1
100
AcDbSymbolTableRecord
100
AcDbBlockTableRecord
  2
742
340
0
310
2800000020000000200000000100080000000000000400000000000000000000000000000000000000000000000080000080000000808000800000008000800080800000C0C0C000C0DCC000F0CAA6000020400000206000002080000020A0000020C0000020E00000400000004020000040400000406000004080000040A0
310
000040C0000040E00000600000006020000060400000606000006080000060A0000060C0000060E00000800000008020000080400000806000008080000080A0000080C0000080E00000A0000000A0200000A0400000A0600000A0800000A0A00000A0C00000A0E00000C0000000C0200000C0400000C0600000C0800000C0
310
A00000C0C00000C0E00000E0000000E0200000E0400000E0600000E0800000E0A00000E0C00000E0E00040000000400020004000400040006000400080004000A0004000C0004000E00040200000402020004020400040206000402080004020A0004020C0004020E000404000004040200040404000404060004040800040
310
40A0004040C0004040E00040600000406020004060400040606000406080004060A0004060C0004060E00040800000408020004080400040806000408080004080A0004080C0004080E00040A0000040A0200040A0400040A0600040A0800040A0A00040A0C00040A0E00040C0000040C0200040C0400040C0600040C08000
310
40C0A00040C0C00040C0E00040E0000040E0200040E0400040E0600040E0800040E0A00040E0C00040E0E00080000000800020008000400080006000800080008000A0008000C0008000E00080200000802020008020400080206000802080008020A0008020C0008020E00080400000804020008040400080406000804080
310
008040A0008040C0008040E00080600000806020008060400080606000806080008060A0008060C0008060E00080800000808020008080400080806000808080008080A0008080C0008080E00080A0000080A0200080A0400080A0600080A0800080A0A00080A0C00080A0E00080C0000080C0200080C0400080C0600080C0
310
800080C0A00080C0C00080C0E00080E0000080E0200080E0400080E0600080E0800080E0A00080E0C00080E0E000C0000000C0002000C0004000C0006000C0008000C000A000C000C000C000E000C0200000C0202000C0204000C0206000C0208000C020A000C020C000C020E000C0400000C0402000C0404000C0406000C0
310
408000C040A000C040C000C040E000C0600000C0602000C0604000C0606000C0608000C060A000C060C000C060E000C0800000C0802000C0804000C0806000C0808000C080A000C080C000C080E000C0A00000C0A02000C0A04000C0A06000C0A08000C0A0A000C0A0C000C0A0E000C0C00000C0C02000C0C04000C0C06000
310
C0C08000C0C0A000F0FBFF00A4A0A000808080000000FF0000FF000000FFFF00FF000000FF00FF00FFFF0000FFFFFF0000000000000000000000000000000000000000000000000000000000000000000000000000000000000000000000000000000000000000000000000000000000000000000000000000000000000000
310
00000000000000000000000000000000000000000000000000000000000000000000000000000000000000000000000000000000000000000000000000000000000000000000000000000000000000000000000000000000000000000000000000000000000000000000000000000000000000000000000000000000000000
310
00000000000000000000000000000000000000000000000000000000000000000000000000000000000000000000000000000000000000000000000000000000000000000000000000000000000000000000000000000000000000000000000000000000000000000000000000000000000000000000000000000000000000
310
00000000000000000000000000000000000000000000000000000000000000000000000000000000000000000000000000000000000000000000000000000000000000000000000000000000000000000000000000000000000000000000000000000000000000000000000000000000000000000000FAFAFAFAFA00FAFA00
310
FAFAFAFA00F9F9F9000000F900F900F9F9F900000000FAFAFAFAFAFA00FAFA00FAFAFAFA00F9F9F9F9F9F9F9F9F900F9F9F9000000FAFA0000FAFAFA00FAFAFAFAFAFAFA00F9F900F9F9F9F9F9F9F9F9F9F900000000FAFA00FA000000FAFA0000FAFAFA00F9F90000F9F9F9F9F900F9F90000000000000000000000000000
310
00000000000000000000000000000000000000000000000000000000000000000000000000000000000000000000000000000000000000000000000000000000000000000000000000000000000000000000000000000000000000000000000000000000000000000000000000000000000000000000000000000000000000
310
00000000000000000000000000000000000000000000000000000000000000000000000000000000000000000000000000000000000000000000000000000000000000000000000000000000000000000000000000000000000000000000000000000000000000000000000000000000000000000000000000000000000000
310
00000000000000000000000000000000000000000000000000000000000000000000000000000000000000000000000000000000000000000000000000000000000000000000000000000000000000000000000000000000000000000000000000000000000000000000000000000000000000000000000000000000000000
310
0000000000000000000000000000000000000000000000000000000000000000000000000000000000000000000000000000000000000000
102
{BLKREFS
331
4DD
102
}
1001
AcDbDynamicBlockGUID
1000
{C34656AC-DF0B-4264-83E8-1F2A57AC3950}
1001
AcDbBlockRepETag
1070
     1
1071
        9
  0
BLOCK_RECORD
  5
313
330
1
100
AcDbSymbolTableRecord
100
AcDbBlockTableRecord
  2
743
340
0
310
2800000020000000200000000100080000000000000400000000000000000000000000000000000000000000000080000080000000808000800000008000800080800000C0C0C000C0DCC000F0CAA6000020400000206000002080000020A0000020C0000020E00000400000004020000040400000406000004080000040A0
310
000040C0000040E00000600000006020000060400000606000006080000060A0000060C0000060E00000800000008020000080400000806000008080000080A0000080C0000080E00000A0000000A0200000A0400000A0600000A0800000A0A00000A0C00000A0E00000C0000000C0200000C0400000C0600000C0800000C0
310
A00000C0C00000C0E00000E0000000E0200000E0400000E0600000E0800000E0A00000E0C00000E0E00040000000400020004000400040006000400080004000A0004000C0004000E00040200000402020004020400040206000402080004020A0004020C0004020E000404000004040200040404000404060004040800040
310
40A0004040C0004040E00040600000406020004060400040606000406080004060A0004060C0004060E00040800000408020004080400040806000408080004080A0004080C0004080E00040A0000040A0200040A0400040A0600040A0800040A0A00040A0C00040A0E00040C0000040C0200040C0400040C0600040C08000
310
40C0A00040C0C00040C0E00040E0000040E0200040E0400040E0600040E0800040E0A00040E0C00040E0E00080000000800020008000400080006000800080008000A0008000C0008000E00080200000802020008020400080206000802080008020A0008020C0008020E00080400000804020008040400080406000804080
310
008040A0008040C0008040E00080600000806020008060400080606000806080008060A0008060C0008060E00080800000808020008080400080806000808080008080A0008080C0008080E00080A0000080A0200080A0400080A0600080A0800080A0A00080A0C00080A0E00080C0000080C0200080C0400080C0600080C0
310
800080C0A00080C0C00080C0E00080E0000080E0200080E0400080E0600080E0800080E0A00080E0C00080E0E000C0000000C0002000C0004000C0006000C0008000C000A000C000C000C000E000C0200000C0202000C0204000C0206000C0208000C020A000C020C000C020E000C0400000C0402000C0404000C0406000C0
310
408000C040A000C040C000C040E000C0600000C0602000C0604000C0606000C0608000C060A000C060C000C060E000C0800000C0802000C0804000C0806000C0808000C080A000C080C000C080E000C0A00000C0A02000C0A04000C0A06000C0A08000C0A0A000C0A0C000C0A0E000C0C00000C0C02000C0C04000C0C06000
310
C0C08000C0C0A000F0FBFF00A4A0A000808080000000FF0000FF000000FFFF00FF000000FF00FF00FFFF0000FFFFFF0000000000000000000000000000000000000000000000000000000000000000000000000000000000000000000000000000000000000000000000000000000000000000000000000000000000000000
310
00000000000000000000000000000000000000000000000000000000000000000000000000000000000000000000000000000000000000000000000000000000000000000000000000000000000000000000000000000000000000000000000000000000000000000000000000000000000000000000000000000000000000
310
00000000000000000000000000000000000000000000000000000000000000000000000000000000000000000000000000000000000000000000000000000000000000000000000000000000000000000000000000000000000000000000000000000000000000000000000000000000000000000000000000000000000000
310
00000000000000000000000000000000000000000000000000000000000000000000000000000000000000000000000000000000000000000000000000000000000000000000000000000000000000000000000000000000000000000000000000000000000000000000000000000000000000000000FAFAFAFAFA00FAFA00
310
FAFAFA0000F9F9F90000F9F900F900F9F9F900000000FAFAFAFAFAFA00FAFA00FAFAFAFA00F9F9F9F9F9F9F9F9F900F9F9F9000000FAFA0000FAFAFA00FAFAFAFAFAFAFA00F9F900F9F9F9F9F9F9F9F9F9F900000000FAFA00FA000000FAFA0000FAFAFA00F9F90000F9F9F9F9F900F9F90000000000000000000000000000
310
00000000000000000000000000000000000000000000000000000000000000000000000000000000000000000000000000000000000000000000000000000000000000000000000000000000000000000000000000000000000000000000000000000000000000000000000000000000000000000000000000000000000000
310
00000000000000000000000000000000000000000000000000000000000000000000000000000000000000000000000000000000000000000000000000000000000000000000000000000000000000000000000000000000000000000000000000000000000000000000000000000000000000000000000000000000000000
310
00000000000000000000000000000000000000000000000000000000000000000000000000000000000000000000000000000000000000000000000000000000000000000000000000000000000000000000000000000000000000000000000000000000000000000000000000000000000000000000000000000000000000
310
0000000000000000000000000000000000000000000000000000000000000000000000000000000000000000000000000000000000000000
102
{BLKREFS
331
4DE
102
}
1001
AcDbDynamicBlockGUID
1000
{D33C1F8C-5272-4962-ABB0-5EA3126BF108}
1001
AcDbBlockRepETag
1070
     1
1071
        9
  0
BLOCK_RECORD
  5
31F
330
1
100
AcDbSymbolTableRecord
100
AcDbBlockTableRecord
  2
831
340
0
310
2800000020000000200000000100080000000000000400000000000000000000000000000000000000000000000080000080000000808000800000008000800080800000C0C0C000C0DCC000F0CAA6000020400000206000002080000020A0000020C0000020E00000400000004020000040400000406000004080000040A0
310
000040C0000040E00000600000006020000060400000606000006080000060A0000060C0000060E00000800000008020000080400000806000008080000080A0000080C0000080E00000A0000000A0200000A0400000A0600000A0800000A0A00000A0C00000A0E00000C0000000C0200000C0400000C0600000C0800000C0
310
A00000C0C00000C0E00000E0000000E0200000E0400000E0600000E0800000E0A00000E0C00000E0E00040000000400020004000400040006000400080004000A0004000C0004000E00040200000402020004020400040206000402080004020A0004020C0004020E000404000004040200040404000404060004040800040
310
40A0004040C0004040E00040600000406020004060400040606000406080004060A0004060C0004060E00040800000408020004080400040806000408080004080A0004080C0004080E00040A0000040A0200040A0400040A0600040A0800040A0A00040A0C00040A0E00040C0000040C0200040C0400040C0600040C08000
310
40C0A00040C0C00040C0E00040E0000040E0200040E0400040E0600040E0800040E0A00040E0C00040E0E00080000000800020008000400080006000800080008000A0008000C0008000E00080200000802020008020400080206000802080008020A0008020C0008020E00080400000804020008040400080406000804080
310
008040A0008040C0008040E00080600000806020008060400080606000806080008060A0008060C0008060E00080800000808020008080400080806000808080008080A0008080C0008080E00080A0000080A0200080A0400080A0600080A0800080A0A00080A0C00080A0E00080C0000080C0200080C0400080C0600080C0
310
800080C0A00080C0C00080C0E00080E0000080E0200080E0400080E0600080E0800080E0A00080E0C00080E0E000C0000000C0002000C0004000C0006000C0008000C000A000C000C000C000E000C0200000C0202000C0204000C0206000C0208000C020A000C020C000C020E000C0400000C0402000C0404000C0406000C0
310
408000C040A000C040C000C040E000C0600000C0602000C0604000C0606000C0608000C060A000C060C000C060E000C0800000C0802000C0804000C0806000C0808000C080A000C080C000C080E000C0A00000C0A02000C0A04000C0A06000C0A08000C0A0A000C0A0C000C0A0E000C0C00000C0C02000C0C04000C0C06000
310
C0C08000C0C0A000F0FBFF00A4A0A000808080000000FF0000FF000000FFFF00FF000000FF00FF00FFFF0000FFFFFF0000000000000000000000000000000000000000000000000000000000000000000000000000000000000000000000000000000000000000000000000000000000000000000000000000000000000000
310
00000000000000000000000000000000000000000000000000000000000000000000000000000000000000000000000000000000000000000000000000000000000000000000000000000000000000000000000000000000000000000000000000000000000000000000000000000000000000000000000000000000000000
310
00000000000000000000000000000000000000000000000000000000000000000000000000000000000000000000000000000000000000000000000000000000000000000000000000000000000000000000000000000000000000000000000000000000000000000000000000000000000000000000000000000000000000
310
00000000000000000000000000000000000000000000000000000000000000000000000000000000000000000000000000000000000000000000000000000000000000000000000000000000000000000000000000000000000000000000000000000000000000000000000000000000000000000000FAFAFAFAFA0000FA00
310
00FAFAFA00F9F9F9000000F900F900F9F9F9F9000000FAFAFAFAFAFA00FAFA00FAFAFAFA00F9F9F9F9F9F9F9F9F900F9F9F9F90000FAFA0000FAFAFA00FAFAFAFAFAFA0000F9F900F9F9F9F9F9F9F9F9F9F900000000FAFA00FA000000FAFA00FAFAFA0000F9F90000F9F9F9F9F900F9F90000000000000000000000000000
310
00000000000000000000000000000000000000000000000000000000000000000000000000000000000000000000000000000000000000000000000000000000000000000000000000000000000000000000000000000000000000000000000000000000000000000000000000000000000000000000000000000000000000
310
00000000000000000000000000000000000000000000000000000000000000000000000000000000000000000000000000000000000000000000000000000000000000000000000000000000000000000000000000000000000000000000000000000000000000000000000000000000000000000000000000000000000000
310
00000000000000000000000000000000000000000000000000000000000000000000000000000000000000000000000000000000000000000000000000000000000000000000000000000000000000000000000000000000000000000000000000000000000000000000000000000000000000000000000000000000000000
310
0000000000000000000000000000000000000000000000000000000000000000000000000000000000000000000000000000000000000000
102
{BLKREFS
331
4E4
102
}
1001
AcDbDynamicBlockGUID
1000
{AD764EE8-4D9F-4E99-BCD6-46429CBC874F}
1001
AcDbBlockRepETag
1070
     1
1071
        9
  0
BLOCK_RECORD
  5
32B
330
1
100
AcDbSymbolTableRecord
100
AcDbBlockTableRecord
  2
832
340
0
310
2800000020000000200000000100080000000000000400000000000000000000000000000000000000000000000080000080000000808000800000008000800080800000C0C0C000C0DCC000F0CAA6000020400000206000002080000020A0000020C0000020E00000400000004020000040400000406000004080000040A0
310
000040C0000040E00000600000006020000060400000606000006080000060A0000060C0000060E00000800000008020000080400000806000008080000080A0000080C0000080E00000A0000000A0200000A0400000A0600000A0800000A0A00000A0C00000A0E00000C0000000C0200000C0400000C0600000C0800000C0
310
A00000C0C00000C0E00000E0000000E0200000E0400000E0600000E0800000E0A00000E0C00000E0E00040000000400020004000400040006000400080004000A0004000C0004000E00040200000402020004020400040206000402080004020A0004020C0004020E000404000004040200040404000404060004040800040
310
40A0004040C0004040E00040600000406020004060400040606000406080004060A0004060C0004060E00040800000408020004080400040806000408080004080A0004080C0004080E00040A0000040A0200040A0400040A0600040A0800040A0A00040A0C00040A0E00040C0000040C0200040C0400040C0600040C08000
310
40C0A00040C0C00040C0E00040E0000040E0200040E0400040E0600040E0800040E0A00040E0C00040E0E00080000000800020008000400080006000800080008000A0008000C0008000E00080200000802020008020400080206000802080008020A0008020C0008020E00080400000804020008040400080406000804080
310
008040A0008040C0008040E00080600000806020008060400080606000806080008060A0008060C0008060E00080800000808020008080400080806000808080008080A0008080C0008080E00080A0000080A0200080A0400080A0600080A0800080A0A00080A0C00080A0E00080C0000080C0200080C0400080C0600080C0
310
800080C0A00080C0C00080C0E00080E0000080E0200080E0400080E0600080E0800080E0A00080E0C00080E0E000C0000000C0002000C0004000C0006000C0008000C000A000C000C000C000E000C0200000C0202000C0204000C0206000C0208000C020A000C020C000C020E000C0400000C0402000C0404000C0406000C0
310
408000C040A000C040C000C040E000C0600000C0602000C0604000C0606000C0608000C060A000C060C000C060E000C0800000C0802000C0804000C0806000C0808000C080A000C080C000C080E000C0A00000C0A02000C0A04000C0A06000C0A08000C0A0A000C0A0C000C0A0E000C0C00000C0C02000C0C04000C0C06000
310
C0C08000C0C0A000F0FBFF00A4A0A000808080000000FF0000FF000000FFFF00FF000000FF00FF00FFFF0000FFFFFF0000000000000000000000000000000000000000000000000000000000000000000000000000000000000000000000000000000000000000000000000000000000000000000000000000000000000000
310
00000000000000000000000000000000000000000000000000000000000000000000000000000000000000000000000000000000000000000000000000000000000000000000000000000000000000000000000000000000000000000000000000000000000000000000000000000000000000000000000000000000000000
310
00000000000000000000000000000000000000000000000000000000000000000000000000000000000000000000000000000000000000000000000000000000000000000000000000000000000000000000000000000000000000000000000000000000000000000000000000000000000000000000000000000000000000
310
00000000000000000000000000000000000000000000000000000000000000000000000000000000000000000000000000000000000000000000000000000000000000000000000000000000000000000000000000000000000000000000000000000000000000000000000000000000000000000000FAFAFAFAFA0000FA00
310
00FAFAFA00F9F9F90000F9F900F900F9F9F900000000FAFAFAFAFAFA00FAFA00FAFAFAFA00F9F9F9F9F9F9F9F9F900F9F9F9000000FAFA0000FAFAFA00FAFAFAFAFAFAFA00F9F900F9F9F9F9F9F9F9F9F9F900000000FAFA00FA000000FAFA00FAFAFAFA00F9F90000F9F9F9F9F900F9F90000000000000000000000000000
310
00000000000000000000000000000000000000000000000000000000000000000000000000000000000000000000000000000000000000000000000000000000000000000000000000000000000000000000000000000000000000000000000000000000000000000000000000000000000000000000000000000000000000
310
00000000000000000000000000000000000000000000000000000000000000000000000000000000000000000000000000000000000000000000000000000000000000000000000000000000000000000000000000000000000000000000000000000000000000000000000000000000000000000000000000000000000000
310
00000000000000000000000000000000000000000000000000000000000000000000000000000000000000000000000000000000000000000000000000000000000000000000000000000000000000000000000000000000000000000000000000000000000000000000000000000000000000000000000000000000000000
310
0000000000000000000000000000000000000000000000000000000000000000000000000000000000000000000000000000000000000000
102
{BLKREFS
331
4E5
102
}
1001
AcDbBlockRepETag
1070
     1
1071
        9
1001
AcDbDynamicBlockGUID
1000
{F074EB5B-62BB-446B-A1EE-197DA7FAC703}
  0
BLOCK_RECORD
  5
337
330
1
100
AcDbSymbolTableRecord
100
AcDbBlockTableRecord
  2
833
340
0
310
2800000020000000200000000100080000000000000400000000000000000000000000000000000000000000000080000080000000808000800000008000800080800000C0C0C000C0DCC000F0CAA6000020400000206000002080000020A0000020C0000020E00000400000004020000040400000406000004080000040A0
310
000040C0000040E00000600000006020000060400000606000006080000060A0000060C0000060E00000800000008020000080400000806000008080000080A0000080C0000080E00000A0000000A0200000A0400000A0600000A0800000A0A00000A0C00000A0E00000C0000000C0200000C0400000C0600000C0800000C0
310
A00000C0C00000C0E00000E0000000E0200000E0400000E0600000E0800000E0A00000E0C00000E0E00040000000400020004000400040006000400080004000A0004000C0004000E00040200000402020004020400040206000402080004020A0004020C0004020E000404000004040200040404000404060004040800040
310
40A0004040C0004040E00040600000406020004060400040606000406080004060A0004060C0004060E00040800000408020004080400040806000408080004080A0004080C0004080E00040A0000040A0200040A0400040A0600040A0800040A0A00040A0C00040A0E00040C0000040C0200040C0400040C0600040C08000
310
40C0A00040C0C00040C0E00040E0000040E0200040E0400040E0600040E0800040E0A00040E0C00040E0E00080000000800020008000400080006000800080008000A0008000C0008000E00080200000802020008020400080206000802080008020A0008020C0008020E00080400000804020008040400080406000804080
310
008040A0008040C0008040E00080600000806020008060400080606000806080008060A0008060C0008060E00080800000808020008080400080806000808080008080A0008080C0008080E00080A0000080A0200080A0400080A0600080A0800080A0A00080A0C00080A0E00080C0000080C0200080C0400080C0600080C0
310
800080C0A00080C0C00080C0E00080E0000080E0200080E0400080E0600080E0800080E0A00080E0C00080E0E000C0000000C0002000C0004000C0006000C0008000C000A000C000C000C000E000C0200000C0202000C0204000C0206000C0208000C020A000C020C000C020E000C0400000C0402000C0404000C0406000C0
310
408000C040A000C040C000C040E000C0600000C0602000C0604000C0606000C0608000C060A000C060C000C060E000C0800000C0802000C0804000C0806000C0808000C080A000C080C000C080E000C0A00000C0A02000C0A04000C0A06000C0A08000C0A0A000C0A0C000C0A0E000C0C00000C0C02000C0C04000C0C06000
310
C0C08000C0C0A000F0FBFF00A4A0A000808080000000FF0000FF000000FFFF00FF000000FF00FF00FFFF0000FFFFFF0000000000000000000000000000000000000000000000000000000000000000000000000000000000000000000000000000000000000000000000000000000000000000000000000000000000000000
310
00000000000000000000000000000000000000000000000000000000000000000000000000000000000000000000000000000000000000000000000000000000000000000000000000000000000000000000000000000000000000000000000000000000000000000000000000000000000000000000000000000000000000
310
00000000000000000000000000000000000000000000000000000000000000000000000000000000000000000000000000000000000000000000000000000000000000000000000000000000000000000000000000000000000000000000000000000000000000000000000000000000000000000000000000000000000000
310
00000000000000000000000000000000000000000000000000000000000000000000000000000000000000000000000000000000000000000000000000000000000000000000000000000000000000000000000000000000000000000000000000000000000000000000000000000000000000000000FAFAFAFAFA00FA0000
310
FA00FA0000F9F900000000000000000000F900000000FAFAFAFAFAFA00FAFA00FAFAFA00F9F9F9F9F9F9F9F9F9F9F9F9F9F9000000FAFA00FAFAFAFA00FAFAFAFAFAFA00F9F900F9F9F9F9F9F9F9F9F9F9F900000000FAFA00FA000000FAFA00FAFAFA00F9F9F900F9F9F9F9F9F9F9F9F9F900000000000000000000000000
310
00000000000000000000000000000000000000000000000000000000000000000000000000000000000000000000000000000000000000000000000000000000000000000000000000000000000000000000000000000000000000000000000000000000000000000000000000000000000000000000000000000000000000
310
00000000000000000000000000000000000000000000000000000000000000000000000000000000000000000000000000000000000000000000000000000000000000000000000000000000000000000000000000000000000000000000000000000000000000000000000000000000000000000000000000000000000000
310
00000000000000000000000000000000000000000000000000000000000000000000000000000000000000000000000000000000000000000000000000000000000000000000000000000000000000000000000000000000000000000000000000000000000000000000000000000000000000000000000000000000000000
310
0000000000000000000000000000000000000000000000000000000000000000000000000000000000000000000000000000000000000000
102
{BLKREFS
331
4E6
102
}
1001
AcDbDynamicBlockGUID
1000
{4B86A319-954E-43EC-AF6C-E0BE22F97B68}
1001
AcDbBlockRepETag
1070
     1
1071
        9
  0
BLOCK_RECORD
  5
343
330
1
100
AcDbSymbolTableRecord
100
AcDbBlockTableRecord
  2
01
340
0
310
2800000020000000200000000100080000000000000400000000000000000000000000000000000000000000000080000080000000808000800000008000800080800000C0C0C000C0DCC000F0CAA6000020400000206000002080000020A0000020C0000020E00000400000004020000040400000406000004080000040A0
310
000040C0000040E00000600000006020000060400000606000006080000060A0000060C0000060E00000800000008020000080400000806000008080000080A0000080C0000080E00000A0000000A0200000A0400000A0600000A0800000A0A00000A0C00000A0E00000C0000000C0200000C0400000C0600000C0800000C0
310
A00000C0C00000C0E00000E0000000E0200000E0400000E0600000E0800000E0A00000E0C00000E0E00040000000400020004000400040006000400080004000A0004000C0004000E00040200000402020004020400040206000402080004020A0004020C0004020E000404000004040200040404000404060004040800040
310
40A0004040C0004040E00040600000406020004060400040606000406080004060A0004060C0004060E00040800000408020004080400040806000408080004080A0004080C0004080E00040A0000040A0200040A0400040A0600040A0800040A0A00040A0C00040A0E00040C0000040C0200040C0400040C0600040C08000
310
40C0A00040C0C00040C0E00040E0000040E0200040E0400040E0600040E0800040E0A00040E0C00040E0E00080000000800020008000400080006000800080008000A0008000C0008000E00080200000802020008020400080206000802080008020A0008020C0008020E00080400000804020008040400080406000804080
310
008040A0008040C0008040E00080600000806020008060400080606000806080008060A0008060C0008060E00080800000808020008080400080806000808080008080A0008080C0008080E00080A0000080A0200080A0400080A0600080A0800080A0A00080A0C00080A0E00080C0000080C0200080C0400080C0600080C0
310
800080C0A00080C0C00080C0E00080E0000080E0200080E0400080E0600080E0800080E0A00080E0C00080E0E000C0000000C0002000C0004000C0006000C0008000C000A000C000C000C000E000C0200000C0202000C0204000C0206000C0208000C020A000C020C000C020E000C0400000C0402000C0404000C0406000C0
310
408000C040A000C040C000C040E000C0600000C0602000C0604000C0606000C0608000C060A000C060C000C060E000C0800000C0802000C0804000C0806000C0808000C080A000C080C000C080E000C0A00000C0A02000C0A04000C0A06000C0A08000C0A0A000C0A0C000C0A0E000C0C00000C0C02000C0C04000C0C06000
310
C0C08000C0C0A000F0FBFF00A4A0A000808080000000FF0000FF000000FFFF00FF000000FF00FF00FFFF0000FFFFFF0000000000000000000000000000000000000000000000000000000000000000000000000000000000000000000000000000000000000000000000000000000000000000000000000000000000000000
310
00000000000000000000000000000000000000000000000000000000000000000000000000000000000000000000000000000000000000000000000000000000000000000000000000000000000000000000000000000000000000000000000000000000000000000000000000000000000000000000000000000000000000
310
0000000000000000000000000000000000000000000000000000000000000000000000000000000000000000000000000000000000000000000000000000000000000000000000000000000000000000000000000000FDFD0000000000000000000000000000000000000000FDFDFDFDFD00000000FD0000FD000000000000
310
0000000000000000000000000000FDFD000000000000FD000000FD00000000000000000000000000000000000000FDFD0000000000FD00000000FD00000000000000000000000000000000000000FDFD0000000000FD00000000FD00000000000000000000000000000000000000FDFD00000000FDFD00000000FD00000000
310
000000000000000000000000000000FDFD00000000FDFD00000000FD0000FDFDFDFDFDFDFDFDFDFDFDFD0000000000FDFD00000000FDFD00000000FD00000000000000000000000000000000000000FDFD00000000FDFD00000000FD00000000000000000000000000000000000000FDFD0000000000FD00000000FD000000
310
00000000000000000000000000000000FDFD0000000000FD00000000FD000000000000000000000000000000000000FDFDFD000000000000FD000000FD00000000000000000000000000000000000000FDFD000000000000FD0000FD0000000000000000000000000000000000000000FDFD00000000000000FDFD00000000
310
000000000000000000000000000000000000FD000000000000000000000000000000000000000000000000000000000000000000000000000000000000000000000000000000000000000000000000000000000000000000000000000000000000000000000000000000000000000000000000000000000000000000000000
310
00000000000000000000000000000000000000000000000000000000000000000000000000000000000000000000000000000000000000000000000000000000000000000000000000000000000000000000000000000000000000000000000000000000000000000000000000000000000000000000000000000000000000
310
0000000000000000000000000000000000000000000000000000000000000000000000000000000000000000000000000000000000000000
102
{BLKREFS
331
4B1
331
5A8
331
5AF
331
5BD
102
}
1001
ACAD
1000
DesignCenter Data
1002
{
1070
     1
1070
     4
1002
}
  0
BLOCK_RECORD
  5
347
330
1
100
AcDbSymbolTableRecord
100
AcDbBlockTableRecord
  2
02
340
0
310
2800000020000000200000000100080000000000000400000000000000000000000000000000000000000000000080000080000000808000800000008000800080800000C0C0C000C0DCC000F0CAA6000020400000206000002080000020A0000020C0000020E00000400000004020000040400000406000004080000040A0
310
000040C0000040E00000600000006020000060400000606000006080000060A0000060C0000060E00000800000008020000080400000806000008080000080A0000080C0000080E00000A0000000A0200000A0400000A0600000A0800000A0A00000A0C00000A0E00000C0000000C0200000C0400000C0600000C0800000C0
310
A00000C0C00000C0E00000E0000000E0200000E0400000E0600000E0800000E0A00000E0C00000E0E00040000000400020004000400040006000400080004000A0004000C0004000E00040200000402020004020400040206000402080004020A0004020C0004020E000404000004040200040404000404060004040800040
310
40A0004040C0004040E00040600000406020004060400040606000406080004060A0004060C0004060E00040800000408020004080400040806000408080004080A0004080C0004080E00040A0000040A0200040A0400040A0600040A0800040A0A00040A0C00040A0E00040C0000040C0200040C0400040C0600040C08000
310
40C0A00040C0C00040C0E00040E0000040E0200040E0400040E0600040E0800040E0A00040E0C00040E0E00080000000800020008000400080006000800080008000A0008000C0008000E00080200000802020008020400080206000802080008020A0008020C0008020E00080400000804020008040400080406000804080
310
008040A0008040C0008040E00080600000806020008060400080606000806080008060A0008060C0008060E00080800000808020008080400080806000808080008080A0008080C0008080E00080A0000080A0200080A0400080A0600080A0800080A0A00080A0C00080A0E00080C0000080C0200080C0400080C0600080C0
310
800080C0A00080C0C00080C0E00080E0000080E0200080E0400080E0600080E0800080E0A00080E0C00080E0E000C0000000C0002000C0004000C0006000C0008000C000A000C000C000C000E000C0200000C0202000C0204000C0206000C0208000C020A000C020C000C020E000C0400000C0402000C0404000C0406000C0
310
408000C040A000C040C000C040E000C0600000C0602000C0604000C0606000C0608000C060A000C060C000C060E000C0800000C0802000C0804000C0806000C0808000C080A000C080C000C080E000C0A00000C0A02000C0A04000C0A06000C0A08000C0A0A000C0A0C000C0A0E000C0C00000C0C02000C0C04000C0C06000
310
C0C08000C0C0A000F0FBFF00A4A0A000808080000000FF0000FF000000FFFF00FF000000FF00FF00FFFF0000FFFFFF0000000000000000000000000000000000000000000000000000000000000000000000000000000000000000000000000000000000000000000000000000000000000000000000000000000000000000
310
00000000000000000000000000000000000000000000000000000000000000000000000000000000000000000000000000000000000000000000000000000000000000000000000000000000000000000000000000000000000000000000000000000000000000000000000000000000000000000000000000000000000000
310
000000000000000000000000000000000000000000000000000000000000000000000000000000000000000000000000000000000000000000000000000000000000000000000000000000000000000000000000000000000000000000000000000000000000000000000000000000000000000000FDFDFDFD000000000000
310
0000000000000000000000FD0000FDFDFD0000000000FD0000FDFD00000000000000000000000000000000FDFDFD0000FDFD000000FD000000FDFD00000000000000000000000000000000FD000000000000000000FD000000FDFD00000000000000000000000000000000FD0000000000000000FDFD00000000FD00000000
310
00000000000000000000000000FD00000000000000FDFD00000000FD00FDFDFDFDFDFDFDFDFDFDFDFD0000000000FD000000000000FDFD00000000FD00000000000000000000000000000000000000FDFD00000000FDFD00000000FD000000000000000000000000000000000000000000FD00000000FD000000FDFD000000
310
00000000000000000000000000FD00000000FDFD000000FD000000FDFD00000000000000000000000000000000FDFD000000FDFD00000000FD0000FDFD00000000000000000000000000000000FD00000000FD0000000000FDFDFDFD000000000000000000000000000000000000FDFDFDFDFD000000000000000000000000
310
00000000000000000000000000000000000000000000000000000000000000000000000000000000000000000000000000000000000000000000000000000000000000000000000000000000000000000000000000000000000000000000000000000000000000000000000000000000000000000000000000000000000000
310
00000000000000000000000000000000000000000000000000000000000000000000000000000000000000000000000000000000000000000000000000000000000000000000000000000000000000000000000000000000000000000000000000000000000000000000000000000000000000000000000000000000000000
310
0000000000000000000000000000000000000000000000000000000000000000000000000000000000000000000000000000000000000000
102
{BLKREFS
331
4B2
102
}
1001
ACAD
1000
DesignCenter Data
1002
{
1070
     1
1070
     4
1002
}
  0
BLOCK_RECORD
  5
34B
330
1
100
AcDbSymbolTableRecord
100
AcDbBlockTableRecord
  2
03
340
0
310
2800000020000000200000000100080000000000000400000000000000000000000000000000000000000000000080000080000000808000800000008000800080800000C0C0C000C0DCC000F0CAA6000020400000206000002080000020A0000020C0000020E00000400000004020000040400000406000004080000040A0
310
000040C0000040E00000600000006020000060400000606000006080000060A0000060C0000060E00000800000008020000080400000806000008080000080A0000080C0000080E00000A0000000A0200000A0400000A0600000A0800000A0A00000A0C00000A0E00000C0000000C0200000C0400000C0600000C0800000C0
310
A00000C0C00000C0E00000E0000000E0200000E0400000E0600000E0800000E0A00000E0C00000E0E00040000000400020004000400040006000400080004000A0004000C0004000E00040200000402020004020400040206000402080004020A0004020C0004020E000404000004040200040404000404060004040800040
310
40A0004040C0004040E00040600000406020004060400040606000406080004060A0004060C0004060E00040800000408020004080400040806000408080004080A0004080C0004080E00040A0000040A0200040A0400040A0600040A0800040A0A00040A0C00040A0E00040C0000040C0200040C0400040C0600040C08000
310
40C0A00040C0C00040C0E00040E0000040E0200040E0400040E0600040E0800040E0A00040E0C00040E0E00080000000800020008000400080006000800080008000A0008000C0008000E00080200000802020008020400080206000802080008020A0008020C0008020E00080400000804020008040400080406000804080
310
008040A0008040C0008040E00080600000806020008060400080606000806080008060A0008060C0008060E00080800000808020008080400080806000808080008080A0008080C0008080E00080A0000080A0200080A0400080A0600080A0800080A0A00080A0C00080A0E00080C0000080C0200080C0400080C0600080C0
310
800080C0A00080C0C00080C0E00080E0000080E0200080E0400080E0600080E0800080E0A00080E0C00080E0E000C0000000C0002000C0004000C0006000C0008000C000A000C000C000C000E000C0200000C0202000C0204000C0206000C0208000C020A000C020C000C020E000C0400000C0402000C0404000C0406000C0
310
408000C040A000C040C000C040E000C0600000C0602000C0604000C0606000C0608000C060A000C060C000C060E000C0800000C0802000C0804000C0806000C0808000C080A000C080C000C080E000C0A00000C0A02000C0A04000C0A06000C0A08000C0A0A000C0A0C000C0A0E000C0C00000C0C02000C0C04000C0C06000
310
C0C08000C0C0A000F0FBFF00A4A0A000808080000000FF0000FF000000FFFF00FF000000FF00FF00FFFF0000FFFFFF0000000000000000000000000000000000000000000000000000000000000000000000000000000000000000000000000000000000000000000000000000000000000000000000000000000000000000
310
00000000000000000000000000000000000000000000000000000000000000000000000000000000000000000000000000000000000000000000000000000000000000000000000000000000000000000000000000000000000000000000000000000000000000000000000000000000000000000000000000000000000000
310
000000000000000000000000000000000000000000000000000000000000000000000000000000000000000000000000000000000000000000000000000000000000000000000000000000000000000000000000000000000000000000000000000000000000000000000000000000000000000000FDFDFDFD000000000000
310
000000000000000000000000FDFDFDFDFD0000000000FD0000FDFD00000000000000000000000000000000FD00000000FD00000000FD000000FDFD00000000000000000000000000000000FDFD000000FDFD000000FD000000FDFD00000000000000000000000000000000FD00000000FDFD0000FDFD00000000FD00000000
310
0000000000000000000000000000000000FDFD0000FDFD00000000FD00FDFDFDFDFDFDFDFDFDFDFDFD0000000000000000FD000000FDFD00000000FD000000000000000000000000000000000000FDFDFD00000000FDFD00000000FD0000000000000000000000000000000000000000FDFD00000000FD000000FDFD000000
310
00000000000000000000000000FD00000000FD00000000FD000000FDFD00000000000000000000000000000000FDFD000000FD0000000000FD0000FDFD00000000000000000000000000000000FD00000000FD0000000000FDFDFDFD000000000000000000000000000000000000FDFDFDFDFD000000000000000000000000
310
00000000000000000000000000000000000000000000000000000000000000000000000000000000000000000000000000000000000000000000000000000000000000000000000000000000000000000000000000000000000000000000000000000000000000000000000000000000000000000000000000000000000000
310
00000000000000000000000000000000000000000000000000000000000000000000000000000000000000000000000000000000000000000000000000000000000000000000000000000000000000000000000000000000000000000000000000000000000000000000000000000000000000000000000000000000000000
310
0000000000000000000000000000000000000000000000000000000000000000000000000000000000000000000000000000000000000000
102
{BLKREFS
331
4B3
102
}
1001
ACAD
1000
DesignCenter Data
1002
{
1070
     1
1070
     4
1002
}
  0
BLOCK_RECORD
  5
34F
102
{ACAD_XDICTIONARY
360
350
102
}
330
1
100
AcDbSymbolTableRecord
100
AcDbBlockTableRecord
  2
213
340
0
102
{BLKREFS
331
4B0
102
}
1001
AcDbDynamicBlockGUID
1000
{719CE5F2-A4D4-428C-8F44-CF6A9EE8C1DD}
1001
AcDbBlockRepETag
1070
     1
1071
        8
  0
BLOCK_RECORD
  5
35B
102
{ACAD_XDICTIONARY
360
35C
102
}
330
1
100
AcDbSymbolTableRecord
100
AcDbBlockTableRecord
  2
232(el+dl)
340
0
310
2800000020000000200000000100080000000000000400000000000000000000000000000000000000000000000080000080000000808000800000008000800080800000C0C0C000C0DCC000F0CAA6000020400000206000002080000020A0000020C0000020E00000400000004020000040400000406000004080000040A0
310
000040C0000040E00000600000006020000060400000606000006080000060A0000060C0000060E00000800000008020000080400000806000008080000080A0000080C0000080E00000A0000000A0200000A0400000A0600000A0800000A0A00000A0C00000A0E00000C0000000C0200000C0400000C0600000C0800000C0
310
A00000C0C00000C0E00000E0000000E0200000E0400000E0600000E0800000E0A00000E0C00000E0E00040000000400020004000400040006000400080004000A0004000C0004000E00040200000402020004020400040206000402080004020A0004020C0004020E000404000004040200040404000404060004040800040
310
40A0004040C0004040E00040600000406020004060400040606000406080004060A0004060C0004060E00040800000408020004080400040806000408080004080A0004080C0004080E00040A0000040A0200040A0400040A0600040A0800040A0A00040A0C00040A0E00040C0000040C0200040C0400040C0600040C08000
310
40C0A00040C0C00040C0E00040E0000040E0200040E0400040E0600040E0800040E0A00040E0C00040E0E00080000000800020008000400080006000800080008000A0008000C0008000E00080200000802020008020400080206000802080008020A0008020C0008020E00080400000804020008040400080406000804080
310
008040A0008040C0008040E00080600000806020008060400080606000806080008060A0008060C0008060E00080800000808020008080400080806000808080008080A0008080C0008080E00080A0000080A0200080A0400080A0600080A0800080A0A00080A0C00080A0E00080C0000080C0200080C0400080C0600080C0
310
800080C0A00080C0C00080C0E00080E0000080E0200080E0400080E0600080E0800080E0A00080E0C00080E0E000C0000000C0002000C0004000C0006000C0008000C000A000C000C000C000E000C0200000C0202000C0204000C0206000C0208000C020A000C020C000C020E000C0400000C0402000C0404000C0406000C0
310
408000C040A000C040C000C040E000C0600000C0602000C0604000C0606000C0608000C060A000C060C000C060E000C0800000C0802000C0804000C0806000C0808000C080A000C080C000C080E000C0A00000C0A02000C0A04000C0A06000C0A08000C0A0A000C0A0C000C0A0E000C0C00000C0C02000C0C04000C0C06000
310
C0C08000C0C0A000F0FBFF00A4A0A000808080000000FF0000FF000000FFFF00FF000000FF00FF00FFFF0000FFFFFF0000000000000000000000000000000000000000000000000000000000000000000000000000000000000000000000000000000000000000000000000000000000000000000000000000000000000000
310
00000000000000000000000000000000000000000000000000000000000000000000000000000000000000000000000000000000000000000000000000000000000000000000000000000000000000000000000000000000000000000000000000000000000000000000000000000000000000000000000000000000000000
310
00000000000000000000000000000000000000000000000000000000000000000000000000000000000000000000000000000000000000000000000000000000000000000000000000000000000000000000000000000000000000000000000000000000000000000000000000000000000000000000000000000000000000
310
00000000000000000000000000000000000000000000000000000000000000000000000000000000000000000000000000000000000000000000000000000000000000000000000000000000000000000000000000FAFAFAFA0000000000000000FA000000000000F9F90000000000000000000000FAFAFAFA00000000FAFA
310
0000FAFAFAFA00F9F9F9F900F9F9F9F9F9F900000000FAFAFAFA00000000FAFAFAFAFAFAFAFA00F9F9F9F9F9F9F9F9F9F9F900000000FAFAFAFAFAFAFAFAFAFA0000FAFAFAFA00F9F9F9F9F9F9F9F9F9F9F900000000FAFAFAFAFAFAFAFAFAFA0000FAFAFAFA00F9F9F90000F9F9F9F9F9F900000000000000FAFAFAFAFA00
310
00000000000000000000000000000000000000000000000000000000000000000000000000000000000000000000000000000000000000000000000000000000000000000000000000000000000000000000000000000000000000000000000000000000000000000000000000000000000000000000000000000000000000
310
00000000000000000000000000000000000000000000000000000000000000000000000000000000000000000000000000000000000000000000000000000000000000000000000000000000000000000000000000000000000000000000000000000000000000000000000000000000000000000000000000000000000000
310
00000000000000000000000000000000000000000000000000000000000000000000000000000000000000000000000000000000000000000000000000000000000000000000000000000000000000000000000000000000000000000000000000000000000000000000000000000000000000000000000000000000000000
310
0000000000000000000000000000000000000000000000000000000000000000000000000000000000000000000000000000000000000000
102
{BLKREFS
331
4B4
102
}
  0
BLOCK_RECORD
  5
367
102
{ACAD_XDICTIONARY
360
368
102
}
330
1
100
AcDbSymbolTableRecord
100
AcDbBlockTableRecord
  2
721
340
0
310
2800000020000000200000000100080000000000000400000000000000000000000000000000000000000000000080000080000000808000800000008000800080800000C0C0C000C0DCC000F0CAA6000020400000206000002080000020A0000020C0000020E00000400000004020000040400000406000004080000040A0
310
000040C0000040E00000600000006020000060400000606000006080000060A0000060C0000060E00000800000008020000080400000806000008080000080A0000080C0000080E00000A0000000A0200000A0400000A0600000A0800000A0A00000A0C00000A0E00000C0000000C0200000C0400000C0600000C0800000C0
310
A00000C0C00000C0E00000E0000000E0200000E0400000E0600000E0800000E0A00000E0C00000E0E00040000000400020004000400040006000400080004000A0004000C0004000E00040200000402020004020400040206000402080004020A0004020C0004020E000404000004040200040404000404060004040800040
310
40A0004040C0004040E00040600000406020004060400040606000406080004060A0004060C0004060E00040800000408020004080400040806000408080004080A0004080C0004080E00040A0000040A0200040A0400040A0600040A0800040A0A00040A0C00040A0E00040C0000040C0200040C0400040C0600040C08000
310
40C0A00040C0C00040C0E00040E0000040E0200040E0400040E0600040E0800040E0A00040E0C00040E0E00080000000800020008000400080006000800080008000A0008000C0008000E00080200000802020008020400080206000802080008020A0008020C0008020E00080400000804020008040400080406000804080
310
008040A0008040C0008040E00080600000806020008060400080606000806080008060A0008060C0008060E00080800000808020008080400080806000808080008080A0008080C0008080E00080A0000080A0200080A0400080A0600080A0800080A0A00080A0C00080A0E00080C0000080C0200080C0400080C0600080C0
310
800080C0A00080C0C00080C0E00080E0000080E0200080E0400080E0600080E0800080E0A00080E0C00080E0E000C0000000C0002000C0004000C0006000C0008000C000A000C000C000C000E000C0200000C0202000C0204000C0206000C0208000C020A000C020C000C020E000C0400000C0402000C0404000C0406000C0
310
408000C040A000C040C000C040E000C0600000C0602000C0604000C0606000C0608000C060A000C060C000C060E000C0800000C0802000C0804000C0806000C0808000C080A000C080C000C080E000C0A00000C0A02000C0A04000C0A06000C0A08000C0A0A000C0A0C000C0A0E000C0C00000C0C02000C0C04000C0C06000
310
C0C08000C0C0A000F0FBFF00A4A0A000808080000000FF0000FF000000FFFF00FF000000FF00FF00FFFF0000FFFFFF0000000000000000000000000000000000000000000000000000000000000000000000000000000000000000000000000000000000000000000000000000000000000000000000000000000000000000
310
00000000000000000000000000000000000000000000000000000000000000000000000000000000000000000000000000000000000000000000000000000000000000000000000000000000000000000000000000000000000000000000000000000000000000000000000000000000000000000000000000000000000000
310
00000000000000000000000000000000000000000000000000000000000000000000000000000000000000000000000000000000000000000000000000000000000000000000000000000000000000000000000000000000000000000000000000000000000000000000000000000000000000000000000000000000000000
310
000000000000000000000000000000000000000000000000000000000000000000000000000000000000000000000000000000000000000000000000000000000000000000000000000000000000000000000000000000000000000000000000000000000000000000000000000000000000000000FAFAFAFAFAFA00FA00FA
310
FAFAFA00F9F9F900F9F9F9F9F9F900F9F9F900000000FAFAFAFAFAFAFAFA00FAFAFAFAF9F9F9F9F9F9F9F9F9F9F900F9F9F9F9000000FA0000FAFAFA00FAFAFAFAFAFAF9F9F900F9F9F9F9F9F9F900F9F9F900000000FAFA00FAFA00FAFA00FAFAFAFA00F9F900F9F9F9F9F9F9F900F9F90000000000FAFA00000000000000
310
00000000000000000000000000000000000000000000000000000000000000000000000000000000000000000000000000000000000000000000000000000000000000000000000000000000000000000000000000000000000000000000000000000000000000000000000000000000000000000000000000000000000000
310
00000000000000000000000000000000000000000000000000000000000000000000000000000000000000000000000000000000000000000000000000000000000000000000000000000000000000000000000000000000000000000000000000000000000000000000000000000000000000000000000000000000000000
310
00000000000000000000000000000000000000000000000000000000000000000000000000000000000000000000000000000000000000000000000000000000000000000000000000000000000000000000000000000000000000000000000000000000000000000000000000000000000000000000000000000000000000
310
0000000000000000000000000000000000000000000000000000000000000000000000000000000000000000000000000000000000000000
102
{BLKREFS
331
4DA
102
}
  0
BLOCK_RECORD
  5
374
102
{ACAD_XDICTIONARY
360
375
102
}
330
1
100
AcDbSymbolTableRecord
100
AcDbBlockTableRecord
  2
722
340
0
310
2800000020000000200000000100080000000000000400000000000000000000000000000000000000000000000080000080000000808000800000008000800080800000C0C0C000C0DCC000F0CAA6000020400000206000002080000020A0000020C0000020E00000400000004020000040400000406000004080000040A0
310
000040C0000040E00000600000006020000060400000606000006080000060A0000060C0000060E00000800000008020000080400000806000008080000080A0000080C0000080E00000A0000000A0200000A0400000A0600000A0800000A0A00000A0C00000A0E00000C0000000C0200000C0400000C0600000C0800000C0
310
A00000C0C00000C0E00000E0000000E0200000E0400000E0600000E0800000E0A00000E0C00000E0E00040000000400020004000400040006000400080004000A0004000C0004000E00040200000402020004020400040206000402080004020A0004020C0004020E000404000004040200040404000404060004040800040
310
40A0004040C0004040E00040600000406020004060400040606000406080004060A0004060C0004060E00040800000408020004080400040806000408080004080A0004080C0004080E00040A0000040A0200040A0400040A0600040A0800040A0A00040A0C00040A0E00040C0000040C0200040C0400040C0600040C08000
310
40C0A00040C0C00040C0E00040E0000040E0200040E0400040E0600040E0800040E0A00040E0C00040E0E00080000000800020008000400080006000800080008000A0008000C0008000E00080200000802020008020400080206000802080008020A0008020C0008020E00080400000804020008040400080406000804080
310
008040A0008040C0008040E00080600000806020008060400080606000806080008060A0008060C0008060E00080800000808020008080400080806000808080008080A0008080C0008080E00080A0000080A0200080A0400080A0600080A0800080A0A00080A0C00080A0E00080C0000080C0200080C0400080C0600080C0
310
800080C0A00080C0C00080C0E00080E0000080E0200080E0400080E0600080E0800080E0A00080E0C00080E0E000C0000000C0002000C0004000C0006000C0008000C000A000C000C000C000E000C0200000C0202000C0204000C0206000C0208000C020A000C020C000C020E000C0400000C0402000C0404000C0406000C0
310
408000C040A000C040C000C040E000C0600000C0602000C0604000C0606000C0608000C060A000C060C000C060E000C0800000C0802000C0804000C0806000C0808000C080A000C080C000C080E000C0A00000C0A02000C0A04000C0A06000C0A08000C0A0A000C0A0C000C0A0E000C0C00000C0C02000C0C04000C0C06000
310
C0C08000C0C0A000F0FBFF00A4A0A000808080000000FF0000FF000000FFFF00FF000000FF00FF00FFFF0000FFFFFF0000000000000000000000000000000000000000000000000000000000000000000000000000000000000000000000000000000000000000000000000000000000000000000000000000000000000000
310
00000000000000000000000000000000000000000000000000000000000000000000000000000000000000000000000000000000000000000000000000000000000000000000000000000000000000000000000000000000000000000000000000000000000000000000000000000000000000000000000000000000000000
310
00000000000000000000000000000000000000000000000000000000000000000000000000000000000000000000000000000000000000000000000000000000000000000000000000000000000000000000000000000000000000000000000000000000000000000000000000000000000000000000000000000000000000
310
000000000000000000000000000000000000000000000000000000000000000000000000000000000000000000000000000000000000000000000000000000000000000000000000000000000000000000000000000000000000000000000000000000000000000000000000000000000000000000FAFAFAFAFAFA00FA00FA
310
FAFAFA00F9F9F90000F9F9F9F9F900F9F9F900000000FAFAFAFAFAFAFAFA00FAFAFAFAF9F9F9F9F9F9F9F9F9F9F900F9F9F900000000FA0000FAFAFA00FAFAFAFAFAFAF9F9F900F9F9F9F9F9F9F900F9F9F900000000FAFA00FAFA00FAFA00FAFAFAFA00F9F900F9F9F9F9F9F9F900F9F90000000000FAFA00000000000000
310
00000000000000000000000000000000000000000000000000000000000000000000000000000000000000000000000000000000000000000000000000000000000000000000000000000000000000000000000000000000000000000000000000000000000000000000000000000000000000000000000000000000000000
310
00000000000000000000000000000000000000000000000000000000000000000000000000000000000000000000000000000000000000000000000000000000000000000000000000000000000000000000000000000000000000000000000000000000000000000000000000000000000000000000000000000000000000
310
00000000000000000000000000000000000000000000000000000000000000000000000000000000000000000000000000000000000000000000000000000000000000000000000000000000000000000000000000000000000000000000000000000000000000000000000000000000000000000000000000000000000000
310
0000000000000000000000000000000000000000000000000000000000000000000000000000000000000000000000000000000000000000
102
{BLKREFS
331
4D8
102
}
  0
BLOCK_RECORD
  5
381
102
{ACAD_XDICTIONARY
360
382
102
}
330
1
100
AcDbSymbolTableRecord
100
AcDbBlockTableRecord
  2
723
340
0
310
2800000020000000200000000100080000000000000400000000000000000000000000000000000000000000000080000080000000808000800000008000800080800000C0C0C000C0DCC000F0CAA6000020400000206000002080000020A0000020C0000020E00000400000004020000040400000406000004080000040A0
310
000040C0000040E00000600000006020000060400000606000006080000060A0000060C0000060E00000800000008020000080400000806000008080000080A0000080C0000080E00000A0000000A0200000A0400000A0600000A0800000A0A00000A0C00000A0E00000C0000000C0200000C0400000C0600000C0800000C0
310
A00000C0C00000C0E00000E0000000E0200000E0400000E0600000E0800000E0A00000E0C00000E0E00040000000400020004000400040006000400080004000A0004000C0004000E00040200000402020004020400040206000402080004020A0004020C0004020E000404000004040200040404000404060004040800040
310
40A0004040C0004040E00040600000406020004060400040606000406080004060A0004060C0004060E00040800000408020004080400040806000408080004080A0004080C0004080E00040A0000040A0200040A0400040A0600040A0800040A0A00040A0C00040A0E00040C0000040C0200040C0400040C0600040C08000
310
40C0A00040C0C00040C0E00040E0000040E0200040E0400040E0600040E0800040E0A00040E0C00040E0E00080000000800020008000400080006000800080008000A0008000C0008000E00080200000802020008020400080206000802080008020A0008020C0008020E00080400000804020008040400080406000804080
310
008040A0008040C0008040E00080600000806020008060400080606000806080008060A0008060C0008060E00080800000808020008080400080806000808080008080A0008080C0008080E00080A0000080A0200080A0400080A0600080A0800080A0A00080A0C00080A0E00080C0000080C0200080C0400080C0600080C0
310
800080C0A00080C0C00080C0E00080E0000080E0200080E0400080E0600080E0800080E0A00080E0C00080E0E000C0000000C0002000C0004000C0006000C0008000C000A000C000C000C000E000C0200000C0202000C0204000C0206000C0208000C020A000C020C000C020E000C0400000C0402000C0404000C0406000C0
310
408000C040A000C040C000C040E000C0600000C0602000C0604000C0606000C0608000C060A000C060C000C060E000C0800000C0802000C0804000C0806000C0808000C080A000C080C000C080E000C0A00000C0A02000C0A04000C0A06000C0A08000C0A0A000C0A0C000C0A0E000C0C00000C0C02000C0C04000C0C06000
310
C0C08000C0C0A000F0FBFF00A4A0A000808080000000FF0000FF000000FFFF00FF000000FF00FF00FFFF0000FFFFFF0000000000000000000000000000000000000000000000000000000000000000000000000000000000000000000000000000000000000000000000000000000000000000000000000000000000000000
310
00000000000000000000000000000000000000000000000000000000000000000000000000000000000000000000000000000000000000000000000000000000000000000000000000000000000000000000000000000000000000000000000000000000000000000000000000000000000000000000000000000000000000
310
00000000000000000000000000000000000000000000000000000000000000000000000000000000000000000000000000000000000000000000000000000000000000000000000000000000000000000000000000000000000000000000000000000000000000000000000000000000000000000000000000000000000000
310
000000000000000000000000000000000000000000000000000000000000000000000000000000000000000000000000000000000000000000000000000000000000000000000000000000000000000000000000000000000000000000000000000000000000000000000000000000000000000000FAFAFAFAFAFA00FA00FA
310
FAFAFA00F9F9F90000F900F9F9F900F9F9F900000000FAFAFAFAFAFAFAFA00FAFAFAFAF9F9F9F9F9F9F9F9F9F9F900F9F9F900000000FA0000FAFAFA00FAFAFAFAFAFAF9F9F900F9F9F9F9F9F9F900F9F9F900000000FAFA00FAFA00FAFA00FAFAFAFA00F9F900F9F9F9F9F9F9F900F9F90000000000FAFA00000000000000
310
00000000000000000000000000000000000000000000000000000000000000000000000000000000000000000000000000000000000000000000000000000000000000000000000000000000000000000000000000000000000000000000000000000000000000000000000000000000000000000000000000000000000000
310
00000000000000000000000000000000000000000000000000000000000000000000000000000000000000000000000000000000000000000000000000000000000000000000000000000000000000000000000000000000000000000000000000000000000000000000000000000000000000000000000000000000000000
310
00000000000000000000000000000000000000000000000000000000000000000000000000000000000000000000000000000000000000000000000000000000000000000000000000000000000000000000000000000000000000000000000000000000000000000000000000000000000000000000000000000000000000
310
0000000000000000000000000000000000000000000000000000000000000000000000000000000000000000000000000000000000000000
102
{BLKREFS
331
4D9
102
}
  0
BLOCK_RECORD
  5
38E
102
{ACAD_XDICTIONARY
360
38F
102
}
330
1
100
AcDbSymbolTableRecord
100
AcDbBlockTableRecord
  2
751
340
0
310
2800000020000000200000000100080000000000000400000000000000000000000000000000000000000000000080000080000000808000800000008000800080800000C0C0C000C0DCC000F0CAA6000020400000206000002080000020A0000020C0000020E00000400000004020000040400000406000004080000040A0
310
000040C0000040E00000600000006020000060400000606000006080000060A0000060C0000060E00000800000008020000080400000806000008080000080A0000080C0000080E00000A0000000A0200000A0400000A0600000A0800000A0A00000A0C00000A0E00000C0000000C0200000C0400000C0600000C0800000C0
310
A00000C0C00000C0E00000E0000000E0200000E0400000E0600000E0800000E0A00000E0C00000E0E00040000000400020004000400040006000400080004000A0004000C0004000E00040200000402020004020400040206000402080004020A0004020C0004020E000404000004040200040404000404060004040800040
310
40A0004040C0004040E00040600000406020004060400040606000406080004060A0004060C0004060E00040800000408020004080400040806000408080004080A0004080C0004080E00040A0000040A0200040A0400040A0600040A0800040A0A00040A0C00040A0E00040C0000040C0200040C0400040C0600040C08000
310
40C0A00040C0C00040C0E00040E0000040E0200040E0400040E0600040E0800040E0A00040E0C00040E0E00080000000800020008000400080006000800080008000A0008000C0008000E00080200000802020008020400080206000802080008020A0008020C0008020E00080400000804020008040400080406000804080
310
008040A0008040C0008040E00080600000806020008060400080606000806080008060A0008060C0008060E00080800000808020008080400080806000808080008080A0008080C0008080E00080A0000080A0200080A0400080A0600080A0800080A0A00080A0C00080A0E00080C0000080C0200080C0400080C0600080C0
310
800080C0A00080C0C00080C0E00080E0000080E0200080E0400080E0600080E0800080E0A00080E0C00080E0E000C0000000C0002000C0004000C0006000C0008000C000A000C000C000C000E000C0200000C0202000C0204000C0206000C0208000C020A000C020C000C020E000C0400000C0402000C0404000C0406000C0
310
408000C040A000C040C000C040E000C0600000C0602000C0604000C0606000C0608000C060A000C060C000C060E000C0800000C0802000C0804000C0806000C0808000C080A000C080C000C080E000C0A00000C0A02000C0A04000C0A06000C0A08000C0A0A000C0A0C000C0A0E000C0C00000C0C02000C0C04000C0C06000
310
C0C08000C0C0A000F0FBFF00A4A0A000808080000000FF0000FF000000FFFF00FF000000FF00FF00FFFF0000FFFFFF0000000000000000000000000000000000000000000000000000000000000000000000000000000000000000000000000000000000000000000000000000000000000000000000000000000000000000
310
00000000000000000000000000000000000000000000000000000000000000000000000000000000000000000000000000000000000000000000000000000000000000000000000000000000000000000000000000000000000000000000000000000000000000000000000000000000000000000000000000000000000000
310
00000000000000000000000000000000000000000000000000000000000000000000000000000000000000000000000000000000000000000000000000000000000000000000000000000000000000000000000000000000000000000000000000000000000000000000000000000000000000000000000000000000000000
310
000000000000000000000000000000000000000000000000000000000000000000000000000000000000000000000000000000000000000000000000000000000000000000000000000000000000000000000000000000000000000000000000000000000000000000000000000000000000000000FAFAFAFAFAFA00FA0000
310
FAFAFA00F9F9F900F9F9F9F9F9F900F9F9F900000000FAFAFAFAFAFAFAFA00FAFAFAFAF9F9F9F9F9F9F9F9F9F9F900F9F9F9F9000000FA0000FAFAFA00FAFAFAFAFAFAF9F9F900F9F9F9F9F9F9F900F9F9F900000000FAFA00FAFA00FAFA0000FAFAFA00F9F90000F9F9F9F9F9F900F9F90000000000FAFA00000000000000
310
00000000000000000000000000000000000000000000000000000000000000000000000000000000000000000000000000000000000000000000000000000000000000000000000000000000000000000000000000000000000000000000000000000000000000000000000000000000000000000000000000000000000000
310
00000000000000000000000000000000000000000000000000000000000000000000000000000000000000000000000000000000000000000000000000000000000000000000000000000000000000000000000000000000000000000000000000000000000000000000000000000000000000000000000000000000000000
310
00000000000000000000000000000000000000000000000000000000000000000000000000000000000000000000000000000000000000000000000000000000000000000000000000000000000000000000000000000000000000000000000000000000000000000000000000000000000000000000000000000000000000
310
0000000000000000000000000000000000000000000000000000000000000000000000000000000000000000000000000000000000000000
102
{BLKREFS
331
4DF
102
}
  0
BLOCK_RECORD
  5
39B
102
{ACAD_XDICTIONARY
360
39C
102
}
330
1
100
AcDbSymbolTableRecord
100
AcDbBlockTableRecord
  2
752
340
0
310
2800000020000000200000000100080000000000000400000000000000000000000000000000000000000000000080000080000000808000800000008000800080800000C0C0C000C0DCC000F0CAA6000020400000206000002080000020A0000020C0000020E00000400000004020000040400000406000004080000040A0
310
000040C0000040E00000600000006020000060400000606000006080000060A0000060C0000060E00000800000008020000080400000806000008080000080A0000080C0000080E00000A0000000A0200000A0400000A0600000A0800000A0A00000A0C00000A0E00000C0000000C0200000C0400000C0600000C0800000C0
310
A00000C0C00000C0E00000E0000000E0200000E0400000E0600000E0800000E0A00000E0C00000E0E00040000000400020004000400040006000400080004000A0004000C0004000E00040200000402020004020400040206000402080004020A0004020C0004020E000404000004040200040404000404060004040800040
310
40A0004040C0004040E00040600000406020004060400040606000406080004060A0004060C0004060E00040800000408020004080400040806000408080004080A0004080C0004080E00040A0000040A0200040A0400040A0600040A0800040A0A00040A0C00040A0E00040C0000040C0200040C0400040C0600040C08000
310
40C0A00040C0C00040C0E00040E0000040E0200040E0400040E0600040E0800040E0A00040E0C00040E0E00080000000800020008000400080006000800080008000A0008000C0008000E00080200000802020008020400080206000802080008020A0008020C0008020E00080400000804020008040400080406000804080
310
008040A0008040C0008040E00080600000806020008060400080606000806080008060A0008060C0008060E00080800000808020008080400080806000808080008080A0008080C0008080E00080A0000080A0200080A0400080A0600080A0800080A0A00080A0C00080A0E00080C0000080C0200080C0400080C0600080C0
310
800080C0A00080C0C00080C0E00080E0000080E0200080E0400080E0600080E0800080E0A00080E0C00080E0E000C0000000C0002000C0004000C0006000C0008000C000A000C000C000C000E000C0200000C0202000C0204000C0206000C0208000C020A000C020C000C020E000C0400000C0402000C0404000C0406000C0
310
408000C040A000C040C000C040E000C0600000C0602000C0604000C0606000C0608000C060A000C060C000C060E000C0800000C0802000C0804000C0806000C0808000C080A000C080C000C080E000C0A00000C0A02000C0A04000C0A06000C0A08000C0A0A000C0A0C000C0A0E000C0C00000C0C02000C0C04000C0C06000
310
C0C08000C0C0A000F0FBFF00A4A0A000808080000000FF0000FF000000FFFF00FF000000FF00FF00FFFF0000FFFFFF0000000000000000000000000000000000000000000000000000000000000000000000000000000000000000000000000000000000000000000000000000000000000000000000000000000000000000
310
00000000000000000000000000000000000000000000000000000000000000000000000000000000000000000000000000000000000000000000000000000000000000000000000000000000000000000000000000000000000000000000000000000000000000000000000000000000000000000000000000000000000000
310
00000000000000000000000000000000000000000000000000000000000000000000000000000000000000000000000000000000000000000000000000000000000000000000000000000000000000000000000000000000000000000000000000000000000000000000000000000000000000000000000000000000000000
310
000000000000000000000000000000000000000000000000000000000000000000000000000000000000000000000000000000000000000000000000000000000000000000000000000000000000000000000000000000000000000000000000000000000000000000000000000000000000000000FAFAFAFAFAFA00FA0000
310
FAFAFA00F9F9F90000F9F9F9F9F900F9F9F900000000FAFAFAFAFAFAFAFA00FAFAFAFAF9F9F9F9F9F9F9F9F9F9F900F9F9F900000000FA0000FAFAFA00FAFAFAFAFAFAF9F9F900F9F9F9F9F9F9F900F9F9F900000000FAFA00FAFA00FAFA0000FAFAFA00F9F9000000F9F9F9F9F900F9F90000000000FAFA00000000000000
310
00000000000000000000000000000000000000000000000000000000000000000000000000000000000000000000000000000000000000000000000000000000000000000000000000000000000000000000000000000000000000000000000000000000000000000000000000000000000000000000000000000000000000
310
00000000000000000000000000000000000000000000000000000000000000000000000000000000000000000000000000000000000000000000000000000000000000000000000000000000000000000000000000000000000000000000000000000000000000000000000000000000000000000000000000000000000000
310
00000000000000000000000000000000000000000000000000000000000000000000000000000000000000000000000000000000000000000000000000000000000000000000000000000000000000000000000000000000000000000000000000000000000000000000000000000000000000000000000000000000000000
310
0000000000000000000000000000000000000000000000000000000000000000000000000000000000000000000000000000000000000000
102
{BLKREFS
331
4E0
102
}
1001
AcDbDynamicBlockGUID
1000
{324AE64D-50AE-4F33-BBCC-584644DFC1BA}
1001
AcDbBlockRepETag
1070
     1
1071
        9
  0
BLOCK_RECORD
  5
3A8
102
{ACAD_XDICTIONARY
360
3A9
102
}
330
1
100
AcDbSymbolTableRecord
100
AcDbBlockTableRecord
  2
753
340
0
310
2800000020000000200000000100080000000000000400000000000000000000000000000000000000000000000080000080000000808000800000008000800080800000C0C0C000C0DCC000F0CAA6000020400000206000002080000020A0000020C0000020E00000400000004020000040400000406000004080000040A0
310
000040C0000040E00000600000006020000060400000606000006080000060A0000060C0000060E00000800000008020000080400000806000008080000080A0000080C0000080E00000A0000000A0200000A0400000A0600000A0800000A0A00000A0C00000A0E00000C0000000C0200000C0400000C0600000C0800000C0
310
A00000C0C00000C0E00000E0000000E0200000E0400000E0600000E0800000E0A00000E0C00000E0E00040000000400020004000400040006000400080004000A0004000C0004000E00040200000402020004020400040206000402080004020A0004020C0004020E000404000004040200040404000404060004040800040
310
40A0004040C0004040E00040600000406020004060400040606000406080004060A0004060C0004060E00040800000408020004080400040806000408080004080A0004080C0004080E00040A0000040A0200040A0400040A0600040A0800040A0A00040A0C00040A0E00040C0000040C0200040C0400040C0600040C08000
310
40C0A00040C0C00040C0E00040E0000040E0200040E0400040E0600040E0800040E0A00040E0C00040E0E00080000000800020008000400080006000800080008000A0008000C0008000E00080200000802020008020400080206000802080008020A0008020C0008020E00080400000804020008040400080406000804080
310
008040A0008040C0008040E00080600000806020008060400080606000806080008060A0008060C0008060E00080800000808020008080400080806000808080008080A0008080C0008080E00080A0000080A0200080A0400080A0600080A0800080A0A00080A0C00080A0E00080C0000080C0200080C0400080C0600080C0
310
800080C0A00080C0C00080C0E00080E0000080E0200080E0400080E0600080E0800080E0A00080E0C00080E0E000C0000000C0002000C0004000C0006000C0008000C000A000C000C000C000E000C0200000C0202000C0204000C0206000C0208000C020A000C020C000C020E000C0400000C0402000C0404000C0406000C0
310
408000C040A000C040C000C040E000C0600000C0602000C0604000C0606000C0608000C060A000C060C000C060E000C0800000C0802000C0804000C0806000C0808000C080A000C080C000C080E000C0A00000C0A02000C0A04000C0A06000C0A08000C0A0A000C0A0C000C0A0E000C0C00000C0C02000C0C04000C0C06000
310
C0C08000C0C0A000F0FBFF00A4A0A000808080000000FF0000FF000000FFFF00FF000000FF00FF00FFFF0000FFFFFF0000000000000000000000000000000000000000000000000000000000000000000000000000000000000000000000000000000000000000000000000000000000000000000000000000000000000000
310
00000000000000000000000000000000000000000000000000000000000000000000000000000000000000000000000000000000000000000000000000000000000000000000000000000000000000000000000000000000000000000000000000000000000000000000000000000000000000000000000000000000000000
310
00000000000000000000000000000000000000000000000000000000000000000000000000000000000000000000000000000000000000000000000000000000000000000000000000000000000000000000000000000000000000000000000000000000000000000000000000000000000000000000000000000000000000
310
000000000000000000000000000000000000000000000000000000000000000000000000000000000000000000000000000000000000000000000000000000000000000000000000000000000000000000000000000000000000000000000000000000000000000000000000000000000000000000FAFAFAFAFAFA00FA0000
310
FAFAFA00F9F9F90000F9F9F9F9F900F9F9F900000000FAFAFAFAFAFAFAFA00FAFAFAFAF9F9F9F9F9F9F9F9F9F9F900F9F9F900000000FA0000FAFAFA00FAFAFAFAFAFAF9F9F900F9F9F9F9F9F9F900F9F9F900000000FAFA00FAFA00FAFA0000FAFAFA00F9F90000F9F9F9F9F9F900F9F90000000000FAFA00000000000000
310
00000000000000000000000000000000000000000000000000000000000000000000000000000000000000000000000000000000000000000000000000000000000000000000000000000000000000000000000000000000000000000000000000000000000000000000000000000000000000000000000000000000000000
310
00000000000000000000000000000000000000000000000000000000000000000000000000000000000000000000000000000000000000000000000000000000000000000000000000000000000000000000000000000000000000000000000000000000000000000000000000000000000000000000000000000000000000
310
00000000000000000000000000000000000000000000000000000000000000000000000000000000000000000000000000000000000000000000000000000000000000000000000000000000000000000000000000000000000000000000000000000000000000000000000000000000000000000000000000000000000000
310
0000000000000000000000000000000000000000000000000000000000000000000000000000000000000000000000000000000000000000
102
{BLKREFS
331
4E1
102
}
  0
BLOCK_RECORD
  5
3B5
330
1
100
AcDbSymbolTableRecord
100
AcDbBlockTableRecord
  2
212
340
0
310
2800000020000000200000000100080000000000000400000000000000000000000000000000000000000000000080000080000000808000800000008000800080800000C0C0C000C0DCC000F0CAA6000020400000206000002080000020A0000020C0000020E00000400000004020000040400000406000004080000040A0
310
000040C0000040E00000600000006020000060400000606000006080000060A0000060C0000060E00000800000008020000080400000806000008080000080A0000080C0000080E00000A0000000A0200000A0400000A0600000A0800000A0A00000A0C00000A0E00000C0000000C0200000C0400000C0600000C0800000C0
310
A00000C0C00000C0E00000E0000000E0200000E0400000E0600000E0800000E0A00000E0C00000E0E00040000000400020004000400040006000400080004000A0004000C0004000E00040200000402020004020400040206000402080004020A0004020C0004020E000404000004040200040404000404060004040800040
310
40A0004040C0004040E00040600000406020004060400040606000406080004060A0004060C0004060E00040800000408020004080400040806000408080004080A0004080C0004080E00040A0000040A0200040A0400040A0600040A0800040A0A00040A0C00040A0E00040C0000040C0200040C0400040C0600040C08000
310
40C0A00040C0C00040C0E00040E0000040E0200040E0400040E0600040E0800040E0A00040E0C00040E0E00080000000800020008000400080006000800080008000A0008000C0008000E00080200000802020008020400080206000802080008020A0008020C0008020E00080400000804020008040400080406000804080
310
008040A0008040C0008040E00080600000806020008060400080606000806080008060A0008060C0008060E00080800000808020008080400080806000808080008080A0008080C0008080E00080A0000080A0200080A0400080A0600080A0800080A0A00080A0C00080A0E00080C0000080C0200080C0400080C0600080C0
310
800080C0A00080C0C00080C0E00080E0000080E0200080E0400080E0600080E0800080E0A00080E0C00080E0E000C0000000C0002000C0004000C0006000C0008000C000A000C000C000C000E000C0200000C0202000C0204000C0206000C0208000C020A000C020C000C020E000C0400000C0402000C0404000C0406000C0
310
408000C040A000C040C000C040E000C0600000C0602000C0604000C0606000C0608000C060A000C060C000C060E000C0800000C0802000C0804000C0806000C0808000C080A000C080C000C080E000C0A00000C0A02000C0A04000C0A06000C0A08000C0A0A000C0A0C000C0A0E000C0C00000C0C02000C0C04000C0C06000
310
C0C08000C0C0A000F0FBFF00A4A0A000808080000000FF0000FF000000FFFF00FF000000FF00FF00FFFF0000FFFFFF0000000000000000000000000000000000000000000000000000000000000000000000000000000000000000000000000000000000000000000000000000000000000000000000000000000000000000
310
00000000000000000000000000000000000000000000000000000000000000000000000000000000000000000000000000000000000000000000000000000000000000000000000000000000000000000000000000000000000000000000000000000000000000000000000000000000000000000000000000000000000000
310
00000000000000000000000000000000000000000000000000000000000000000000000000000000000000000000000000000000000000000000000000000000000000000000000000000000000000000000000000000000000000000000000000000000000000000000000000000000000000000000000000000000000000
310
00000000000000000000000000000000000000000000000000000000000000000000000000000000000000000000000000000000000000000000000000000000000000000000000000F90000000000000000000000FAFAFAFAFAFAFAFA0000FAFAFAFAFA000000F900F9F900000000000000000000FAFA00FA00FAFAFA0000
310
00FAFAFAFA0000F9F9F9F9F900F9F9F9F9F900000000FAFAFAFA0000FAFAFAFA00FA00FA000000F900F9F9F9F9F9F9F9F9F900000000FAFAFAFAFAFAFAFAFAFA00FAFAFAFA0000F900F900F9F9F9F9F9F9F900000000FAFA00FAFA00FAFA0000FAFAFAFAFA0000F9F9F9000000F9F9F9F9F900000000000000FAFA00000000
310
000000000000000000000000000000F900F9000000000000000000FA000000000000000000000000000000000000000000000000000000000000000000000000000000000000000000000000000000000000000000000000000000000000000000000000000000000000000000000000000000000000000000000000000000
310
00000000000000000000000000000000000000000000000000000000000000000000000000000000000000000000000000000000000000000000000000000000000000000000000000000000000000000000000000000000000000000000000000000000000000000000000000000000000000000000000000000000000000
310
00000000000000000000000000000000000000000000000000000000000000000000000000000000000000000000000000000000000000000000000000000000000000000000000000000000000000000000000000000000000000000000000000000000000000000000000000000000000000000000000000000000000000
310
0000000000000000000000000000000000000000000000000000000000000000000000000000000000000000000000000000000000000000
102
{BLKREFS
331
4D6
102
}
  0
BLOCK_RECORD
  5
3BF
330
1
100
AcDbSymbolTableRecord
100
AcDbBlockTableRecord
  2
823
340
0
310
2800000020000000200000000100080000000000000400000000000000000000000000000000000000000000000080000080000000808000800000008000800080800000C0C0C000C0DCC000F0CAA6000020400000206000002080000020A0000020C0000020E00000400000004020000040400000406000004080000040A0
310
000040C0000040E00000600000006020000060400000606000006080000060A0000060C0000060E00000800000008020000080400000806000008080000080A0000080C0000080E00000A0000000A0200000A0400000A0600000A0800000A0A00000A0C00000A0E00000C0000000C0200000C0400000C0600000C0800000C0
310
A00000C0C00000C0E00000E0000000E0200000E0400000E0600000E0800000E0A00000E0C00000E0E00040000000400020004000400040006000400080004000A0004000C0004000E00040200000402020004020400040206000402080004020A0004020C0004020E000404000004040200040404000404060004040800040
310
40A0004040C0004040E00040600000406020004060400040606000406080004060A0004060C0004060E00040800000408020004080400040806000408080004080A0004080C0004080E00040A0000040A0200040A0400040A0600040A0800040A0A00040A0C00040A0E00040C0000040C0200040C0400040C0600040C08000
310
40C0A00040C0C00040C0E00040E0000040E0200040E0400040E0600040E0800040E0A00040E0C00040E0E00080000000800020008000400080006000800080008000A0008000C0008000E00080200000802020008020400080206000802080008020A0008020C0008020E00080400000804020008040400080406000804080
310
008040A0008040C0008040E00080600000806020008060400080606000806080008060A0008060C0008060E00080800000808020008080400080806000808080008080A0008080C0008080E00080A0000080A0200080A0400080A0600080A0800080A0A00080A0C00080A0E00080C0000080C0200080C0400080C0600080C0
310
800080C0A00080C0C00080C0E00080E0000080E0200080E0400080E0600080E0800080E0A00080E0C00080E0E000C0000000C0002000C0004000C0006000C0008000C000A000C000C000C000E000C0200000C0202000C0204000C0206000C0208000C020A000C020C000C020E000C0400000C0402000C0404000C0406000C0
310
408000C040A000C040C000C040E000C0600000C0602000C0604000C0606000C0608000C060A000C060C000C060E000C0800000C0802000C0804000C0806000C0808000C080A000C080C000C080E000C0A00000C0A02000C0A04000C0A06000C0A08000C0A0A000C0A0C000C0A0E000C0C00000C0C02000C0C04000C0C06000
310
C0C08000C0C0A000F0FBFF00A4A0A000808080000000FF0000FF000000FFFF00FF000000FF00FF00FFFF0000FFFFFF0000000000000000000000000000000000000000000000000000000000000000000000000000000000000000000000000000000000000000000000000000000000000000000000000000000000000000
310
00000000000000000000000000000000000000000000000000000000000000000000000000000000000000000000000000000000000000000000000000000000000000000000000000000000000000000000000000000000000000000000000000000000000000000000000000000000000000000000000000000000000000
310
00000000000000000000000000000000000000000000000000000000000000000000000000000000000000000000000000000000000000000000000000000000000000000000000000000000000000000000000000000000000000000000000000000000000000000000000000000000000000000000000000000000000000
310
000000000000000000000000000000000000000000000000000000000000000000000000000000000000000000000000000000000000000000000000000000000000000000000000000000000000000000000000000000000000000000000000000000000000000000000000000000000000000000FAFAFAFAFAFA00FA0000
310
FAFAFA00F9F9F9F900F900F9F9F90000000000000000FAFAFAFAFAFAFAFAFA00FAFAFA00F9F9F9F9F9F9F9F9F9F900F9F9F900000000FA0000FAFAFAFAFAFAFAFAFAFA00F9F9F9F9F9F9F9F9F9F900F9F9F900000000FAFA00FAFA00FAFAFA00FAFAFA00F9F9F90000F9F9F9F9F900F9F90000000000000000000000000000
310
00000000000000000000000000000000F9F900000000000000000000000000000000000000000000000000000000000000000000000000000000000000000000000000000000000000000000000000000000000000000000000000000000000000000000000000000000000000000000000000000000000000000000000000
310
00000000000000000000000000000000000000000000000000000000000000000000000000000000000000000000000000000000000000000000000000000000000000000000000000000000000000000000000000000000000000000000000000000000000000000000000000000000000000000000000000000000000000
310
00000000000000000000000000000000000000000000000000000000000000000000000000000000000000000000000000000000000000000000000000000000000000000000000000000000000000000000000000000000000000000000000000000000000000000000000000000000000000000000000000000000000000
310
0000000000000000000000000000000000000000000000000000000000000000000000000000000000000000000000000000000000000000
102
{BLKREFS
331
3D9
102
}
  0
BLOCK_RECORD
  5
3CB
330
1
100
AcDbSymbolTableRecord
100
AcDbBlockTableRecord
  2
822
340
0
310
2800000020000000200000000100080000000000000400000000000000000000000000000000000000000000000080000080000000808000800000008000800080800000C0C0C000C0DCC000F0CAA6000020400000206000002080000020A0000020C0000020E00000400000004020000040400000406000004080000040A0
310
000040C0000040E00000600000006020000060400000606000006080000060A0000060C0000060E00000800000008020000080400000806000008080000080A0000080C0000080E00000A0000000A0200000A0400000A0600000A0800000A0A00000A0C00000A0E00000C0000000C0200000C0400000C0600000C0800000C0
310
A00000C0C00000C0E00000E0000000E0200000E0400000E0600000E0800000E0A00000E0C00000E0E00040000000400020004000400040006000400080004000A0004000C0004000E00040200000402020004020400040206000402080004020A0004020C0004020E000404000004040200040404000404060004040800040
310
40A0004040C0004040E00040600000406020004060400040606000406080004060A0004060C0004060E00040800000408020004080400040806000408080004080A0004080C0004080E00040A0000040A0200040A0400040A0600040A0800040A0A00040A0C00040A0E00040C0000040C0200040C0400040C0600040C08000
310
40C0A00040C0C00040C0E00040E0000040E0200040E0400040E0600040E0800040E0A00040E0C00040E0E00080000000800020008000400080006000800080008000A0008000C0008000E00080200000802020008020400080206000802080008020A0008020C0008020E00080400000804020008040400080406000804080
310
008040A0008040C0008040E00080600000806020008060400080606000806080008060A0008060C0008060E00080800000808020008080400080806000808080008080A0008080C0008080E00080A0000080A0200080A0400080A0600080A0800080A0A00080A0C00080A0E00080C0000080C0200080C0400080C0600080C0
310
800080C0A00080C0C00080C0E00080E0000080E0200080E0400080E0600080E0800080E0A00080E0C00080E0E000C0000000C0002000C0004000C0006000C0008000C000A000C000C000C000E000C0200000C0202000C0204000C0206000C0208000C020A000C020C000C020E000C0400000C0402000C0404000C0406000C0
310
408000C040A000C040C000C040E000C0600000C0602000C0604000C0606000C0608000C060A000C060C000C060E000C0800000C0802000C0804000C0806000C0808000C080A000C080C000C080E000C0A00000C0A02000C0A04000C0A06000C0A08000C0A0A000C0A0C000C0A0E000C0C00000C0C02000C0C04000C0C06000
310
C0C08000C0C0A000F0FBFF00A4A0A000808080000000FF0000FF000000FFFF00FF000000FF00FF00FFFF0000FFFFFF0000000000000000000000000000000000000000000000000000000000000000000000000000000000000000000000000000000000000000000000000000000000000000000000000000000000000000
310
00000000000000000000000000000000000000000000000000000000000000000000000000000000000000000000000000000000000000000000000000000000000000000000000000000000000000000000000000000000000000000000000000000000000000000000000000000000000000000000000000000000000000
310
00000000000000000000000000000000000000000000000000000000000000000000000000000000000000000000000000000000000000000000000000000000000000000000000000000000000000000000000000000000000000000000000000000000000000000000000000000000000000000000000000000000000000
310
000000000000000000000000000000000000000000000000000000000000000000000000000000000000000000000000000000000000000000000000000000000000000000000000000000000000000000000000000000000000000000000000000000000000000000000000000000000000000000FAFAFAFAFAFAFAFA00FA
310
FAFAFA00F9F9F90000F9F9F9F9F900F9F9F900000000FAFAFAFAFAFAFAFA00FAFAFAFAF9F9F9F9F9F9F9F9F9F9F900F9F9F900000000FA0000FAFAFAFAFAFAFAFAFAFAF9F9F900F9F9F9F9F9F9F900F9F9F900000000FAFA00FAFA00FAFA00FAFAFAFA00F9F9000000F9F9F9F9F900F9F90000000000FAFA00000000000000
310
00000000000000000000000000000000000000000000000000000000000000000000000000000000000000000000000000000000000000000000000000000000000000000000000000000000000000000000000000000000000000000000000000000000000000000000000000000000000000000000000000000000000000
310
00000000000000000000000000000000000000000000000000000000000000000000000000000000000000000000000000000000000000000000000000000000000000000000000000000000000000000000000000000000000000000000000000000000000000000000000000000000000000000000000000000000000000
310
00000000000000000000000000000000000000000000000000000000000000000000000000000000000000000000000000000000000000000000000000000000000000000000000000000000000000000000000000000000000000000000000000000000000000000000000000000000000000000000000000000000000000
310
0000000000000000000000000000000000000000000000000000000000000000000000000000000000000000000000000000000000000000
102
{BLKREFS
331
4E2
102
}
  0
BLOCK_RECORD
  5
3D7
330
1
100
AcDbSymbolTableRecord
100
AcDbBlockTableRecord
  2
20260614.22151695
340
0
102
{BLKREFS
331
4E3
102
}
  0
BLOCK_RECORD
  5
3DB
330
1
100
AcDbSymbolTableRecord
100
AcDbBlockTableRecord
  2
813
340
0
310
2800000020000000200000000100080000000000000400000000000000000000000000000000000000000000000080000080000000808000800000008000800080800000C0C0C000C0DCC000F0CAA6000020400000206000002080000020A0000020C0000020E00000400000004020000040400000406000004080000040A0
310
000040C0000040E00000600000006020000060400000606000006080000060A0000060C0000060E00000800000008020000080400000806000008080000080A0000080C0000080E00000A0000000A0200000A0400000A0600000A0800000A0A00000A0C00000A0E00000C0000000C0200000C0400000C0600000C0800000C0
310
A00000C0C00000C0E00000E0000000E0200000E0400000E0600000E0800000E0A00000E0C00000E0E00040000000400020004000400040006000400080004000A0004000C0004000E00040200000402020004020400040206000402080004020A0004020C0004020E000404000004040200040404000404060004040800040
310
40A0004040C0004040E00040600000406020004060400040606000406080004060A0004060C0004060E00040800000408020004080400040806000408080004080A0004080C0004080E00040A0000040A0200040A0400040A0600040A0800040A0A00040A0C00040A0E00040C0000040C0200040C0400040C0600040C08000
310
40C0A00040C0C00040C0E00040E0000040E0200040E0400040E0600040E0800040E0A00040E0C00040E0E00080000000800020008000400080006000800080008000A0008000C0008000E00080200000802020008020400080206000802080008020A0008020C0008020E00080400000804020008040400080406000804080
310
008040A0008040C0008040E00080600000806020008060400080606000806080008060A0008060C0008060E00080800000808020008080400080806000808080008080A0008080C0008080E00080A0000080A0200080A0400080A0600080A0800080A0A00080A0C00080A0E00080C0000080C0200080C0400080C0600080C0
310
800080C0A00080C0C00080C0E00080E0000080E0200080E0400080E0600080E0800080E0A00080E0C00080E0E000C0000000C0002000C0004000C0006000C0008000C000A000C000C000C000E000C0200000C0202000C0204000C0206000C0208000C020A000C020C000C020E000C0400000C0402000C0404000C0406000C0
310
408000C040A000C040C000C040E000C0600000C0602000C0604000C0606000C0608000C060A000C060C000C060E000C0800000C0802000C0804000C0806000C0808000C080A000C080C000C080E000C0A00000C0A02000C0A04000C0A06000C0A08000C0A0A000C0A0C000C0A0E000C0C00000C0C02000C0C04000C0C06000
310
C0C08000C0C0A000F0FBFF00A4A0A000808080000000FF0000FF000000FFFF00FF000000FF00FF00FFFF0000FFFFFF0000000000000000000000000000000000000000000000000000000000000000000000000000000000000000000000000000000000000000000000000000000000000000000000000000000000000000
310
00000000000000000000000000000000000000000000000000000000000000000000000000000000000000000000000000000000000000000000000000000000000000000000000000000000000000000000000000000000000000000000000000000000000000000000000000000000000000000000000000000000000000
310
00000000000000000000000000000000000000000000000000000000000000000000000000000000000000000000000000000000000000000000000000000000000000000000000000000000000000000000000000000000000000000000000000000000000000000000000000000000000000000000000000000000000000
310
000000000000000000000000000000000000000000000000000000000000000000000000000000000000000000000000000000000000000000000000000000000000000000000000000000000000000000000000000000000000000000000000000000000000000000000000000000000000000000FAFAFAFAFAFAFAFA0000
310
FAFAFA00F9F9F90000F9F9F9F9F900F9F9F900000000FAFAFAFAFAFAFAFA0000FAFAFAF9F9F9F9F9F9F9F9F9F9F900F9F9F900000000FA0000FAFAFAFAFAFAFAFA00FAF9F9F900F9F9F9F9F9F9F900F9F9F900000000FAFA00FAFA00FAFA0000FAFAFA00F9F90000F9F9F9F9F9F900F9F90000000000FAFA00000000000000
310
00000000000000000000000000000000000000000000000000000000000000000000000000000000000000000000000000000000000000000000000000000000000000000000000000000000000000000000000000000000000000000000000000000000000000000000000000000000000000000000000000000000000000
310
00000000000000000000000000000000000000000000000000000000000000000000000000000000000000000000000000000000000000000000000000000000000000000000000000000000000000000000000000000000000000000000000000000000000000000000000000000000000000000000000000000000000000
310
00000000000000000000000000000000000000000000000000000000000000000000000000000000000000000000000000000000000000000000000000000000000000000000000000000000000000000000000000000000000000000000000000000000000000000000000000000000000000000000000000000000000000
310
0000000000000000000000000000000000000000000000000000000000000000000000000000000000000000000000000000000000000000
102
{BLKREFS
331
4E7
102
}
  0
BLOCK_RECORD
  5
3E7
330
1
100
AcDbSymbolTableRecord
100
AcDbBlockTableRecord
  2
811
340
0
310
2800000020000000200000000100080000000000000400000000000000000000000000000000000000000000000080000080000000808000800000008000800080800000C0C0C000C0DCC000F0CAA6000020400000206000002080000020A0000020C0000020E00000400000004020000040400000406000004080000040A0
310
000040C0000040E00000600000006020000060400000606000006080000060A0000060C0000060E00000800000008020000080400000806000008080000080A0000080C0000080E00000A0000000A0200000A0400000A0600000A0800000A0A00000A0C00000A0E00000C0000000C0200000C0400000C0600000C0800000C0
310
A00000C0C00000C0E00000E0000000E0200000E0400000E0600000E0800000E0A00000E0C00000E0E00040000000400020004000400040006000400080004000A0004000C0004000E00040200000402020004020400040206000402080004020A0004020C0004020E000404000004040200040404000404060004040800040
310
40A0004040C0004040E00040600000406020004060400040606000406080004060A0004060C0004060E00040800000408020004080400040806000408080004080A0004080C0004080E00040A0000040A0200040A0400040A0600040A0800040A0A00040A0C00040A0E00040C0000040C0200040C0400040C0600040C08000
310
40C0A00040C0C00040C0E00040E0000040E0200040E0400040E0600040E0800040E0A00040E0C00040E0E00080000000800020008000400080006000800080008000A0008000C0008000E00080200000802020008020400080206000802080008020A0008020C0008020E00080400000804020008040400080406000804080
310
008040A0008040C0008040E00080600000806020008060400080606000806080008060A0008060C0008060E00080800000808020008080400080806000808080008080A0008080C0008080E00080A0000080A0200080A0400080A0600080A0800080A0A00080A0C00080A0E00080C0000080C0200080C0400080C0600080C0
310
800080C0A00080C0C00080C0E00080E0000080E0200080E0400080E0600080E0800080E0A00080E0C00080E0E000C0000000C0002000C0004000C0006000C0008000C000A000C000C000C000E000C0200000C0202000C0204000C0206000C0208000C020A000C020C000C020E000C0400000C0402000C0404000C0406000C0
310
408000C040A000C040C000C040E000C0600000C0602000C0604000C0606000C0608000C060A000C060C000C060E000C0800000C0802000C0804000C0806000C0808000C080A000C080C000C080E000C0A00000C0A02000C0A04000C0A06000C0A08000C0A0A000C0A0C000C0A0E000C0C00000C0C02000C0C04000C0C06000
310
C0C08000C0C0A000F0FBFF00A4A0A000808080000000FF0000FF000000FFFF00FF000000FF00FF00FFFF0000FFFFFF0000000000000000000000000000000000000000000000000000000000000000000000000000000000000000000000000000000000000000000000000000000000000000000000000000000000000000
310
00000000000000000000000000000000000000000000000000000000000000000000000000000000000000000000000000000000000000000000000000000000000000000000000000000000000000000000000000000000000000000000000000000000000000000000000000000000000000000000000000000000000000
310
00000000000000000000000000000000000000000000000000000000000000000000000000000000000000000000000000000000000000000000000000000000000000000000000000000000000000000000000000000000000000000000000000000000000000000000000000000000000000000000000000000000000000
310
000000000000000000000000000000000000000000000000000000000000000000000000000000000000000000000000000000000000000000000000000000000000000000000000000000000000000000000000000000000000000000000000000000000000000000000000000000000000000000FAFAFAFAFAFAFAFA0000
310
FAFAFA00F9F9F900F9F9F9F9F9F900F9F9F900000000FAFAFAFAFAFAFAFA0000FA00FAF9F9F9F9F9F9F9F9F9F9F900F9F9F9F9000000FA0000FAFAFAFAFAFAFAFA00FAF9F9F900F9F9F9F9F9F9F900F9F9F900000000FAFA00FAFA00FAFA0000FAFAFA00F9F90000F9F9F9F9F9F900F9F90000000000FAFA00000000000000
310
00000000000000000000000000000000000000000000000000000000000000000000000000000000000000000000000000000000000000000000000000000000000000000000000000000000000000000000000000000000000000000000000000000000000000000000000000000000000000000000000000000000000000
310
00000000000000000000000000000000000000000000000000000000000000000000000000000000000000000000000000000000000000000000000000000000000000000000000000000000000000000000000000000000000000000000000000000000000000000000000000000000000000000000000000000000000000
310
00000000000000000000000000000000000000000000000000000000000000000000000000000000000000000000000000000000000000000000000000000000000000000000000000000000000000000000000000000000000000000000000000000000000000000000000000000000000000000000000000000000000000
310
0000000000000000000000000000000000000000000000000000000000000000000000000000000000000000000000000000000000000000
102
{BLKREFS
331
4E8
102
}
  0
BLOCK_RECORD
  5
3F3
330
1
100
AcDbSymbolTableRecord
100
AcDbBlockTableRecord
  2
812
340
0
310
2800000020000000200000000100080000000000000400000000000000000000000000000000000000000000000080000080000000808000800000008000800080800000C0C0C000C0DCC000F0CAA6000020400000206000002080000020A0000020C0000020E00000400000004020000040400000406000004080000040A0
310
000040C0000040E00000600000006020000060400000606000006080000060A0000060C0000060E00000800000008020000080400000806000008080000080A0000080C0000080E00000A0000000A0200000A0400000A0600000A0800000A0A00000A0C00000A0E00000C0000000C0200000C0400000C0600000C0800000C0
310
A00000C0C00000C0E00000E0000000E0200000E0400000E0600000E0800000E0A00000E0C00000E0E00040000000400020004000400040006000400080004000A0004000C0004000E00040200000402020004020400040206000402080004020A0004020C0004020E000404000004040200040404000404060004040800040
310
40A0004040C0004040E00040600000406020004060400040606000406080004060A0004060C0004060E00040800000408020004080400040806000408080004080A0004080C0004080E00040A0000040A0200040A0400040A0600040A0800040A0A00040A0C00040A0E00040C0000040C0200040C0400040C0600040C08000
310
40C0A00040C0C00040C0E00040E0000040E0200040E0400040E0600040E0800040E0A00040E0C00040E0E00080000000800020008000400080006000800080008000A0008000C0008000E00080200000802020008020400080206000802080008020A0008020C0008020E00080400000804020008040400080406000804080
310
008040A0008040C0008040E00080600000806020008060400080606000806080008060A0008060C0008060E00080800000808020008080400080806000808080008080A0008080C0008080E00080A0000080A0200080A0400080A0600080A0800080A0A00080A0C00080A0E00080C0000080C0200080C0400080C0600080C0
310
800080C0A00080C0C00080C0E00080E0000080E0200080E0400080E0600080E0800080E0A00080E0C00080E0E000C0000000C0002000C0004000C0006000C0008000C000A000C000C000C000E000C0200000C0202000C0204000C0206000C0208000C020A000C020C000C020E000C0400000C0402000C0404000C0406000C0
310
408000C040A000C040C000C040E000C0600000C0602000C0604000C0606000C0608000C060A000C060C000C060E000C0800000C0802000C0804000C0806000C0808000C080A000C080C000C080E000C0A00000C0A02000C0A04000C0A06000C0A08000C0A0A000C0A0C000C0A0E000C0C00000C0C02000C0C04000C0C06000
310
C0C08000C0C0A000F0FBFF00A4A0A000808080000000FF0000FF000000FFFF00FF000000FF00FF00FFFF0000FFFFFF0000000000000000000000000000000000000000000000000000000000000000000000000000000000000000000000000000000000000000000000000000000000000000000000000000000000000000
310
00000000000000000000000000000000000000000000000000000000000000000000000000000000000000000000000000000000000000000000000000000000000000000000000000000000000000000000000000000000000000000000000000000000000000000000000000000000000000000000000000000000000000
310
00000000000000000000000000000000000000000000000000000000000000000000000000000000000000000000000000000000000000000000000000000000000000000000000000000000000000000000000000000000000000000000000000000000000000000000000000000000000000000000000000000000000000
310
000000000000000000000000000000000000000000000000000000000000000000000000000000000000000000000000000000000000000000000000000000000000000000000000000000000000000000000000000000000000000000000000000000000000000000000000000000000000000000FAFAFAFAFAFAFAFA0000
310
FAFAFA00F9F9F90000F9F9F9F9F900F9F9F900000000FAFAFAFAFAFAFAFA0000FAFAFAF9F9F9F9F9F9F9F9F9F9F900F9F9F900000000FA0000FAFAFAFAFAFAFAFAFAFAF9F9F900F9F9F9F9F9F9F900F9F9F900000000FAFA00FAFA00FAFA0000FAFAFA00F9F9000000F9F9F9F9F900F9F90000000000FAFA00000000000000
310
00000000000000000000000000000000000000000000000000000000000000000000000000000000000000000000000000000000000000000000000000000000000000000000000000000000000000000000000000000000000000000000000000000000000000000000000000000000000000000000000000000000000000
310
00000000000000000000000000000000000000000000000000000000000000000000000000000000000000000000000000000000000000000000000000000000000000000000000000000000000000000000000000000000000000000000000000000000000000000000000000000000000000000000000000000000000000
310
00000000000000000000000000000000000000000000000000000000000000000000000000000000000000000000000000000000000000000000000000000000000000000000000000000000000000000000000000000000000000000000000000000000000000000000000000000000000000000000000000000000000000
310
0000000000000000000000000000000000000000000000000000000000000000000000000000000000000000000000000000000000000000
102
{BLKREFS
331
4E9
102
}
  0
BLOCK_RECORD
  5
3FF
330
1
100
AcDbSymbolTableRecord
100
AcDbBlockTableRecord
  2
711
340
0
310
2800000020000000200000000100080000000000000400000000000000000000000000000000000000000000000080000080000000808000800000008000800080800000C0C0C000C0DCC000F0CAA6000020400000206000002080000020A0000020C0000020E00000400000004020000040400000406000004080000040A0
310
000040C0000040E00000600000006020000060400000606000006080000060A0000060C0000060E00000800000008020000080400000806000008080000080A0000080C0000080E00000A0000000A0200000A0400000A0600000A0800000A0A00000A0C00000A0E00000C0000000C0200000C0400000C0600000C0800000C0
310
A00000C0C00000C0E00000E0000000E0200000E0400000E0600000E0800000E0A00000E0C00000E0E00040000000400020004000400040006000400080004000A0004000C0004000E00040200000402020004020400040206000402080004020A0004020C0004020E000404000004040200040404000404060004040800040
310
40A0004040C0004040E00040600000406020004060400040606000406080004060A0004060C0004060E00040800000408020004080400040806000408080004080A0004080C0004080E00040A0000040A0200040A0400040A0600040A0800040A0A00040A0C00040A0E00040C0000040C0200040C0400040C0600040C08000
310
40C0A00040C0C00040C0E00040E0000040E0200040E0400040E0600040E0800040E0A00040E0C00040E0E00080000000800020008000400080006000800080008000A0008000C0008000E00080200000802020008020400080206000802080008020A0008020C0008020E00080400000804020008040400080406000804080
310
008040A0008040C0008040E00080600000806020008060400080606000806080008060A0008060C0008060E00080800000808020008080400080806000808080008080A0008080C0008080E00080A0000080A0200080A0400080A0600080A0800080A0A00080A0C00080A0E00080C0000080C0200080C0400080C0600080C0
310
800080C0A00080C0C00080C0E00080E0000080E0200080E0400080E0600080E0800080E0A00080E0C00080E0E000C0000000C0002000C0004000C0006000C0008000C000A000C000C000C000E000C0200000C0202000C0204000C0206000C0208000C020A000C020C000C020E000C0400000C0402000C0404000C0406000C0
310
408000C040A000C040C000C040E000C0600000C0602000C0604000C0606000C0608000C060A000C060C000C060E000C0800000C0802000C0804000C0806000C0808000C080A000C080C000C080E000C0A00000C0A02000C0A04000C0A06000C0A08000C0A0A000C0A0C000C0A0E000C0C00000C0C02000C0C04000C0C06000
310
C0C08000C0C0A000F0FBFF00A4A0A000808080000000FF0000FF000000FFFF00FF000000FF00FF00FFFF0000FFFFFF0000000000000000000000000000000000000000000000000000000000000000000000000000000000000000000000000000000000000000000000000000000000000000000000000000000000000000
310
00000000000000000000000000000000000000000000000000000000000000000000000000000000000000000000000000000000000000000000000000000000000000000000000000000000000000000000000000000000000000000000000000000000000000000000000000000000000000000000000000000000000000
310
00000000000000000000000000000000000000000000000000000000000000000000000000000000000000000000000000000000000000000000000000000000000000000000000000000000000000000000000000000000000000000000000000000000000000000000000000000000000000000000000000000000000000
310
000000000000000000000000000000000000000000000000000000000000000000000000000000000000000000000000000000000000000000000000000000000000000000000000000000000000000000000000000000000000000000000000000000000000000000000000000000000000000000FAFAFAFAFAFA00FA0000
310
FAFAFA00F9F9F900F9F9F9F9F9F900F9F9F900000000FAFAFAFAFAFAFAFA0000FA00FAF9F9F9F9F9F9F9F9F9F9F900F9F9F9F9000000FA0000FAFAFA00FAFAFAFA00FAF9F9F900F9F9F9F9F9F9F900F9F9F900000000FAFA00FAFA00FAFA0000FAFAFA00F9F900F9F9F9F9F9F9F900F9F90000000000FAFA00000000000000
310
00000000000000000000000000000000000000000000000000000000000000000000000000000000000000000000000000000000000000000000000000000000000000000000000000000000000000000000000000000000000000000000000000000000000000000000000000000000000000000000000000000000000000
310
00000000000000000000000000000000000000000000000000000000000000000000000000000000000000000000000000000000000000000000000000000000000000000000000000000000000000000000000000000000000000000000000000000000000000000000000000000000000000000000000000000000000000
310
00000000000000000000000000000000000000000000000000000000000000000000000000000000000000000000000000000000000000000000000000000000000000000000000000000000000000000000000000000000000000000000000000000000000000000000000000000000000000000000000000000000000000
310
0000000000000000000000000000000000000000000000000000000000000000000000000000000000000000000000000000000000000000
102
{BLKREFS
331
4EA
102
}
  0
BLOCK_RECORD
  5
40B
330
1
100
AcDbSymbolTableRecord
100
AcDbBlockTableRecord
  2
712
340
0
310
2800000020000000200000000100080000000000000400000000000000000000000000000000000000000000000080000080000000808000800000008000800080800000C0C0C000C0DCC000F0CAA6000020400000206000002080000020A0000020C0000020E00000400000004020000040400000406000004080000040A0
310
000040C0000040E00000600000006020000060400000606000006080000060A0000060C0000060E00000800000008020000080400000806000008080000080A0000080C0000080E00000A0000000A0200000A0400000A0600000A0800000A0A00000A0C00000A0E00000C0000000C0200000C0400000C0600000C0800000C0
310
A00000C0C00000C0E00000E0000000E0200000E0400000E0600000E0800000E0A00000E0C00000E0E00040000000400020004000400040006000400080004000A0004000C0004000E00040200000402020004020400040206000402080004020A0004020C0004020E000404000004040200040404000404060004040800040
310
40A0004040C0004040E00040600000406020004060400040606000406080004060A0004060C0004060E00040800000408020004080400040806000408080004080A0004080C0004080E00040A0000040A0200040A0400040A0600040A0800040A0A00040A0C00040A0E00040C0000040C0200040C0400040C0600040C08000
310
40C0A00040C0C00040C0E00040E0000040E0200040E0400040E0600040E0800040E0A00040E0C00040E0E00080000000800020008000400080006000800080008000A0008000C0008000E00080200000802020008020400080206000802080008020A0008020C0008020E00080400000804020008040400080406000804080
310
008040A0008040C0008040E00080600000806020008060400080606000806080008060A0008060C0008060E00080800000808020008080400080806000808080008080A0008080C0008080E00080A0000080A0200080A0400080A0600080A0800080A0A00080A0C00080A0E00080C0000080C0200080C0400080C0600080C0
310
800080C0A00080C0C00080C0E00080E0000080E0200080E0400080E0600080E0800080E0A00080E0C00080E0E000C0000000C0002000C0004000C0006000C0008000C000A000C000C000C000E000C0200000C0202000C0204000C0206000C0208000C020A000C020C000C020E000C0400000C0402000C0404000C0406000C0
310
408000C040A000C040C000C040E000C0600000C0602000C0604000C0606000C0608000C060A000C060C000C060E000C0800000C0802000C0804000C0806000C0808000C080A000C080C000C080E000C0A00000C0A02000C0A04000C0A06000C0A08000C0A0A000C0A0C000C0A0E000C0C00000C0C02000C0C04000C0C06000
310
C0C08000C0C0A000F0FBFF00A4A0A000808080000000FF0000FF000000FFFF00FF000000FF00FF00FFFF0000FFFFFF0000000000000000000000000000000000000000000000000000000000000000000000000000000000000000000000000000000000000000000000000000000000000000000000000000000000000000
310
00000000000000000000000000000000000000000000000000000000000000000000000000000000000000000000000000000000000000000000000000000000000000000000000000000000000000000000000000000000000000000000000000000000000000000000000000000000000000000000000000000000000000
310
00000000000000000000000000000000000000000000000000000000000000000000000000000000000000000000000000000000000000000000000000000000000000000000000000000000000000000000000000000000000000000000000000000000000000000000000000000000000000000000000000000000000000
310
000000000000000000000000000000000000000000000000000000000000000000000000000000000000000000000000000000000000000000000000000000000000000000000000000000000000000000000000000000000000000000000000000000000000000000000000000000000000000000FAFAFAFAFAFA00FA0000
310
FAFAFA00F9F9F90000F900F9F9F900F9F9F900000000FAFAFAFAFAFAFAFA0000FAFAFAF9F9F9F9F9F9F9F9F9F9F900F9F9F900000000FA0000FAFAFA00FAFAFAFAFAFAF9F9F900F9F9F9F9F9F9F900F9F9F900000000FAFA00FAFA00FAFA0000FAFAFA00F9F900F9F9F9F9F9F9F900F9F90000000000FAFA00000000000000
310
00000000000000000000000000000000000000000000000000000000000000000000000000000000000000000000000000000000000000000000000000000000000000000000000000000000000000000000000000000000000000000000000000000000000000000000000000000000000000000000000000000000000000
310
00000000000000000000000000000000000000000000000000000000000000000000000000000000000000000000000000000000000000000000000000000000000000000000000000000000000000000000000000000000000000000000000000000000000000000000000000000000000000000000000000000000000000
310
00000000000000000000000000000000000000000000000000000000000000000000000000000000000000000000000000000000000000000000000000000000000000000000000000000000000000000000000000000000000000000000000000000000000000000000000000000000000000000000000000000000000000
310
0000000000000000000000000000000000000000000000000000000000000000000000000000000000000000000000000000000000000000
102
{BLKREFS
331
4EB
102
}
  0
BLOCK_RECORD
  5
5C7
330
1
100
AcDbSymbolTableRecord
100
AcDbBlockTableRecord
  2
04
340
0
310
2800000020000000200000000100080000000000000400000000000000000000000000000000000000000000000080000080000000808000800000008000800080800000C0C0C000C0DCC000F0CAA6000020400000206000002080000020A0000020C0000020E00000400000004020000040400000406000004080000040A0
310
000040C0000040E00000600000006020000060400000606000006080000060A0000060C0000060E00000800000008020000080400000806000008080000080A0000080C0000080E00000A0000000A0200000A0400000A0600000A0800000A0A00000A0C00000A0E00000C0000000C0200000C0400000C0600000C0800000C0
310
A00000C0C00000C0E00000E0000000E0200000E0400000E0600000E0800000E0A00000E0C00000E0E00040000000400020004000400040006000400080004000A0004000C0004000E00040200000402020004020400040206000402080004020A0004020C0004020E000404000004040200040404000404060004040800040
310
40A0004040C0004040E00040600000406020004060400040606000406080004060A0004060C0004060E00040800000408020004080400040806000408080004080A0004080C0004080E00040A0000040A0200040A0400040A0600040A0800040A0A00040A0C00040A0E00040C0000040C0200040C0400040C0600040C08000
310
40C0A00040C0C00040C0E00040E0000040E0200040E0400040E0600040E0800040E0A00040E0C00040E0E00080000000800020008000400080006000800080008000A0008000C0008000E00080200000802020008020400080206000802080008020A0008020C0008020E00080400000804020008040400080406000804080
310
008040A0008040C0008040E00080600000806020008060400080606000806080008060A0008060C0008060E00080800000808020008080400080806000808080008080A0008080C0008080E00080A0000080A0200080A0400080A0600080A0800080A0A00080A0C00080A0E00080C0000080C0200080C0400080C0600080C0
310
800080C0A00080C0C00080C0E00080E0000080E0200080E0400080E0600080E0800080E0A00080E0C00080E0E000C0000000C0002000C0004000C0006000C0008000C000A000C000C000C000E000C0200000C0202000C0204000C0206000C0208000C020A000C020C000C020E000C0400000C0402000C0404000C0406000C0
310
408000C040A000C040C000C040E000C0600000C0602000C0604000C0606000C0608000C060A000C060C000C060E000C0800000C0802000C0804000C0806000C0808000C080A000C080C000C080E000C0A00000C0A02000C0A04000C0A06000C0A08000C0A0A000C0A0C000C0A0E000C0C00000C0C02000C0C04000C0C06000
310
C0C08000C0C0A000F0FBFF00A4A0A000808080000000FF0000FF000000FFFF00FF000000FF00FF00FFFF0000FFFFFF0000000000000000000000000000000000000000000000000000000000000000000000000000000000000000000000000000000000000000000000000000000000000000000000000000000000000000
310
00000000000000000000000000000000000000000000000000000000000000000000000000000000000000000000000000000000000000000000000000000000000000000000000000000000000000000000000000000000000000000000000000000000000000000000000000000000000000000000000000000000000000
310
00000000000000000000000000000000000000000000000000000000000000000000000000000000000000000000000000000000000000000000000000000000000000000000000000000000000000000000000000FDFDFDFD0000000000000000000000000000000000000000FD00000000000000FD0000FDFD0000000000
310
0000000000000000000000000000FD000000000000FD00000000FD00000000000000000000000000000000000000FD000000000000FD00000000FD00000000000000000000000000000000000000FD000000000000FD00000000FDFD00000000000000000000000000FDFDFDFDFDFDFDFDFD0000FDFD00000000FDFD000000
310
0000000000000000000000FD000000FD0000000000FDFD00000000FDFD0000FDFDFDFDFDFDFDFDFD000000FD000000FD0000000000FDFD00000000FDFD000000000000000000000000000000FD0000FD0000000000FDFD00000000FDFD000000000000000000000000000000FD0000FD000000000000FD00000000FDFD0000
310
0000000000000000000000000000FD00FD000000000000FD00000000FD0000000000000000000000000000000000FD00FD000000000000FD00000000FD000000000000000000000000000000000000FDFD00000000000000FD0000FDFD000000000000000000000000000000000000FDFD00000000000000FDFDFDFD000000
310
0000000000000000000000000000000000FD00000000000000000000000000000000000000000000000000000000000000000000000000000000000000000000000000000000000000000000000000000000000000000000000000000000000000000000000000000000000000000000000000000000000000000000000000
310
00000000000000000000000000000000000000000000000000000000000000000000000000000000000000000000000000000000000000000000000000000000000000000000000000000000000000000000000000000000000000000000000000000000000000000000000000000000000000000000000000000000000000
310
0000000000000000000000000000000000000000000000000000000000000000000000000000000000000000000000000000000000000000
102
{BLKREFS
331
5CB
102
}
1001
ACAD
1000
DesignCenter Data
1002
{
1070
     1
1070
     4
1002
}
  0
BLOCK_RECORD
  5
5CC
330
1
100
AcDbSymbolTableRecord
100
AcDbBlockTableRecord
  2
05
340
0
310
2800000020000000200000000100080000000000000400000000000000000000000000000000000000000000000080000080000000808000800000008000800080800000C0C0C000C0DCC000F0CAA6000020400000206000002080000020A0000020C0000020E00000400000004020000040400000406000004080000040A0
310
000040C0000040E00000600000006020000060400000606000006080000060A0000060C0000060E00000800000008020000080400000806000008080000080A0000080C0000080E00000A0000000A0200000A0400000A0600000A0800000A0A00000A0C00000A0E00000C0000000C0200000C0400000C0600000C0800000C0
310
A00000C0C00000C0E00000E0000000E0200000E0400000E0600000E0800000E0A00000E0C00000E0E00040000000400020004000400040006000400080004000A0004000C0004000E00040200000402020004020400040206000402080004020A0004020C0004020E000404000004040200040404000404060004040800040
310
40A0004040C0004040E00040600000406020004060400040606000406080004060A0004060C0004060E00040800000408020004080400040806000408080004080A0004080C0004080E00040A0000040A0200040A0400040A0600040A0800040A0A00040A0C00040A0E00040C0000040C0200040C0400040C0600040C08000
310
40C0A00040C0C00040C0E00040E0000040E0200040E0400040E0600040E0800040E0A00040E0C00040E0E00080000000800020008000400080006000800080008000A0008000C0008000E00080200000802020008020400080206000802080008020A0008020C0008020E00080400000804020008040400080406000804080
310
008040A0008040C0008040E00080600000806020008060400080606000806080008060A0008060C0008060E00080800000808020008080400080806000808080008080A0008080C0008080E00080A0000080A0200080A0400080A0600080A0800080A0A00080A0C00080A0E00080C0000080C0200080C0400080C0600080C0
310
800080C0A00080C0C00080C0E00080E0000080E0200080E0400080E0600080E0800080E0A00080E0C00080E0E000C0000000C0002000C0004000C0006000C0008000C000A000C000C000C000E000C0200000C0202000C0204000C0206000C0208000C020A000C020C000C020E000C0400000C0402000C0404000C0406000C0
310
408000C040A000C040C000C040E000C0600000C0602000C0604000C0606000C0608000C060A000C060C000C060E000C0800000C0802000C0804000C0806000C0808000C080A000C080C000C080E000C0A00000C0A02000C0A04000C0A06000C0A08000C0A0A000C0A0C000C0A0E000C0C00000C0C02000C0C04000C0C06000
310
C0C08000C0C0A000F0FBFF00A4A0A000808080000000FF0000FF000000FFFF00FF000000FF00FF00FFFF0000FFFFFF0000000000000000000000000000000000000000000000000000000000000000000000000000000000000000000000000000000000000000000000000000000000000000000000000000000000000000
310
00000000000000000000000000000000000000000000000000000000000000000000000000000000000000000000000000000000000000000000000000000000000000000000000000000000000000000000000000000000000000000000000000000000000000000000000000000000000000000000000000000000000000
310
000000000000000000000000000000000000000000000000000000000000000000000000000000000000000000000000000000000000FDFD00000000000000000000000000000000000000FDFDFD00000000000000FD0000FDFD00000000000000000000000000000000FD000000FD000000000000FD000000FDFD00000000
310
00000000000000000000FD0000000000FD00000000FD00000000FDFD0000000000000000000000000000FD0000000000FDFD000000FD00000000FDFD0000000000000000000000000000FDFD00000000FDFD0000FDFD0000000000FD0000000000000000000000000000000000000000FDFD0000FDFD0000000000FD0000FD
310
FDFDFDFDFDFDFDFD000000000000000000FDFD0000FDFD0000000000FD0000000000000000000000000000000000000000FDFD0000FDFD0000000000FD0000000000000000000000000000FD0000000000FD000000FDFD0000000000FD0000000000000000000000000000FDFD000000FD00000000FDFD0000000000FD0000
310
000000000000000000000000FD00FDFDFD000000000000FD00000000FDFD0000000000000000000000000000FD00000000000000000000FD00000000FDFD000000000000000000000000000000FD00000000000000000000FD000000FDFD000000000000000000000000000000FD00000000000000000000FD0000FDFD0000
310
0000000000000000000000000000FDFDFDFD0000000000000000FDFDFD0000000000000000000000000000000000FDFDFDFDFDFD000000000000000000000000000000000000000000000000000000000000000000000000000000000000000000000000000000000000000000000000000000000000000000000000000000
310
00000000000000000000000000000000000000000000000000000000000000000000000000000000000000000000000000000000000000000000000000000000000000000000000000000000000000000000000000000000000000000000000000000000000000000000000000000000000000000000000000000000000000
310
0000000000000000000000000000000000000000000000000000000000000000000000000000000000000000000000000000000000000000
102
{BLKREFS
331
5D0
102
}
1001
ACAD
1000
DesignCenter Data
1002
{
1070
     1
1070
     4
1002
}
  0
BLOCK_RECORD
  5
5D1
330
1
100
AcDbSymbolTableRecord
100
AcDbBlockTableRecord
  2
06
340
0
310
2800000020000000200000000100080000000000000400000000000000000000000000000000000000000000000080000080000000808000800000008000800080800000C0C0C000C0DCC000F0CAA6000020400000206000002080000020A0000020C0000020E00000400000004020000040400000406000004080000040A0
310
000040C0000040E00000600000006020000060400000606000006080000060A0000060C0000060E00000800000008020000080400000806000008080000080A0000080C0000080E00000A0000000A0200000A0400000A0600000A0800000A0A00000A0C00000A0E00000C0000000C0200000C0400000C0600000C0800000C0
310
A00000C0C00000C0E00000E0000000E0200000E0400000E0600000E0800000E0A00000E0C00000E0E00040000000400020004000400040006000400080004000A0004000C0004000E00040200000402020004020400040206000402080004020A0004020C0004020E000404000004040200040404000404060004040800040
310
40A0004040C0004040E00040600000406020004060400040606000406080004060A0004060C0004060E00040800000408020004080400040806000408080004080A0004080C0004080E00040A0000040A0200040A0400040A0600040A0800040A0A00040A0C00040A0E00040C0000040C0200040C0400040C0600040C08000
310
40C0A00040C0C00040C0E00040E0000040E0200040E0400040E0600040E0800040E0A00040E0C00040E0E00080000000800020008000400080006000800080008000A0008000C0008000E00080200000802020008020400080206000802080008020A0008020C0008020E00080400000804020008040400080406000804080
310
008040A0008040C0008040E00080600000806020008060400080606000806080008060A0008060C0008060E00080800000808020008080400080806000808080008080A0008080C0008080E00080A0000080A0200080A0400080A0600080A0800080A0A00080A0C00080A0E00080C0000080C0200080C0400080C0600080C0
310
800080C0A00080C0C00080C0E00080E0000080E0200080E0400080E0600080E0800080E0A00080E0C00080E0E000C0000000C0002000C0004000C0006000C0008000C000A000C000C000C000E000C0200000C0202000C0204000C0206000C0208000C020A000C020C000C020E000C0400000C0402000C0404000C0406000C0
310
408000C040A000C040C000C040E000C0600000C0602000C0604000C0606000C0608000C060A000C060C000C060E000C0800000C0802000C0804000C0806000C0808000C080A000C080C000C080E000C0A00000C0A02000C0A04000C0A06000C0A08000C0A0A000C0A0C000C0A0E000C0C00000C0C02000C0C04000C0C06000
310
C0C08000C0C0A000F0FBFF00A4A0A000808080000000FF0000FF000000FFFF00FF000000FF00FF00FFFF0000FFFFFF0000000000000000000000000000000000000000000000000000000000000000000000000000000000000000000000000000000000000000000000000000000000000000000000000000000000000000
310
00000000000000000000000000000000000000000000000000000000000000000000000000000000000000000000000000000000000000000000000000000000000000000000000000000000000000000000000000000000000000000000000000000000000000000000000000000000000000000000000000000000000000
310
000000000000000000000000000000000000000000000000000000000000000000000000000000000000000000000000000000000000FDFD0000000000000000000000000000000000000000FDFD00000000000000FD0000FDFD00000000000000000000000000000000FDFD0000FD000000000000FD000000FDFD00000000
310
00000000000000000000FDFD00000000FD00000000FD00000000FDFD0000000000000000000000000000FDFD00000000FDFD000000FD00000000FDFD0000000000000000000000000000FD0000000000FDFD0000FDFD0000000000FD0000000000000000000000000000FD0000000000FDFD0000FDFD0000000000FD0000FD
310
FDFDFDFDFDFDFDFD000000FDFD00000000FDFD0000FDFD0000000000FD0000000000000000000000000000FDFD00000000FD000000FDFD0000000000FD0000000000000000000000000000FD00FD000000FD000000FDFD0000000000FD0000000000000000000000000000FD00FDFDFDFD00000000FDFD0000000000FD0000
310
000000000000000000000000FDFD000000000000000000FD00000000FDFD0000000000000000000000000000FDFD00000000FD00000000FD00000000FDFD000000000000000000000000000000FD000000FDFD0000000000FD000000FDFD000000000000000000000000000000FD00000000FD0000000000FD0000FDFD0000
310
000000000000000000000000000000FD000000FD000000000000FDFDFD00000000000000000000000000000000000000FDFDFD00000000000000000000000000000000000000000000000000000000000000000000000000000000000000000000000000000000000000000000000000000000000000000000000000000000
310
00000000000000000000000000000000000000000000000000000000000000000000000000000000000000000000000000000000000000000000000000000000000000000000000000000000000000000000000000000000000000000000000000000000000000000000000000000000000000000000000000000000000000
310
0000000000000000000000000000000000000000000000000000000000000000000000000000000000000000000000000000000000000000
102
{BLKREFS
331
5D5
102
}
1001
ACAD
1000
DesignCenter Data
1002
{
1070
     1
1070
     4
1002
}
  0
ENDTAB
  0
ENDSEC
  0
SECTION
  2
BLOCKS
  0
BLOCK
  5
20
330
1F
100
AcDbEntity
  8
0
100
AcDbBlockBegin
  2
*Model_Space
 70
     0
 10
0.0
 20
0.0
 30
0.0
  3
*Model_Space
  1

  0
ENDBLK
  5
21
330
1F
100
AcDbEntity
  8
0
100
AcDbBlockEnd
  0
BLOCK
  5
D4
330
D2
100
AcDbEntity
 67
     1
  8
0
100
AcDbBlockBegin
  2
*Paper_Space
 70
     0
 10
0.0
 20
0.0
 30
0.0
  3
*Paper_Space
  1

  0
ENDBLK
  5
D5
330
D2
100
AcDbEntity
 67
     1
  8
0
100
AcDbBlockEnd
  0
BLOCK
  5
D8
330
D6
100
AcDbEntity
 67
     1
  8
0
100
AcDbBlockBegin
  2
*Paper_Space0
 70
     0
 10
0.0
 20
0.0
 30
0.0
  3
*Paper_Space0
  1

  0
ENDBLK
  5
D9
330
D6
100
AcDbEntity
 67
     1
  8
0
100
AcDbBlockEnd
  0
BLOCK
  5
1F5
330
1F4
100
AcDbEntity
  8
0
 62
     3
100
AcDbBlockBegin
  2
11
 70
     0
 10
0.0
 20
0.0
 30
0.0
  3
11
  1

  0
TEXT
  5
1F6
330
1F4
100
AcDbEntity
  8
承载力标识
 62
     3
100
AcDbText
 10
3.243451818458651
 20
0.529459680726518
 30
0.0
 40
2.999999999996998
  1
1-1
 41
0.75
  7
宋体
100
AcDbText
1001
AcDbBlockRepETag
1070
     1
1071
        0
1005
1F6
  0
TEXT
  5
1F7
330
1F4
100
AcDbEntity
  8
承载力标识
 62
     3
100
AcDbText
 10
-0.6510955914367014
 20
0.0094326516185673
 30
0.0
 40
1.799999999998199
  1
4
 41
0.75
  7
宋体
 72
     1
 11
-0.1684140271913743
 21
0.0094326516185673
 31
0.0
100
AcDbText
1001
AcDbBlockRepETag
1070
     1
1071
        1
1005
1F7
  0
TEXT
  5
1F8
330
1F4
100
AcDbEntity
  8
承载力标识
 62
     3
100
AcDbText
 10
-0.5500849412084699
 20
2.54656990303499
 30
0.0
 40
1.799999999998199
  1
ml
 41
0.75
  7
宋体
 72
     1
 11
0.4152781872821844
 21
2.54656990303499
 31
0.0
100
AcDbText
1001
AcDbBlockRepETag
1070
     1
1071
        2
1005
1F8
  0
TEXT
  5
1F9
330
1F4
100
AcDbEntity
  8
承载力标识
 62
     3
100
AcDbText
 10
-2.726989011765521
 20
0.4251151530055495
 30
0.0
 40
2.999999999996998
  1
Q
 41
0.75
  7
宋体
 72
     1
 11
-1.92251973802331
 21
0.4251151530055495
 31
0.0
100
AcDbText
1001
AcDbBlockRepETag
1070
     1
1071
        3
1005
1F9
  0
TEXT
  5
1FA
330
1F4
100
AcDbEntity
  8
承载力标识
 62
     1
100
AcDbText
 10
10.47463937442853
 20
0.0031217272229468
 30
0.0
 40
4.499999999995499
  1
σ
 41
0.75
  7
宋体
100
AcDbText
1001
AcDbBlockRepETag
1070
     1
1071
        4
1005
1FA
  0
TEXT
  5
1FB
330
1F4
100
AcDbEntity
  8
承载力标识
 62
     1
100
AcDbText
 10
13.75464244297518
 20
0.0031217272229468
 30
0.0
 40
1.8
  1
0 
 41
0.75
  7
宋体
100
AcDbText
1001
AcDbBlockRepETag
1070
     1
1071
        5
1005
1FB
  0
TEXT
  5
1FC
330
1F4
100
AcDbEntity
  8
承载力标识
 62
     1
100
AcDbText
 10
14.83409555737716
 20
0.7494928307218061
 30
0.0
 40
2.999999999996998
  1
=/
 41
0.75
  7
宋体
100
AcDbText
1001
AcDbBlockRepETag
1070
     1
1071
        6
1005
1FC
  0
ENDBLK
  5
1FD
330
1F4
100
AcDbEntity
  8
0
 62
     3
100
AcDbBlockEnd
  0
BLOCK
  5
1FF
330
1FE
100
AcDbEntity
  8
0
 62
     3
100
AcDbBlockBegin
  2
12
 70
     0
 10
0.0
 20
0.0
 30
0.0
  3
12
  1

  0
TEXT
  5
200
330
1FE
100
AcDbEntity
  8
承载力标识
 62
     3
100
AcDbText
 10
3.239681522007002
 20
0.4355894312734563
 30
0.0
 40
2.999999999996998
  1
1-2
 41
0.75
  7
宋体
100
AcDbText
1001
AcDbBlockRepETag
1070
     1
1071
        0
1005
200
  0
TEXT
  5
201
330
1FE
100
AcDbEntity
  8
承载力标识
 62
     3
100
AcDbText
 10
-0.6548658878883498
 20
-0.0844375978344944
 30
0.0
 40
1.799999999998199
  1
4
 41
0.75
  7
宋体
 72
     1
 11
-0.1721843236430227
 21
-0.0844375978344944
 31
0.0
100
AcDbText
1001
AcDbBlockRepETag
1070
     1
1071
        1
1005
201
  0
TEXT
  5
202
330
1FE
100
AcDbEntity
  8
承载力标识
 62
     3
100
AcDbText
 10
-0.5538552376601183
 20
2.45269965358193
 30
0.0
 40
1.799999999998199
  1
ml
 41
0.75
  7
宋体
 72
     1
 11
0.411507890830536
 21
2.45269965358193
 31
0.0
100
AcDbText
1001
AcDbBlockRepETag
1070
     1
1071
        2
1005
202
  0
TEXT
  5
203
330
1FE
100
AcDbEntity
  8
承载力标识
 62
     3
100
AcDbText
 10
-2.730759308217169
 20
0.3312449035524878
 30
0.0
 40
2.999999999996998
  1
Q
 41
0.75
  7
宋体
 72
     1
 11
-1.926290034474957
 21
0.3312449035524878
 31
0.0
100
AcDbText
1001
AcDbBlockRepETag
1070
     1
1071
        3
1005
203
  0
TEXT
  5
204
330
1FE
100
AcDbEntity
  8
承载力标识
 62
     1
100
AcDbText
 10
10.47086907797688
 20
-0.0907485222301149
 30
0.0
 40
4.499999999995499
  1
σ
 41
0.75
  7
宋体
100
AcDbText
1001
AcDbBlockRepETag
1070
     1
1071
        4
1005
204
  0
TEXT
  5
205
330
1FE
100
AcDbEntity
  8
承载力标识
 62
     1
100
AcDbText
 10
14.83032526092551
 20
0.6556225812687444
 30
0.0
 40
2.999999999996998
  1
=/
 41
0.75
  7
宋体
100
AcDbText
1001
AcDbBlockRepETag
1070
     1
1071
        5
1005
205
  0
ENDBLK
  5
206
330
1FE
100
AcDbEntity
  8
0
 62
     3
100
AcDbBlockEnd
  0
BLOCK
  5
208
330
207
100
AcDbEntity
  8
0
 62
     3
100
AcDbBlockBegin
  2
13
 70
     0
 10
0.0
 20
0.0
 30
0.0
  3
13
  1

  0
TEXT
  5
209
330
207
100
AcDbEntity
  8
Gicad_pou_texts
 62
     3
100
AcDbText
 10
0.0
 20
0.0
 30
0.0
 40
2.999999999996998
  1
1-3
 41
0.75
  7
宋体
100
AcDbText
1001
AcDbBlockRepETag
1070
     1
1071
        0
1005
0
  0
TEXT
  5
20A
330
207
100
AcDbEntity
  8
Gicad_pou_texts
 62
     3
100
AcDbText
 10
-3.894547409895353
 20
-0.5200270291079506
 30
0.0
 40
1.799999999998199
  1
4
 41
0.75
  7
宋体
 72
     1
 11
-3.411865845650026
 21
-0.5200270291079506
 31
0.0
100
AcDbText
1001
AcDbBlockRepETag
1070
     1
1071
        1
1005
0
  0
TEXT
  5
20B
330
207
100
AcDbEntity
  8
Gicad_pou_texts
 62
     3
100
AcDbText
 10
-3.793536759667122
 20
2.017110222308474
 30
0.0
 40
1.799999999998199
  1
ml
 41
0.75
  7
宋体
 72
     1
 11
-2.828173631176468
 21
2.017110222308474
 31
0.0
100
AcDbText
1001
AcDbBlockRepETag
1070
     1
1071
        2
1005
0
  0
TEXT
  5
20C
330
207
100
AcDbEntity
  8
Gicad_pou_texts
 62
     3
100
AcDbText
 10
-5.970440830224174
 20
-0.1043445277209685
 30
0.0
 40
2.999999999996998
  1
Q
 41
0.75
  7
宋体
 72
     1
 11
-5.165971556481962
 21
-0.1043445277209685
 31
0.0
100
AcDbText
1001
AcDbBlockRepETag
1070
     1
1071
        3
1005
0
  0
TEXT
  5
20D
330
207
100
AcDbEntity
  8
承载力标识
 62
     1
100
AcDbText
 10
7.231187555969881
 20
-0.5263379535035712
 30
0.0
 40
4.499999999995499
  1
σ
 41
0.75
  7
宋体
100
AcDbText
1001
AcDbBlockRepETag
1070
     1
1071
        1
1005
0
  0
TEXT
  5
20E
330
207
100
AcDbEntity
  8
承载力标识
 62
     1
100
AcDbText
 10
11.59064373891851
 20
0.2200331499952881
 30
0.0
 40
2.999999999996998
  1
=/
 41
0.75
  7
宋体
100
AcDbText
1001
AcDbBlockRepETag
1070
     1
1071
        3
1005
0
  0
ENDBLK
  5
20F
330
207
100
AcDbEntity
  8
0
 62
     3
100
AcDbBlockEnd
  0
BLOCK
  5
211
330
210
100
AcDbEntity
  8
0
 62
     3
100
AcDbBlockBegin
  2
221
 70
     0
 10
0.0
 20
0.0
 30
0.0
  3
221
  1

  0
TEXT
  5
212
330
210
100
AcDbEntity
  8
承载力标识
 62
     3
100
AcDbText
 10
1.74977952428162
 20
0.4460971734388295
 30
0.0
 40
2.999999999996998
  1
2-21
 41
0.75
  7
宋体
100
AcDbText
1001
AcDbBlockRepETag
1070
     1
1071
        0
1005
212
  0
TEXT
  5
213
330
210
100
AcDbEntity
  8
承载力标识
 62
     1
100
AcDbText
 10
7.826784557051722
 20
-0.1530437423180047
 30
0.0
 40
4.499999999995499
  1
σ
 41
0.75
  7
宋体
100
AcDbText
1001
AcDbBlockRepETag
1070
     1
1071
        1
1005
213
  0
TEXT
  5
214
330
210
100
AcDbEntity
  8
承载力标识
 62
     1
100
AcDbText
 10
11.10678762559837
 20
-0.1530437423180047
 30
0.0
 40
1.8
  1
0 
 41
0.75
  7
宋体
100
AcDbText
1001
AcDbBlockRepETag
1070
     1
1071
        2
1005
214
  0
TEXT
  5
215
330
210
100
AcDbEntity
  8
承载力标识
 62
     1
100
AcDbText
 10
12.18624074000036
 20
0.5933273611808545
 30
0.0
 40
2.999999999996998
  1
=100
 41
0.75
  7
宋体
100
AcDbText
1001
AcDbBlockRepETag
1070
     1
1071
        3
1005
215
  0
TEXT
  5
216
330
210
100
AcDbEntity
  8
承载力标识
 62
     3
100
AcDbText
 10
-0.4826815642453271
 20
-0.0000000000000001
 30
0.0
 40
1.799999999998199
  1
4
 41
0.75
  7
宋体
 72
     1
 11
0.0
 21
-0.0000000000000001
 31
0.0
100
AcDbText
1001
AcDbBlockRepETag
1070
     1
1071
        4
1005
216
  0
TEXT
  5
217
330
210
100
AcDbEntity
  8
承载力标识
 62
     3
100
AcDbText
 10
-0.4923410497009991
 20
2.807777392288698
 30
0.0
 40
1.799999999998199
  1
al
 41
0.75
  7
宋体
 72
     1
 11
0.4730220787896551
 21
2.807777392288698
 31
0.0
100
AcDbText
1001
AcDbBlockRepETag
1070
     1
1071
        5
1005
217
  0
TEXT
  5
218
330
210
100
AcDbEntity
  8
承载力标识
 62
     3
100
AcDbText
 10
-2.558574984574147
 20
0.4156825013869822
 30
0.0
 40
2.999999999996998
  1
Q
 41
0.75
  7
宋体
 72
     1
 11
-1.754105710831936
 21
0.4156825013869822
 31
0.0
100
AcDbText
1001
AcDbBlockRepETag
1070
     1
1071
        6
1005
218
  0
ENDBLK
  5
219
330
210
100
AcDbEntity
  8
0
 62
     3
100
AcDbBlockEnd
  0
BLOCK
  5
21B
330
21A
100
AcDbEntity
  8
0
 62
     3
100
AcDbBlockBegin
  2
222
 70
     0
 10
0.0
 20
0.0
 30
0.0
  3
222
  1

  0
TEXT
  5
21C
330
21A
100
AcDbEntity
  8
承载力标识
 62
     3
100
AcDbText
 10
1.165041147601981
 20
0.2208718455444796
 30
0.0
 40
2.999999999996998
  1
2-22
 41
0.75
  7
宋体
100
AcDbText
1001
AcDbBlockRepETag
1070
     1
1071
        0
1005
21C
  0
TEXT
  5
21D
330
21A
100
AcDbEntity
  8
承载力标识
 62
     1
100
AcDbText
 10
7.392254010157442
 20
-0.4336476153825971
 30
0.0
 40
4.499999999995499
  1
σ
 41
0.75
  7
宋体
100
AcDbText
1001
AcDbBlockRepETag
1070
     1
1071
        1
1005
21D
  0
TEXT
  5
21E
330
21A
100
AcDbEntity
  8
承载力标识
 62
     1
100
AcDbText
 10
10.67225707870409
 20
-0.4336476153825971
 30
0.0
 40
1.8
  1
0 
 41
0.75
  7
宋体
100
AcDbText
1001
AcDbBlockRepETag
1070
     1
1071
        2
1005
21E
  0
TEXT
  5
21F
330
21A
100
AcDbEntity
  8
承载力标识
 62
     1
100
AcDbText
 10
11.75171019310607
 20
0.3127234881162622
 30
0.0
 40
2.999999999996998
  1
=150
 41
0.75
  7
宋体
100
AcDbText
1001
AcDbBlockRepETag
1070
     1
1071
        3
1005
21F
  0
TEXT
  5
220
330
21A
100
AcDbEntity
  8
承载力标识
 62
     3
100
AcDbText
 10
-1.027624427580094
 20
-0.2586573815619886
 30
0.0
 40
1.799999999998199
  1
4
 41
0.75
  7
宋体
 72
     1
 11
-0.5449428633347675
 21
-0.2586573815619886
 31
0.0
100
AcDbText
1001
AcDbBlockRepETag
1070
     1
1071
        4
1005
220
  0
TEXT
  5
221
330
21A
100
AcDbEntity
  8
承载力标识
 62
     3
100
AcDbText
 10
-3.103517847908914
 20
0.1570251198249934
 30
0.0
 40
2.999999999996998
  1
Q
 41
0.75
  7
宋体
 72
     1
 11
-2.299048574166703
 21
0.1570251198249934
 31
0.0
100
AcDbText
1001
AcDbBlockRepETag
1070
     1
1071
        6
1005
221
  0
TEXT
  5
222
330
21A
100
AcDbEntity
  8
承载力标识
 62
     3
100
AcDbText
 10
-1.015417444374011
 20
2.567004485545565
 30
0.0
 40
1.799999999998199
  1
al
 41
0.75
  7
宋体
 72
     1
 11
-0.0500543158833577
 21
2.567004485545565
 31
0.0
100
AcDbText
1001
AcDbBlockRepETag
1070
     1
1071
        5
1005
222
  0
TEXT
  5
223
330
21A
100
AcDbEntity
  8
承载力标识
 62
     3
100
AcDbText
 10
-3.081651379247158
 20
0.1749095946438502
 30
0.0
 40
2.999999999996998
  1
Q
 41
0.75
  7
宋体
 72
     1
 11
-2.277182105504946
 21
0.1749095946438502
 31
0.0
100
AcDbText
1001
AcDbBlockRepETag
1070
     1
1071
        8
1005
223
  0
ENDBLK
  5
224
330
21A
100
AcDbEntity
  8
0
 62
     3
100
AcDbBlockEnd
  0
BLOCK
  5
226
330
225
100
AcDbEntity
  8
0
 62
     3
100
AcDbBlockBegin
  2
223
 70
     0
 10
0.0
 20
0.0
 30
0.0
  3
223
  1

  0
TEXT
  5
227
330
225
100
AcDbEntity
  8
承载力标识
 62
     1
100
AcDbText
 10
7.231187555969769
 20
-0.1932927893471971
 30
0.0
 40
4.499999999995499
  1
σ
 41
0.75
  7
宋体
100
AcDbText
1001
AcDbBlockRepETag
1070
     1
1071
        1
1005
227
  0
TEXT
  5
228
330
225
100
AcDbEntity
  8
承载力标识
 62
     1
100
AcDbText
 10
10.51119062451641
 20
-0.1932927893471971
 30
0.0
 40
1.8
  1
0 
 41
0.75
  7
宋体
100
AcDbText
1001
AcDbBlockRepETag
1070
     1
1071
        2
1005
228
  0
TEXT
  5
229
330
225
100
AcDbEntity
  8
承载力标识
 62
     1
100
AcDbText
 10
11.59064373891839
 20
0.5530783141516622
 30
0.0
 40
2.999999999996998
  1
=180
 41
0.75
  7
宋体
100
AcDbText
1001
AcDbBlockRepETag
1070
     1
1071
        3
1005
229
  0
TEXT
  5
22A
330
225
100
AcDbEntity
  8
承载力标识
 62
     3
100
AcDbText
 10
0.971702201981202
 20
0.3759020653546941
 30
0.0
 40
2.999999999996998
  1
2-23
 41
0.75
  7
宋体
100
AcDbText
1001
AcDbBlockRepETag
1070
     1
1071
        0
1005
22A
  0
TEXT
  5
22B
330
225
100
AcDbEntity
  8
承载力标识
 62
     3
100
AcDbText
 10
-1.220963373200875
 20
-0.1036271617517741
 30
0.0
 40
1.799999999998199
  1
4
 41
0.75
  7
宋体
 72
     1
 11
-0.7382818089555486
 21
-0.1036271617517741
 31
0.0
100
AcDbText
1001
AcDbBlockRepETag
1070
     1
1071
        4
1005
22B
  0
TEXT
  5
22C
330
225
100
AcDbEntity
  8
承载力标识
 62
     3
100
AcDbText
 10
-3.296856793529694
 20
0.3120553396352079
 30
0.0
 40
2.999999999996998
  1
Q
 41
0.75
  7
宋体
 72
     1
 11
-2.492387519787482
 21
0.3120553396352079
 31
0.0
100
AcDbText
1001
AcDbBlockRepETag
1070
     1
1071
        6
1005
22C
  0
TEXT
  5
22D
330
225
100
AcDbEntity
  8
承载力标识
 62
     3
100
AcDbText
 10
-1.208756389994792
 20
2.722034705355779
 30
0.0
 40
1.799999999998199
  1
al
 41
0.75
  7
宋体
 72
     1
 11
-0.2433932615041381
 21
2.722034705355779
 31
0.0
100
AcDbText
1001
AcDbBlockRepETag
1070
     1
1071
        5
1005
22D
  0
TEXT
  5
22E
330
225
100
AcDbEntity
  8
承载力标识
 62
     3
100
AcDbText
 10
-3.274990324867941
 20
0.3299398144540647
 30
0.0
 40
2.999999999996998
  1
Q
 41
0.75
  7
宋体
 72
     1
 11
-2.470521051125729
 21
0.3299398144540647
 31
0.0
100
AcDbText
1001
AcDbBlockRepETag
1070
     1
1071
        8
1005
22E
  0
ENDBLK
  5
22F
330
225
100
AcDbEntity
  8
0
 62
     3
100
AcDbBlockEnd
  0
BLOCK
  5
231
330
230
100
AcDbEntity
  8
0
 62
     3
100
AcDbBlockBegin
  2
231
 70
     0
 10
0.0
 20
0.0
 30
0.0
  3
231
  1

  0
TEXT
  5
232
330
230
100
AcDbEntity
  8
承载力标识
 62
     1
100
AcDbText
 10
8.122689500973022
 20
-0.2343435092119535
 30
0.0
 40
4.499999999995499
  1
σ
 41
0.75
  7
宋体
100
AcDbText
1001
AcDbBlockRepETag
1070
     1
1071
        1
1005
232
  0
TEXT
  5
233
330
230
100
AcDbEntity
  8
承载力标识
 62
     1
100
AcDbText
 10
11.40269256951967
 20
-0.2343435092119535
 30
0.0
 40
1.8
  1
0 
 41
0.75
  7
宋体
100
AcDbText
1001
AcDbBlockRepETag
1070
     1
1071
        2
1005
233
  0
TEXT
  5
234
330
230
100
AcDbEntity
  8
承载力标识
 62
     1
100
AcDbText
 10
12.48214568392165
 20
0.5120275942869057
 30
0.0
 40
2.999999999996998
  1
=100
 41
0.75
  7
宋体
100
AcDbText
1001
AcDbBlockRepETag
1070
     1
1071
        3
1005
234
  0
TEXT
  5
235
330
230
100
AcDbEntity
  8
承载力标识
 62
     3
100
AcDbText
 10
1.553840550675771
 20
0.4181338468248442
 30
0.0
 40
2.999999999996998
  1
2-31
 41
0.75
  7
宋体
100
AcDbText
1001
AcDbBlockRepETag
1070
     1
1071
        0
1005
235
  0
TEXT
  5
236
330
230
100
AcDbEntity
  8
承载力标识
 62
     3
100
AcDbText
 10
-0.6388250245063042
 20
-0.0613953802816242
 30
0.0
 40
1.799999999998199
  1
4
 41
0.75
  7
宋体
 72
     1
 11
-0.156143460260977
 21
-0.0613953802816242
 31
0.0
100
AcDbText
1001
AcDbBlockRepETag
1070
     1
1071
        4
1005
236
  0
TEXT
  5
237
330
230
100
AcDbEntity
  8
承载力标识
 62
     3
100
AcDbText
 10
-2.714718444835126
 20
0.354287121105358
 30
0.0
 40
2.999999999996998
  1
Q
 41
0.75
  7
宋体
 72
     1
 11
-1.910249171092914
 21
0.354287121105358
 31
0.0
100
AcDbText
1001
AcDbBlockRepETag
1070
     1
1071
        6
1005
237
  0
TEXT
  5
238
330
230
100
AcDbEntity
  8
承载力标识
 62
     3
100
AcDbText
 10
-0.6266180413002214
 20
2.764266486825931
 30
0.0
 40
1.799999999998199
  1
al
 41
0.75
  7
宋体
 72
     1
 11
0.3387450871904329
 21
2.764266486825931
 31
0.0
100
AcDbText
1001
AcDbBlockRepETag
1070
     1
1071
        5
1005
238
  0
TEXT
  5
239
330
230
100
AcDbEntity
  8
承载力标识
 62
     3
100
AcDbText
 10
-2.692851976173369
 20
0.3721715959242147
 30
0.0
 40
2.999999999996998
  1
Q
 41
0.75
  7
宋体
 72
     1
 11
-1.888382702431158
 21
0.3721715959242147
 31
0.0
100
AcDbText
1001
AcDbBlockRepETag
1070
     1
1071
        8
1005
239
  0
ENDBLK
  5
23A
330
230
100
AcDbEntity
  8
0
 62
     3
100
AcDbBlockEnd
  0
BLOCK
  5
23C
330
23B
100
AcDbEntity
  8
0
 62
     3
100
AcDbBlockBegin
  2
232
 70
     0
 10
0.0
 20
0.0
 30
0.0
  3
232
  1

  0
TEXT
  5
23D
330
23B
100
AcDbEntity
  8
承载力标识
 62
     1
100
AcDbText
 10
8.059032403338164
 20
-0.0719196250875029
 30
0.0
 40
4.499999999995499
  1
σ
 41
0.75
  7
宋体
100
AcDbText
1001
AcDbBlockRepETag
1070
     1
1071
        1
1005
23D
  0
TEXT
  5
23E
330
23B
100
AcDbEntity
  8
承载力标识
 62
     1
100
AcDbText
 10
11.33903547188481
 20
-0.0719196250875029
 30
0.0
 40
1.8
  1
0 
 41
0.75
  7
宋体
100
AcDbText
1001
AcDbBlockRepETag
1070
     1
1071
        2
1005
23E
  0
TEXT
  5
23F
330
23B
100
AcDbEntity
  8
承载力标识
 62
     1
100
AcDbText
 10
12.41848858628679
 20
0.6744514784113563
 30
0.0
 40
2.999999999996998
  1
=150
 41
0.75
  7
宋体
100
AcDbText
1001
AcDbBlockRepETag
1070
     1
1071
        3
1005
23F
  0
TEXT
  5
240
330
23B
100
AcDbEntity
  8
承载力标识
 62
     3
100
AcDbText
 10
1.553619632153526
 20
0.398001334269793
 30
0.0
 40
2.999999999996998
  1
2-32
 41
0.75
  7
宋体
100
AcDbText
1001
AcDbBlockRepETag
1070
     1
1071
        0
1005
240
  0
TEXT
  5
241
330
23B
100
AcDbEntity
  8
承载力标识
 62
     3
100
AcDbText
 10
-0.6390459430285494
 20
-0.0815278928366752
 30
0.0
 40
1.799999999998199
  1
4
 41
0.75
  7
宋体
 72
     1
 11
-0.1563643787832223
 21
-0.0815278928366752
 31
0.0
100
AcDbText
1001
AcDbBlockRepETag
1070
     1
1071
        4
1005
241
  0
TEXT
  5
242
330
23B
100
AcDbEntity
  8
承载力标识
 62
     3
100
AcDbText
 10
-2.714939363357371
 20
0.3341546085503069
 30
0.0
 40
2.999999999996998
  1
Q
 41
0.75
  7
宋体
 72
     1
 11
-1.910470089615158
 21
0.3341546085503069
 31
0.0
100
AcDbText
1001
AcDbBlockRepETag
1070
     1
1071
        6
1005
242
  0
TEXT
  5
243
330
23B
100
AcDbEntity
  8
承载力标识
 62
     3
100
AcDbText
 10
-0.6268389598224671
 20
2.744133974270879
 30
0.0
 40
1.799999999998199
  1
al
 41
0.75
  7
宋体
 72
     1
 11
0.3385241686681872
 21
2.744133974270879
 31
0.0
100
AcDbText
1001
AcDbBlockRepETag
1070
     1
1071
        5
1005
243
  0
TEXT
  5
244
330
23B
100
AcDbEntity
  8
承载力标识
 62
     3
100
AcDbText
 10
-2.693072894695615
 20
0.3520390833691636
 30
0.0
 40
2.999999999996998
  1
Q
 41
0.75
  7
宋体
 72
     1
 11
-1.888603620953403
 21
0.3520390833691636
 31
0.0
100
AcDbText
1001
AcDbBlockRepETag
1070
     1
1071
        8
1005
244
  0
ENDBLK
  5
245
330
23B
100
AcDbEntity
  8
0
 62
     3
100
AcDbBlockEnd
  0
BLOCK
  5
247
330
246
100
AcDbEntity
  8
0
 62
     3
100
AcDbBlockBegin
  2
233
 70
     0
 10
0.0
 20
0.0
 30
0.0
  3
233
  1

  0
TEXT
  5
248
330
246
100
AcDbEntity
  8
承载力标识
 62
     1
100
AcDbText
 10
7.570401763981862
 20
-0.6609428613746782
 30
0.0
 40
4.499999999995499
  1
σ
 41
0.75
  7
宋体
100
AcDbText
1001
AcDbBlockRepETag
1070
     1
1071
        0
1005
248
  0
TEXT
  5
249
330
246
100
AcDbEntity
  8
承载力标识
 62
     1
100
AcDbText
 10
10.85040483252851
 20
-0.6609428613746782
 30
0.0
 40
1.8
  1
0 
 41
0.75
  7
宋体
100
AcDbText
1001
AcDbBlockRepETag
1070
     1
1071
        1
1005
249
  0
TEXT
  5
24A
330
246
100
AcDbEntity
  8
承载力标识
 62
     1
100
AcDbText
 10
11.92985794693049
 20
0.0854282421241806
 30
0.0
 40
2.999999999996998
  1
=180
 41
0.75
  7
宋体
100
AcDbText
1001
AcDbBlockRepETag
1070
     1
1071
        2
1005
24A
  0
TEXT
  5
24B
330
246
100
AcDbEntity
  8
承载力标识
 62
     3
100
AcDbText
 10
1.059560075380431
 20
0.0313459374820014
 30
0.0
 40
2.999999999996998
  1
2-33
 41
0.75
  7
宋体
100
AcDbText
1001
AcDbBlockRepETag
1070
     1
1071
       12
1005
24B
  0
TEXT
  5
24C
330
246
100
AcDbEntity
  8
承载力标识
 62
     3
100
AcDbText
 10
-1.133105499801644
 20
-0.448183289624467
 30
0.0
 40
1.799999999998199
  1
4
 41
0.75
  7
宋体
 72
     1
 11
-0.6504239355563179
 21
-0.448183289624467
 31
0.0
100
AcDbText
1001
AcDbBlockRepETag
1070
     1
1071
        4
1005
24C
  0
TEXT
  5
24D
330
246
100
AcDbEntity
  8
承载力标识
 62
     3
100
AcDbText
 10
-3.208998920130466
 20
-0.0325007882374848
 30
0.0
 40
2.999999999996998
  1
Q
 41
0.75
  7
宋体
 72
     1
 11
-2.404529646388254
 21
-0.0325007882374848
 31
0.0
100
AcDbText
1001
AcDbBlockRepETag
1070
     1
1071
        6
1005
24D
  0
TEXT
  5
24E
330
246
100
AcDbEntity
  8
承载力标识
 62
     3
100
AcDbText
 10
-1.120898516595561
 20
2.377478577483087
 30
0.0
 40
1.799999999998199
  1
al
 41
0.75
  7
宋体
 72
     1
 11
-0.1555353881049077
 21
2.377478577483087
 31
0.0
100
AcDbText
1001
AcDbBlockRepETag
1070
     1
1071
        5
1005
24E
  0
TEXT
  5
24F
330
246
100
AcDbEntity
  8
承载力标识
 62
     3
100
AcDbText
 10
-3.187132451468709
 20
-0.0146163134186281
 30
0.0
 40
2.999999999996998
  1
Q
 41
0.75
  7
宋体
 72
     1
 11
-2.382663177726497
 21
-0.0146163134186281
 31
0.0
100
AcDbText
1001
AcDbBlockRepETag
1070
     1
1071
        8
1005
24F
  0
ENDBLK
  5
250
330
246
100
AcDbEntity
  8
0
 62
     3
100
AcDbBlockEnd
  0
BLOCK
  5
252
330
251
100
AcDbEntity
  8
0
 62
     3
100
AcDbBlockBegin
  2
271
 70
     0
 10
0.0
 20
0.0
 30
0.0
  3
271
  1

  0
TEXT
  5
253
330
251
100
AcDbEntity
  8
承载力标识
 62
     1
100
AcDbText
 10
7.57040176398175
 20
-0.2581736466281655
 30
0.0
 40
4.499999999995499
  1
σ
 41
0.75
  7
宋体
100
AcDbText
1001
AcDbBlockRepETag
1070
     1
1071
        0
1005
253
  0
TEXT
  5
254
330
251
100
AcDbEntity
  8
承载力标识
 62
     1
100
AcDbText
 10
10.85040483252839
 20
-0.2581736466281655
 30
0.0
 40
1.8
  1
0 
 41
0.75
  7
宋体
100
AcDbText
1001
AcDbBlockRepETag
1070
     1
1071
        1
1005
254
  0
TEXT
  5
255
330
251
100
AcDbEntity
  8
承载力标识
 62
     1
100
AcDbText
 10
11.92985794693037
 20
0.4881974568706938
 30
0.0
 40
2.999999999996998
  1
=100
 41
0.75
  7
宋体
100
AcDbText
1001
AcDbBlockRepETag
1070
     1
1071
        2
1005
255
  0
TEXT
  5
256
330
251
100
AcDbEntity
  8
承载力标识
 62
     3
100
AcDbText
 10
1.082265881066517
 20
0.2978124014553032
 30
0.0
 40
2.999999999996998
  1
2-71
 41
0.75
  7
宋体
100
AcDbText
1001
AcDbBlockRepETag
1070
     1
1071
       12
1005
256
  0
TEXT
  5
257
330
251
100
AcDbEntity
  8
承载力标识
 62
     3
100
AcDbText
 10
-1.110399694115558
 20
-0.181716825651165
 30
0.0
 40
1.799999999998199
  1
4
 41
0.75
  7
宋体
 72
     1
 11
-0.6277181298702314
 21
-0.181716825651165
 31
0.0
100
AcDbText
1001
AcDbBlockRepETag
1070
     1
1071
        4
1005
257
  0
TEXT
  5
258
330
251
100
AcDbEntity
  8
承载力标识
 62
     3
100
AcDbText
 10
-3.18629311444438
 20
0.2339656757358171
 30
0.0
 40
2.999999999996998
  1
Q
 41
0.75
  7
宋体
 72
     1
 11
-2.381823840702168
 21
0.2339656757358171
 31
0.0
100
AcDbText
1001
AcDbBlockRepETag
1070
     1
1071
        6
1005
258
  0
TEXT
  5
259
330
251
100
AcDbEntity
  8
承载力标识
 62
     3
100
AcDbText
 10
-1.098192710909475
 20
2.643945041456389
 30
0.0
 40
1.799999999998199
  1
al
 41
0.75
  7
宋体
 72
     1
 11
-0.132829582418821
 21
2.643945041456389
 31
0.0
100
AcDbText
1001
AcDbBlockRepETag
1070
     1
1071
        5
1005
259
  0
ENDBLK
  5
25A
330
251
100
AcDbEntity
  8
0
 62
     3
100
AcDbBlockEnd
  0
BLOCK
  5
25C
330
25B
100
AcDbEntity
  8
0
 62
     3
100
AcDbBlockBegin
  2
272
 70
     0
 10
0.0
 20
0.0
 30
0.0
  3
272
  1

  0
TEXT
  5
25D
330
25B
100
AcDbEntity
  8
承载力标识
 62
     1
100
AcDbText
 10
7.57040176398175
 20
-0.3614533270235825
 30
0.0
 40
4.499999999995499
  1
σ
 41
0.75
  7
宋体
100
AcDbText
1001
AcDbBlockRepETag
1070
     1
1071
        0
1005
25D
  0
TEXT
  5
25E
330
25B
100
AcDbEntity
  8
承载力标识
 62
     1
100
AcDbText
 10
10.85040483252839
 20
-0.3614533270235825
 30
0.0
 40
1.8
  1
0 
 41
0.75
  7
宋体
100
AcDbText
1001
AcDbBlockRepETag
1070
     1
1071
        1
1005
25E
  0
TEXT
  5
25F
330
25B
100
AcDbEntity
  8
承载力标识
 62
     1
100
AcDbText
 10
11.92985794693037
 20
0.3849177764752766
 30
0.0
 40
2.999999999996998
  1
=150
 41
0.75
  7
宋体
100
AcDbText
1001
AcDbBlockRepETag
1070
     1
1071
        2
1005
25F
  0
TEXT
  5
260
330
25B
100
AcDbEntity
  8
承载力标识
 62
     3
100
AcDbText
 10
1.104776199370347
 20
0.3077195533717258
 30
0.0
 40
2.999999999996998
  1
2-72
 41
0.75
  7
宋体
100
AcDbText
1001
AcDbBlockRepETag
1070
     1
1071
       12
1005
260
  0
TEXT
  5
261
330
25B
100
AcDbEntity
  8
承载力标识
 62
     3
100
AcDbText
 10
-1.087889375811728
 20
-0.1718096737347423
 30
0.0
 40
1.799999999998199
  1
4
 41
0.75
  7
宋体
 72
     1
 11
-0.6052078115664014
 21
-0.1718096737347423
 31
0.0
100
AcDbText
1001
AcDbBlockRepETag
1070
     1
1071
        4
1005
261
  0
TEXT
  5
262
330
25B
100
AcDbEntity
  8
承载力标识
 62
     3
100
AcDbText
 10
-3.163782796140548
 20
0.2438728276522397
 30
0.0
 40
2.999999999996998
  1
Q
 41
0.75
  7
宋体
 72
     1
 11
-2.359313522398336
 21
0.2438728276522397
 31
0.0
100
AcDbText
1001
AcDbBlockRepETag
1070
     1
1071
        6
1005
262
  0
TEXT
  5
263
330
25B
100
AcDbEntity
  8
承载力标识
 62
     3
100
AcDbText
 10
-1.075682392605645
 20
2.653852193372812
 30
0.0
 40
1.799999999998199
  1
al
 41
0.75
  7
宋体
 72
     1
 11
-0.110319264114991
 21
2.653852193372812
 31
0.0
100
AcDbText
1001
AcDbBlockRepETag
1070
     1
1071
        5
1005
263
  0
ENDBLK
  5
264
330
25B
100
AcDbEntity
  8
0
 62
     3
100
AcDbBlockEnd
  0
BLOCK
  5
266
330
265
100
AcDbEntity
  8
0
 62
     3
100
AcDbBlockBegin
  2
273
 70
     0
 10
0.0
 20
0.0
 30
0.0
  3
273
  1

  0
TEXT
  5
267
330
265
100
AcDbEntity
  8
承载力标识
 62
     1
100
AcDbText
 10
7.570401763981862
 20
-0.5265997768410671
 30
0.0
 40
4.499999999995499
  1
σ
 41
0.75
  7
宋体
100
AcDbText
1001
AcDbBlockRepETag
1070
     1
1071
        0
1005
267
  0
TEXT
  5
268
330
265
100
AcDbEntity
  8
承载力标识
 62
     1
100
AcDbText
 10
10.85040483252851
 20
-0.5265997768410671
 30
0.0
 40
1.8
  1
0 
 41
0.75
  7
宋体
100
AcDbText
1001
AcDbBlockRepETag
1070
     1
1071
        1
1005
268
  0
TEXT
  5
269
330
265
100
AcDbEntity
  8
承载力标识
 62
     1
100
AcDbText
 10
11.9298579469305
 20
0.219771326657792
 30
0.0
 40
2.999999999996998
  1
=180
 41
0.75
  7
宋体
100
AcDbText
1001
AcDbBlockRepETag
1070
     1
1071
        2
1005
269
  0
TEXT
  5
26A
330
265
100
AcDbEntity
  8
承载力标识
 62
     3
100
AcDbText
 10
1.164801478455046
 20
0.1874074970992296
 30
0.0
 40
2.999999999996998
  1
2-73
 41
0.75
  7
宋体
100
AcDbText
1001
AcDbBlockRepETag
1070
     1
1071
       12
1005
26A
  0
TEXT
  5
26B
330
265
100
AcDbEntity
  8
承载力标识
 62
     3
100
AcDbText
 10
-1.027864096727029
 20
-0.2921217300072385
 30
0.0
 40
1.799999999998199
  1
4
 41
0.75
  7
宋体
 72
     1
 11
-0.5451825324817028
 21
-0.2921217300072385
 31
0.0
100
AcDbText
1001
AcDbBlockRepETag
1070
     1
1071
        4
1005
26B
  0
TEXT
  5
26C
330
265
100
AcDbEntity
  8
承载力标识
 62
     3
100
AcDbText
 10
-3.103757517055851
 20
0.1235607713797435
 30
0.0
 40
2.999999999996998
  1
Q
 41
0.75
  7
宋体
 72
     1
 11
-2.299288243313639
 21
0.1235607713797435
 31
0.0
100
AcDbText
1001
AcDbBlockRepETag
1070
     1
1071
        6
1005
26C
  0
TEXT
  5
26D
330
265
100
AcDbEntity
  8
承载力标识
 62
     3
100
AcDbText
 10
-1.015657113520947
 20
2.533540137100316
 30
0.0
 40
1.799999999998199
  1
al
 41
0.75
  7
宋体
 72
     1
 11
-0.0502939850302933
 21
2.533540137100316
 31
0.0
100
AcDbText
1001
AcDbBlockRepETag
1070
     1
1071
        5
1005
26D
  0
ENDBLK
  5
26E
330
265
100
AcDbEntity
  8
0
 62
     3
100
AcDbBlockEnd
  0
BLOCK
  5
270
330
26F
100
AcDbEntity
  8
0
 62
     3
100
AcDbBlockBegin
  2
281
 70
     0
 10
0.0
 20
0.0
 30
0.0
  3
281
  1

  0
TEXT
  5
271
330
26F
100
AcDbEntity
  8
承载力标识
 62
     1
100
AcDbText
 10
7.570401763981862
 20
-0.1227892626419587
 30
0.0
 40
4.499999999995499
  1
σ
 41
0.75
  7
宋体
100
AcDbText
1001
AcDbBlockRepETag
1070
     1
1071
        0
1005
271
  0
TEXT
  5
272
330
26F
100
AcDbEntity
  8
承载力标识
 62
     1
100
AcDbText
 10
10.85040483252851
 20
-0.1227892626419587
 30
0.0
 40
1.8
  1
0 
 41
0.75
  7
宋体
100
AcDbText
1001
AcDbBlockRepETag
1070
     1
1071
        1
1005
272
  0
TEXT
  5
273
330
26F
100
AcDbEntity
  8
承载力标识
 62
     1
100
AcDbText
 10
11.9298579469305
 20
0.6235818408569003
 30
0.0
 40
2.999999999996998
  1
=/
 41
0.75
  7
宋体
100
AcDbText
1001
AcDbBlockRepETag
1070
     1
1071
        2
1005
273
  0
TEXT
  5
274
330
26F
100
AcDbEntity
  8
承载力标识
 62
     3
100
AcDbText
 10
1.051551886001107
 20
0.4416489813639828
 30
0.0
 40
2.999999999996998
  1
2-81
 41
0.75
  7
宋体
100
AcDbText
1001
AcDbBlockRepETag
1070
     1
1071
       12
1005
274
  0
TEXT
  5
275
330
26F
100
AcDbEntity
  8
承载力标识
 62
     3
100
AcDbText
 10
-1.14111368918097
 20
-0.0378802457424853
 30
0.0
 40
1.799999999998199
  1
4
 41
0.75
  7
宋体
 72
     1
 11
-0.6584321249356431
 21
-0.0378802457424853
 31
0.0
100
AcDbText
1001
AcDbBlockRepETag
1070
     1
1071
        4
1005
275
  0
TEXT
  5
276
330
26F
100
AcDbEntity
  8
承载力标识
 62
     3
100
AcDbText
 10
-3.217007109509791
 20
0.3778022556444966
 30
0.0
 40
2.999999999996998
  1
Q
 41
0.75
  7
宋体
 72
     1
 11
-2.412537835767579
 21
0.3778022556444966
 31
0.0
100
AcDbText
1001
AcDbBlockRepETag
1070
     1
1071
        6
1005
276
  0
TEXT
  5
277
330
26F
100
AcDbEntity
  8
承载力标识
 62
     3
100
AcDbText
 10
-1.128906705974887
 20
2.787781621365069
 30
0.0
 40
1.799999999998199
  1
al
 41
0.75
  7
宋体
 72
     1
 11
-0.1635435774842331
 21
2.787781621365069
 31
0.0
100
AcDbText
1001
AcDbBlockRepETag
1070
     1
1071
        5
1005
277
  0
ENDBLK
  5
278
330
26F
100
AcDbEntity
  8
0
 62
     3
100
AcDbBlockEnd
  0
BLOCK
  5
27A
330
279
100
AcDbEntity
  8
0
 62
     3
100
AcDbBlockBegin
  2
282
 70
     0
 10
0.0
 20
0.0
 30
0.0
  3
282
  1

  0
TEXT
  5
27B
330
279
100
AcDbEntity
  8
承载力标识
 62
     1
100
AcDbText
 10
7.57040176398175
 20
-0.7412178898855474
 30
0.0
 40
4.499999999995499
  1
σ
 41
0.75
  7
宋体
100
AcDbText
1001
AcDbBlockRepETag
1070
     1
1071
        0
1005
27B
  0
TEXT
  5
27C
330
279
100
AcDbEntity
  8
承载力标识
 62
     1
100
AcDbText
 10
10.85040483252839
 20
-0.7412178898855474
 30
0.0
 40
1.8
  1
0 
 41
0.75
  7
宋体
100
AcDbText
1001
AcDbBlockRepETag
1070
     1
1071
        1
1005
27C
  0
TEXT
  5
27D
330
279
100
AcDbEntity
  8
承载力标识
 62
     1
100
AcDbText
 10
11.92985794693037
 20
0.0051532136133119
 30
0.0
 40
2.999999999996998
  1
=80
 41
0.75
  7
宋体
100
AcDbText
1001
AcDbBlockRepETag
1070
     1
1071
        2
1005
27D
  0
TEXT
  5
27E
330
279
100
AcDbEntity
  8
承载力标识
 62
     3
100
AcDbText
 10
1.117828506552426
 20
-0.0557079215593604
 30
0.0
 40
2.999999999996998
  1
2-82
 41
0.75
  7
宋体
100
AcDbText
1001
AcDbBlockRepETag
1070
     1
1071
       12
1005
27E
  0
TEXT
  5
27F
330
279
100
AcDbEntity
  8
承载力标识
 62
     3
100
AcDbText
 10
-1.074837068629649
 20
-0.5352371486658285
 30
0.0
 40
1.799999999998199
  1
4
 41
0.75
  7
宋体
 72
     1
 11
-0.5921555043843221
 21
-0.5352371486658285
 31
0.0
100
AcDbText
1001
AcDbBlockRepETag
1070
     1
1071
        4
1005
27F
  0
TEXT
  5
280
330
279
100
AcDbEntity
  8
承载力标识
 62
     3
100
AcDbText
 10
-3.150730488958471
 20
-0.1195546472788464
 30
0.0
 40
2.999999999996998
  1
Q
 41
0.75
  7
宋体
 72
     1
 11
-2.346261215216259
 21
-0.1195546472788464
 31
0.0
100
AcDbText
1001
AcDbBlockRepETag
1070
     1
1071
        6
1005
280
  0
TEXT
  5
281
330
279
100
AcDbEntity
  8
承载力标识
 62
     3
100
AcDbText
 10
-1.062630085423566
 20
2.290424718441725
 30
0.0
 40
1.799999999998199
  1
al
 41
0.75
  7
宋体
 72
     1
 11
-0.0972669569329121
 21
2.290424718441725
 31
0.0
100
AcDbText
1001
AcDbBlockRepETag
1070
     1
1071
        5
1005
281
  0
ENDBLK
  5
282
330
279
100
AcDbEntity
  8
0
 62
     3
100
AcDbBlockEnd
  0
BLOCK
  5
284
330
283
100
AcDbEntity
  8
0
 62
     3
100
AcDbBlockBegin
  2
283
 70
     0
 10
0.0
 20
0.0
 30
0.0
  3
283
  1

  0
TEXT
  5
285
330
283
100
AcDbEntity
  8
承载力标识
 62
     1
100
AcDbText
 10
7.57040176398175
 20
-0.5863458547728443
 30
0.0
 40
4.499999999995499
  1
σ
 41
0.75
  7
宋体
100
AcDbText
1001
AcDbBlockRepETag
1070
     1
1071
        0
1005
285
  0
TEXT
  5
286
330
283
100
AcDbEntity
  8
承载力标识
 62
     1
100
AcDbText
 10
10.85040483252839
 20
-0.5863458547728443
 30
0.0
 40
1.8
  1
0 
 41
0.75
  7
宋体
100
AcDbText
1001
AcDbBlockRepETag
1070
     1
1071
        1
1005
286
  0
TEXT
  5
287
330
283
100
AcDbEntity
  8
承载力标识
 62
     1
100
AcDbText
 10
11.92985794693037
 20
0.1600252487260149
 30
0.0
 40
2.999999999996998
  1
=120
 41
0.75
  7
宋体
100
AcDbText
1001
AcDbBlockRepETag
1070
     1
1071
        2
1005
287
  0
TEXT
  5
288
330
283
100
AcDbEntity
  8
承载力标识
 62
     3
100
AcDbText
 10
1.134032432180787
 20
0.1037452025539096
 30
0.0
 40
2.999999999996998
  1
2-83
 41
0.75
  7
宋体
100
AcDbText
1001
AcDbBlockRepETag
1070
     1
1071
       12
1005
288
  0
TEXT
  5
289
330
283
100
AcDbEntity
  8
承载力标识
 62
     3
100
AcDbText
 10
-1.058633143001289
 20
-0.3757840245525585
 30
0.0
 40
1.799999999998199
  1
4
 41
0.75
  7
宋体
 72
     1
 11
-0.5759515787559622
 21
-0.3757840245525585
 31
0.0
100
AcDbText
1001
AcDbBlockRepETag
1070
     1
1071
        4
1005
289
  0
TEXT
  5
28A
330
283
100
AcDbEntity
  8
承载力标识
 62
     3
100
AcDbText
 10
-3.134526563330108
 20
0.0398984768344235
 30
0.0
 40
2.999999999996998
  1
Q
 41
0.75
  7
宋体
 72
     1
 11
-2.330057289587897
 21
0.0398984768344235
 31
0.0
100
AcDbText
1001
AcDbBlockRepETag
1070
     1
1071
        6
1005
28A
  0
TEXT
  5
28B
330
283
100
AcDbEntity
  8
承载力标识
 62
     3
100
AcDbText
 10
-1.046426159795206
 20
2.449877842554995
 30
0.0
 40
1.799999999998199
  1
al
 41
0.75
  7
宋体
 72
     1
 11
-0.0810630313045522
 21
2.449877842554995
 31
0.0
100
AcDbText
1001
AcDbBlockRepETag
1070
     1
1071
        5
1005
28B
  0
ENDBLK
  5
28C
330
283
100
AcDbEntity
  8
0
 62
     3
100
AcDbBlockEnd
  0
BLOCK
  5
28E
330
28D
100
AcDbEntity
  8
0
 62
     3
100
AcDbBlockBegin
  2
284
 70
     0
 10
0.0
 20
0.0
 30
0.0
  3
284
  1

  0
TEXT
  5
28F
330
28D
100
AcDbEntity
  8
承载力标识
 62
     1
100
AcDbText
 10
7.992503638059133
 20
-0.1666003428099431
 30
0.0
 40
4.499999999995499
  1
σ
 41
0.75
  7
宋体
100
AcDbText
1001
AcDbBlockRepETag
1070
     1
1071
        0
1005
28F
  0
TEXT
  5
290
330
28D
100
AcDbEntity
  8
承载力标识
 62
     1
100
AcDbText
 10
11.27250670660578
 20
-0.1666003428099431
 30
0.0
 40
1.8
  1
0 
 41
0.75
  7
宋体
100
AcDbText
1001
AcDbBlockRepETag
1070
     1
1071
        1
1005
290
  0
TEXT
  5
291
330
28D
100
AcDbEntity
  8
承载力标识
 62
     1
100
AcDbText
 10
12.35195982100776
 20
0.5797707606889162
 30
0.0
 40
2.999999999996998
  1
=200
 41
0.75
  7
宋体
100
AcDbText
1001
AcDbBlockRepETag
1070
     1
1071
        2
1005
291
  0
TEXT
  5
292
330
28D
100
AcDbEntity
  8
承载力标识
 62
     3
100
AcDbText
 10
1.709984010936749
 20
0.4795292271064683
 30
0.0
 40
2.999999999996998
  1
2-84
 41
0.75
  7
宋体
100
AcDbText
1001
AcDbBlockRepETag
1070
     1
1071
       12
1005
292
  0
TEXT
  5
293
330
28D
100
AcDbEntity
  8
承载力标识
 62
     3
100
AcDbText
 10
-0.4826815642453264
 20
0.0
 30
0.0
 40
1.799999999998199
  1
4
 41
0.75
  7
宋体
 72
     1
 11
0.0000000000000007
 21
0.0
 31
0.0
100
AcDbText
1001
AcDbBlockRepETag
1070
     1
1071
        4
1005
293
  0
TEXT
  5
294
330
28D
100
AcDbEntity
  8
承载力标识
 62
     3
100
AcDbText
 10
-2.558574984574146
 20
0.4156825013869822
 30
0.0
 40
2.999999999996998
  1
Q
 41
0.75
  7
宋体
 72
     1
 11
-1.754105710831935
 21
0.4156825013869822
 31
0.0
100
AcDbText
1001
AcDbBlockRepETag
1070
     1
1071
        6
1005
294
  0
TEXT
  5
295
330
28D
100
AcDbEntity
  8
承载力标识
 62
     3
100
AcDbText
 10
-0.4704745810392438
 20
2.825661867107553
 30
0.0
 40
1.799999999998199
  1
al
 41
0.75
  7
宋体
 72
     1
 11
0.4948885474514105
 21
2.825661867107553
 31
0.0
100
AcDbText
1001
AcDbBlockRepETag
1070
     1
1071
        5
1005
295
  0
ENDBLK
  5
296
330
28D
100
AcDbEntity
  8
0
 62
     3
100
AcDbBlockEnd
  0
BLOCK
  5
298
330
297
100
AcDbEntity
  8
0
 62
     3
100
AcDbBlockBegin
  2
291
 70
     0
 10
0.0
 20
0.0
 30
0.0
  3
291
  1

  0
TEXT
  5
299
330
297
100
AcDbEntity
  8
承载力标识
 62
     1
100
AcDbText
 10
7.57040176398175
 20
-0.4139174901110894
 30
0.0
 40
4.499999999995499
  1
σ
 41
0.75
  7
宋体
100
AcDbText
1001
AcDbBlockRepETag
1070
     1
1071
        0
1005
299
  0
TEXT
  5
29A
330
297
100
AcDbEntity
  8
承载力标识
 62
     1
100
AcDbText
 10
10.85040483252839
 20
-0.4139174901110894
 30
0.0
 40
1.8
  1
0 
 41
0.75
  7
宋体
100
AcDbText
1001
AcDbBlockRepETag
1070
     1
1071
        1
1005
29A
  0
TEXT
  5
29B
330
297
100
AcDbEntity
  8
承载力标识
 62
     1
100
AcDbText
 10
11.92985794693037
 20
0.33245361338777
 30
0.0
 40
2.999999999996998
  1
=/
 41
0.75
  7
宋体
100
AcDbText
1001
AcDbBlockRepETag
1070
     1
1071
        2
1005
29B
  0
TEXT
  5
29C
330
297
100
AcDbEntity
  8
承载力标识
 62
     3
100
AcDbText
 10
1.003919288830616
 20
0.2261124446340546
 30
0.0
 40
2.999999999996998
  1
2-91
 41
0.75
  7
宋体
100
AcDbText
1001
AcDbBlockRepETag
1070
     1
1071
       12
1005
29C
  0
TEXT
  5
29D
330
297
100
AcDbEntity
  8
承载力标识
 62
     3
100
AcDbText
 10
-1.18874628635146
 20
-0.2534167824724136
 30
0.0
 40
1.799999999998199
  1
4
 41
0.75
  7
宋体
 72
     1
 11
-0.7060647221061338
 21
-0.2534167824724136
 31
0.0
100
AcDbText
1001
AcDbBlockRepETag
1070
     1
1071
        4
1005
29D
  0
TEXT
  5
29E
330
297
100
AcDbEntity
  8
承载力标识
 62
     3
100
AcDbText
 10
-3.264639706680281
 20
0.1622657189145684
 30
0.0
 40
2.999999999996998
  1
Q
 41
0.75
  7
宋体
 72
     1
 11
-2.460170432938069
 21
0.1622657189145684
 31
0.0
100
AcDbText
1001
AcDbBlockRepETag
1070
     1
1071
        6
1005
29E
  0
TEXT
  5
29F
330
297
100
AcDbEntity
  8
承载力标识
 62
     3
100
AcDbText
 10
-1.176539303145377
 20
2.572245084635142
 30
0.0
 40
1.799999999998199
  1
al
 41
0.75
  7
宋体
 72
     1
 11
-0.2111761746547238
 21
2.572245084635142
 31
0.0
100
AcDbText
1001
AcDbBlockRepETag
1070
     1
1071
        5
1005
29F
  0
ENDBLK
  5
2A0
330
297
100
AcDbEntity
  8
0
 62
     3
100
AcDbBlockEnd
  0
BLOCK
  5
2A2
330
2A1
100
AcDbEntity
  8
0
 62
     3
100
AcDbBlockBegin
  2
292
 70
     0
 10
0.0
 20
0.0
 30
0.0
  3
292
  1

  0
TEXT
  5
2A3
330
2A1
100
AcDbEntity
  8
承载力标识
 62
     1
100
AcDbText
 10
8.070512646093334
 20
-0.2511146401172938
 30
0.0
 40
4.499999999995499
  1
σ
 41
0.75
  7
宋体
100
AcDbText
1001
AcDbBlockRepETag
1070
     1
1071
        0
1005
2A3
  0
TEXT
  5
2A4
330
2A1
100
AcDbEntity
  8
承载力标识
 62
     1
100
AcDbText
 10
11.35051571463998
 20
-0.2511146401172938
 30
0.0
 40
1.8
  1
0 
 41
0.75
  7
宋体
100
AcDbText
1001
AcDbBlockRepETag
1070
     1
1071
        1
1005
2A4
  0
TEXT
  5
2A5
330
2A1
100
AcDbEntity
  8
承载力标识
 62
     1
100
AcDbText
 10
12.42996882904196
 20
0.4952564633815655
 30
0.0
 40
2.999999999996998
  1
=180
 41
0.75
  7
宋体
100
AcDbText
1001
AcDbBlockRepETag
1070
     1
1071
        2
1005
2A5
  0
TEXT
  5
2A6
330
2A1
100
AcDbEntity
  8
承载力标识
 62
     3
100
AcDbText
 10
1.595713733918159
 20
0.4413178626975879
 30
0.0
 40
2.999999999996998
  1
2-92
 41
0.75
  7
宋体
100
AcDbText
1001
AcDbBlockRepETag
1070
     1
1071
       12
1005
2A6
  0
TEXT
  5
2A7
330
2A1
100
AcDbEntity
  8
承载力标识
 62
     3
100
AcDbText
 10
-0.596951841263917
 20
-0.0382113644088805
 30
0.0
 40
1.799999999998199
  1
4
 41
0.75
  7
宋体
 72
     1
 11
-0.1142702770185899
 21
-0.0382113644088805
 31
0.0
100
AcDbText
1001
AcDbBlockRepETag
1070
     1
1071
        4
1005
2A7
  0
TEXT
  5
2A8
330
2A1
100
AcDbEntity
  8
承载力标识
 62
     3
100
AcDbText
 10
-2.672845261592737
 20
0.3774711369781016
 30
0.0
 40
2.999999999996998
  1
Q
 41
0.75
  7
宋体
 72
     1
 11
-1.868375987850525
 21
0.3774711369781016
 31
0.0
100
AcDbText
1001
AcDbBlockRepETag
1070
     1
1071
        6
1005
2A8
  0
TEXT
  5
2A9
330
2A1
100
AcDbEntity
  8
承载力标识
 62
     3
100
AcDbText
 10
-0.5847448580578342
 20
2.787450502698673
 30
0.0
 40
1.799999999998199
  1
al
 41
0.75
  7
宋体
 72
     1
 11
0.38061827043282
 21
2.787450502698673
 31
0.0
100
AcDbText
1001
AcDbBlockRepETag
1070
     1
1071
        5
1005
2A9
  0
ENDBLK
  5
2AA
330
2A1
100
AcDbEntity
  8
0
 62
     3
100
AcDbBlockEnd
  0
BLOCK
  5
2AC
330
2AB
100
AcDbEntity
  8
0
 62
     3
100
AcDbBlockBegin
  2
293
 70
     0
 10
0.0
 20
0.0
 30
0.0
  3
293
  1

  0
TEXT
  5
2AD
330
2AB
100
AcDbEntity
  8
承载力标识
 62
     1
100
AcDbText
 10
7.999993486966674
 20
-0.251361440488978
 30
0.0
 40
4.499999999995499
  1
σ
 41
0.75
  7
宋体
100
AcDbText
1001
AcDbBlockRepETag
1070
     1
1071
        0
1005
2AD
  0
TEXT
  5
2AE
330
2AB
100
AcDbEntity
  8
承载力标识
 62
     1
100
AcDbText
 10
11.27999655551332
 20
-0.251361440488978
 30
0.0
 40
1.8
  1
0 
 41
0.75
  7
宋体
100
AcDbText
1001
AcDbBlockRepETag
1070
     1
1071
        1
1005
2AE
  0
TEXT
  5
2AF
330
2AB
100
AcDbEntity
  8
承载力标识
 62
     1
100
AcDbText
 10
12.3594496699153
 20
0.4950096630098814
 30
0.0
 40
2.999999999996998
  1
=220
 41
0.75
  7
宋体
100
AcDbText
1001
AcDbBlockRepETag
1070
     1
1071
        2
1005
2AF
  0
TEXT
  5
2B0
330
2AB
100
AcDbEntity
  8
承载力标识
 62
     3
100
AcDbText
 10
1.557295865292075
 20
0.4164689176930949
 30
0.0
 40
2.999999999996998
  1
2-93
 41
0.75
  7
宋体
100
AcDbText
1001
AcDbBlockRepETag
1070
     1
1071
       12
1005
2B0
  0
TEXT
  5
2B1
330
2AB
100
AcDbEntity
  8
承载力标识
 62
     3
100
AcDbText
 10
-0.6353697098900011
 20
-0.0630603094133733
 30
0.0
 40
1.799999999998199
  1
4
 41
0.75
  7
宋体
 72
     1
 11
-0.152688145644674
 21
-0.0630603094133733
 31
0.0
100
AcDbText
1001
AcDbBlockRepETag
1070
     1
1071
        4
1005
2B1
  0
TEXT
  5
2B2
330
2AB
100
AcDbEntity
  8
承载力标识
 62
     3
100
AcDbText
 10
-2.711263130218822
 20
0.3526221919736087
 30
0.0
 40
2.999999999996998
  1
Q
 41
0.75
  7
宋体
 72
     1
 11
-1.90679385647661
 21
0.3526221919736087
 31
0.0
100
AcDbText
1001
AcDbBlockRepETag
1070
     1
1071
        6
1005
2B2
  0
TEXT
  5
2B3
330
2AB
100
AcDbEntity
  8
承载力标识
 62
     3
100
AcDbText
 10
-0.6231627266839185
 20
2.762601557694181
 30
0.0
 40
1.799999999998199
  1
al
 41
0.75
  7
宋体
 72
     1
 11
0.3422004018067357
 21
2.762601557694181
 31
0.0
100
AcDbText
1001
AcDbBlockRepETag
1070
     1
1071
        5
1005
2B3
  0
ENDBLK
  5
2B4
330
2AB
100
AcDbEntity
  8
0
 62
     3
100
AcDbBlockEnd
  0
BLOCK
  5
2B6
330
2B5
100
AcDbEntity
  8
0
 62
     3
100
AcDbBlockBegin
  2
294
 70
     0
 10
0.0
 20
0.0
 30
0.0
  3
294
  1

  0
TEXT
  5
2B7
330
2B5
100
AcDbEntity
  8
承载力标识
 62
     1
100
AcDbText
 10
7.57040176398175
 20
-0.2859580239316984
 30
0.0
 40
4.499999999995499
  1
σ
 41
0.75
  7
宋体
100
AcDbText
1001
AcDbBlockRepETag
1070
     1
1071
        0
1005
2B7
  0
TEXT
  5
2B8
330
2B5
100
AcDbEntity
  8
承载力标识
 62
     1
100
AcDbText
 10
10.85040483252839
 20
-0.2859580239316984
 30
0.0
 40
1.8
  1
0 
 41
0.75
  7
宋体
100
AcDbText
1001
AcDbBlockRepETag
1070
     1
1071
        1
1005
2B8
  0
TEXT
  5
2B9
330
2B5
100
AcDbEntity
  8
承载力标识
 62
     1
100
AcDbText
 10
11.92985794693037
 20
0.4604130795671609
 30
0.0
 40
2.999999999996998
  1
=280
 41
0.75
  7
宋体
100
AcDbText
1001
AcDbBlockRepETag
1070
     1
1071
        2
1005
2B9
  0
TEXT
  5
2BA
330
2B5
100
AcDbEntity
  8
承载力标识
 62
     3
100
AcDbText
 10
1.311180754249903
 20
0.3831787929650545
 30
0.0
 40
2.999999999996998
  1
2-94
 41
0.75
  7
宋体
100
AcDbText
1001
AcDbBlockRepETag
1070
     1
1071
       12
1005
2BA
  0
TEXT
  5
2BB
330
2B5
100
AcDbEntity
  8
承载力标识
 62
     3
100
AcDbText
 10
-0.8814848209321732
 20
-0.0963504341414138
 30
0.0
 40
1.799999999998199
  1
4
 41
0.75
  7
宋体
 72
     1
 11
-0.3988032566868462
 21
-0.0963504341414138
 31
0.0
100
AcDbText
1001
AcDbBlockRepETag
1070
     1
1071
        4
1005
2BB
  0
TEXT
  5
2BC
330
2B5
100
AcDbEntity
  8
承载力标识
 62
     3
100
AcDbText
 10
-2.957378241260995
 20
0.3193320672455684
 30
0.0
 40
2.999999999996998
  1
Q
 41
0.75
  7
宋体
 72
     1
 11
-2.152908967518783
 21
0.3193320672455684
 31
0.0
100
AcDbText
1001
AcDbBlockRepETag
1070
     1
1071
        6
1005
2BC
  0
TEXT
  5
2BD
330
2B5
100
AcDbEntity
  8
承载力标识
 62
     3
100
AcDbText
 10
-0.86927783772609
 20
2.729311432966141
 30
0.0
 40
1.799999999998199
  1
al
 41
0.75
  7
宋体
 72
     1
 11
0.096085290764564
 21
2.729311432966141
 31
0.0
100
AcDbText
1001
AcDbBlockRepETag
1070
     1
1071
        5
1005
2BD
  0
ENDBLK
  5
2BE
330
2B5
100
AcDbEntity
  8
0
 62
     3
100
AcDbBlockEnd
  0
BLOCK
  5
2C0
330
2BF
100
AcDbEntity
  8
0
 62
     3
100
AcDbBlockBegin
  2
2101
 70
     0
 10
0.0
 20
0.0
 30
0.0
  3
2101
  1

  0
TEXT
  5
2C1
330
2BF
100
AcDbEntity
  8
承载力标识
 62
     1
100
AcDbText
 10
9.612561248882002
 20
-0.3167061725973782
 30
0.0
 40
4.499999999995499
  1
σ
 41
0.75
  7
宋体
100
AcDbText
1001
AcDbBlockRepETag
1070
     1
1071
        0
1005
2C1
  0
TEXT
  5
2C2
330
2BF
100
AcDbEntity
  8
承载力标识
 62
     1
100
AcDbText
 10
12.89256431742865
 20
-0.3167061725973782
 30
0.0
 40
1.8
  1
0 
 41
0.75
  7
宋体
100
AcDbText
1001
AcDbBlockRepETag
1070
     1
1071
        1
1005
2C2
  0
TEXT
  5
2C3
330
2BF
100
AcDbEntity
  8
承载力标识
 62
     1
100
AcDbText
 10
13.97201743183063
 20
0.4296649309014812
 30
0.0
 40
2.999999999996998
  1
=140
 41
0.75
  7
宋体
100
AcDbText
1001
AcDbBlockRepETag
1070
     1
1071
        2
1005
2C3
  0
TEXT
  5
2C4
330
2BF
100
AcDbEntity
  8
承载力标识
 62
     3
100
AcDbText
 10
1.600558999353551
 20
0.211468839048166
 30
0.0
 40
2.999999999996998
  1
2-101
 41
0.75
  7
宋体
100
AcDbText
1001
AcDbBlockRepETag
1070
     1
1071
       12
1005
2C4
  0
TEXT
  5
2C5
330
2BF
100
AcDbEntity
  8
承载力标识
 62
     3
100
AcDbText
 10
-0.6380468947046159
 20
-0.1636030753418254
 30
0.0
 40
1.799999999998199
  1
4
 41
0.75
  7
宋体
 72
     1
 11
-0.1553653304592888
 21
-0.1636030753418254
 31
0.0
100
AcDbText
1001
AcDbBlockRepETag
1070
     1
1071
        4
1005
2C5
  0
TEXT
  5
2C6
330
2BF
100
AcDbEntity
  8
承载力标识
 62
     3
100
AcDbText
 10
-2.713940315033437
 20
0.2520794260451566
 30
0.0
 40
2.999999999996998
  1
Q
 41
0.75
  7
宋体
 72
     1
 11
-1.909471041291226
 21
0.2520794260451566
 31
0.0
100
AcDbText
1001
AcDbBlockRepETag
1070
     1
1071
        6
1005
2C6
  0
TEXT
  5
2C7
330
2BF
100
AcDbEntity
  8
承载力标识
 62
     3
100
AcDbText
 10
-0.6258399114985332
 20
2.662058791765729
 30
0.0
 40
1.799999999998199
  1
al
 41
0.75
  7
宋体
 72
     1
 11
0.339523216992121
 21
2.662058791765729
 31
0.0
100
AcDbText
1001
AcDbBlockRepETag
1070
     1
1071
        5
1005
2C7
  0
ENDBLK
  5
2C8
330
2BF
100
AcDbEntity
  8
0
 62
     3
100
AcDbBlockEnd
  0
BLOCK
  5
2CA
330
2C9
100
AcDbEntity
  8
0
 62
     3
100
AcDbBlockBegin
  2
2102
 70
     0
 10
0.0
 20
0.0
 30
0.0
  3
2102
  1

  0
TEXT
  5
2CB
330
2C9
100
AcDbEntity
  8
承载力标识
 62
     1
100
AcDbText
 10
10.29362084833508
 20
-0.0638415660114334
 30
0.0
 40
4.499999999995499
  1
σ
 41
0.75
  7
宋体
100
AcDbText
1001
AcDbBlockRepETag
1070
     1
1071
        0
1005
2CB
  0
TEXT
  5
2CC
330
2C9
100
AcDbEntity
  8
承载力标识
 62
     1
100
AcDbText
 10
13.57362391688173
 20
-0.0638415660114334
 30
0.0
 40
1.8
  1
0 
 41
0.75
  7
宋体
100
AcDbText
1001
AcDbBlockRepETag
1070
     1
1071
        1
1005
2CC
  0
TEXT
  5
2CD
330
2C9
100
AcDbEntity
  8
承载力标识
 62
     1
100
AcDbText
 10
14.6530770312837
 20
0.682529537487426
 30
0.0
 40
2.999999999996998
  1
=220
 41
0.75
  7
宋体
100
AcDbText
1001
AcDbBlockRepETag
1070
     1
1071
        2
1005
2CD
  0
TEXT
  5
2CE
330
2C9
100
AcDbEntity
  8
承载力标识
 62
     3
100
AcDbText
 10
1.883352383507258
 20
0.5343562393591128
 30
0.0
 40
2.999999999996998
  1
2-102
 41
0.75
  7
宋体
100
AcDbText
1001
AcDbBlockRepETag
1070
     1
1071
       12
1005
2CE
  0
TEXT
  5
2CF
330
2C9
100
AcDbEntity
  8
承载力标识
 62
     3
100
AcDbText
 10
-0.6566903216180164
 20
-0.1031017892983073
 30
0.0
 40
1.799999999998199
  1
4
 41
0.75
  7
宋体
 72
     1
 11
-0.1740087573726892
 21
-0.1031017892983073
 31
0.0
100
AcDbText
1001
AcDbBlockRepETag
1070
     1
1071
        4
1005
2CF
  0
TEXT
  5
2D0
330
2C9
100
AcDbEntity
  8
承载力标识
 62
     3
100
AcDbText
 10
-2.732583741946836
 20
0.3125807120886748
 30
0.0
 40
2.999999999996998
  1
Q
 41
0.75
  7
宋体
 72
     1
 11
-1.928114468204624
 21
0.3125807120886748
 31
0.0
100
AcDbText
1001
AcDbBlockRepETag
1070
     1
1071
        6
1005
2D0
  0
TEXT
  5
2D1
330
2C9
100
AcDbEntity
  8
承载力标识
 62
     3
100
AcDbText
 10
-0.6444833384119334
 20
2.722560077809248
 30
0.0
 40
1.799999999998199
  1
al
 41
0.75
  7
宋体
 72
     1
 11
0.3208797900787208
 21
2.722560077809248
 31
0.0
100
AcDbText
1001
AcDbBlockRepETag
1070
     1
1071
        5
1005
2D1
  0
ENDBLK
  5
2D2
330
2C9
100
AcDbEntity
  8
0
 62
     3
100
AcDbBlockEnd
  0
BLOCK
  5
2D4
330
2D3
100
AcDbEntity
  8
0
 62
     3
100
AcDbBlockBegin
  2
2103
 70
     0
 10
0.0
 20
0.0
 30
0.0
  3
2103
  1

  0
TEXT
  5
2D5
330
2D3
100
AcDbEntity
  8
承载力标识
 62
     1
100
AcDbText
 10
10.18927244006045
 20
-0.2910617441639261
 30
0.0
 40
4.499999999995499
  1
σ
 41
0.75
  7
宋体
100
AcDbText
1001
AcDbBlockRepETag
1070
     1
1071
        0
1005
2D5
  0
TEXT
  5
2D6
330
2D3
100
AcDbEntity
  8
承载力标识
 62
     1
100
AcDbText
 10
13.4692755086071
 20
-0.2910617441639261
 30
0.0
 40
1.8
  1
0 
 41
0.75
  7
宋体
100
AcDbText
1001
AcDbBlockRepETag
1070
     1
1071
        1
1005
2D6
  0
TEXT
  5
2D7
330
2D3
100
AcDbEntity
  8
承载力标识
 62
     1
100
AcDbText
 10
14.54872862300907
 20
0.4553093593349331
 30
0.0
 40
2.999999999996998
  1
=280
 41
0.75
  7
宋体
100
AcDbText
1001
AcDbBlockRepETag
1070
     1
1071
        2
1005
2D7
  0
TEXT
  5
2D8
330
2D3
100
AcDbEntity
  8
承载力标识
 62
     3
100
AcDbText
 10
1.755924329812841
 20
0.3750719143899915
 30
0.0
 40
2.999999999996998
  1
2-103
 41
0.75
  7
宋体
100
AcDbText
1001
AcDbBlockRepETag
1070
     1
1071
       12
1005
2D8
  0
TEXT
  5
2D9
330
2D3
100
AcDbEntity
  8
承载力标识
 62
     3
100
AcDbText
 10
-0.4826815642453259
 20
0.0
 30
0.0
 40
1.799999999998199
  1
4
 41
0.75
  7
宋体
 72
     1
 11
0.0000000000000013
 21
0.0
 31
0.0
100
AcDbText
1001
AcDbBlockRepETag
1070
     1
1071
        4
1005
2D9
  0
TEXT
  5
2DA
330
2D3
100
AcDbEntity
  8
承载力标识
 62
     3
100
AcDbText
 10
-2.558574984574147
 20
0.4156825013869823
 30
0.0
 40
2.999999999996998
  1
Q
 41
0.75
  7
宋体
 72
     1
 11
-1.754105710831936
 21
0.4156825013869823
 31
0.0
100
AcDbText
1001
AcDbBlockRepETag
1070
     1
1071
        6
1005
2DA
  0
TEXT
  5
2DB
330
2D3
100
AcDbEntity
  8
承载力标识
 62
     3
100
AcDbText
 10
-0.4704745810392432
 20
2.825661867107553
 30
0.0
 40
1.799999999998199
  1
al
 41
0.75
  7
宋体
 72
     1
 11
0.4948885474514111
 21
2.825661867107553
 31
0.0
100
AcDbText
1001
AcDbBlockRepETag
1070
     1
1071
        5
1005
2DB
  0
ENDBLK
  5
2DC
330
2D3
100
AcDbEntity
  8
0
 62
     3
100
AcDbBlockEnd
  0
BLOCK
  5
2DE
330
2DD
100
AcDbEntity
  8
0
 62
     3
100
AcDbBlockBegin
  2
2104
 70
     0
 10
0.0
 20
0.0
 30
0.0
  3
2104
  1

  0
TEXT
  5
2DF
330
2DD
100
AcDbEntity
  8
承载力标识
 62
     1
100
AcDbText
 10
9.570401763981747
 20
-0.1944313409303505
 30
0.0
 40
4.499999999995499
  1
σ
 41
0.75
  7
宋体
100
AcDbText
1001
AcDbBlockRepETag
1070
     1
1071
        0
1005
2DF
  0
TEXT
  5
2E0
330
2DD
100
AcDbEntity
  8
承载力标识
 62
     1
100
AcDbText
 10
12.8504048325284
 20
-0.1944313409303505
 30
0.0
 40
1.8
  1
0 
 41
0.75
  7
宋体
100
AcDbText
1001
AcDbBlockRepETag
1070
     1
1071
        1
1005
2E0
  0
TEXT
  5
2E1
330
2DD
100
AcDbEntity
  8
承载力标识
 62
     1
100
AcDbText
 10
13.92985794693037
 20
0.5519397625685089
 30
0.0
 40
2.999999999996998
  1
=350
 41
0.75
  7
宋体
100
AcDbText
1001
AcDbBlockRepETag
1070
     1
1071
        2
1005
2E1
  0
TEXT
  5
2E2
330
2DD
100
AcDbEntity
  8
承载力标识
 62
     3
100
AcDbText
 10
1.23786834777445
 20
0.4096624956564483
 30
0.0
 40
2.999999999996998
  1
2-104
 41
0.75
  7
宋体
100
AcDbText
1001
AcDbBlockRepETag
1070
     1
1071
       12
1005
2E2
  0
TEXT
  5
2E3
330
2DD
100
AcDbEntity
  8
承载力标识
 62
     3
100
AcDbText
 10
-1.000737546283716
 20
0.0345905812664568
 30
0.0
 40
1.799999999998199
  1
4
 41
0.75
  7
宋体
 72
     1
 11
-0.5180559820383897
 21
0.0345905812664568
 31
0.0
100
AcDbText
1001
AcDbBlockRepETag
1070
     1
1071
        4
1005
2E3
  0
TEXT
  5
2E4
330
2DD
100
AcDbEntity
  8
承载力标识
 62
     3
100
AcDbText
 10
-3.076630966612538
 20
0.4502730826534389
 30
0.0
 40
2.999999999996998
  1
Q
 41
0.75
  7
宋体
 72
     1
 11
-2.272161692870326
 21
0.4502730826534389
 31
0.0
100
AcDbText
1001
AcDbBlockRepETag
1070
     1
1071
        6
1005
2E4
  0
TEXT
  5
2E5
330
2DD
100
AcDbEntity
  8
承载力标识
 62
     3
100
AcDbText
 10
-0.988530563077634
 20
2.860252448374011
 30
0.0
 40
1.799999999998199
  1
al
 41
0.75
  7
宋体
 72
     1
 11
-0.0231674345869799
 21
2.860252448374011
 31
0.0
100
AcDbText
1001
AcDbBlockRepETag
1070
     1
1071
        5
1005
2E5
  0
ENDBLK
  5
2E6
330
2DD
100
AcDbEntity
  8
0
 62
     3
100
AcDbBlockEnd
  0
BLOCK
  5
2E8
330
2E7
100
AcDbEntity
  8
0
 62
     3
100
AcDbBlockBegin
  2
2111
 70
     0
 10
0.0
 20
0.0
 30
0.0
  3
2111
  1

  0
TEXT
  5
2E9
330
2E7
100
AcDbEntity
  8
承载力标识
 62
     1
100
AcDbText
 10
9.570401763981747
 20
-0.4962822988134123
 30
0.0
 40
4.499999999995499
  1
σ
 41
0.75
  7
宋体
100
AcDbText
1001
AcDbBlockRepETag
1070
     1
1071
        0
1005
2E9
  0
TEXT
  5
2EA
330
2E7
100
AcDbEntity
  8
承载力标识
 62
     1
100
AcDbText
 10
12.8504048325284
 20
-0.4962822988134123
 30
0.0
 40
1.8
  1
0 
 41
0.75
  7
宋体
100
AcDbText
1001
AcDbBlockRepETag
1070
     1
1071
        1
1005
2EA
  0
TEXT
  5
2EB
330
2E7
100
AcDbEntity
  8
承载力标识
 62
     1
100
AcDbText
 10
13.92985794693037
 20
0.250088804685447
 30
0.0
 40
2.999999999996998
  1
=200
 41
0.75
  7
宋体
100
AcDbText
1001
AcDbBlockRepETag
1070
     1
1071
        2
1005
2EB
  0
TEXT
  5
2EC
330
2E7
100
AcDbEntity
  8
承载力标识
 62
     3
100
AcDbText
 10
1.065800175363506
 20
0.083294228121531
 30
0.0
 40
2.999999999996998
  1
2-111
 41
0.75
  7
宋体
100
AcDbText
1001
AcDbBlockRepETag
1070
     1
1071
       12
1005
2EC
  0
TEXT
  5
2ED
330
2E7
100
AcDbEntity
  8
承载力标识
 62
     3
100
AcDbText
 10
-1.172805718694662
 20
-0.2917776862684605
 30
0.0
 40
1.799999999998199
  1
4
 41
0.75
  7
宋体
 72
     1
 11
-0.6901241544493351
 21
-0.2917776862684605
 31
0.0
100
AcDbText
1001
AcDbBlockRepETag
1070
     1
1071
        4
1005
2ED
  0
TEXT
  5
2EE
330
2E7
100
AcDbEntity
  8
承载力标识
 62
     3
100
AcDbText
 10
-3.248699139023482
 20
0.1239048151185216
 30
0.0
 40
2.999999999996998
  1
Q
 41
0.75
  7
宋体
 72
     1
 11
-2.444229865281271
 21
0.1239048151185216
 31
0.0
100
AcDbText
1001
AcDbBlockRepETag
1070
     1
1071
        6
1005
2EE
  0
TEXT
  5
2EF
330
2E7
100
AcDbEntity
  8
承载力标识
 62
     3
100
AcDbText
 10
-1.160598735488579
 20
2.533884180839094
 30
0.0
 40
1.799999999998199
  1
al
 41
0.75
  7
宋体
 72
     1
 11
-0.1952356069979249
 21
2.533884180839094
 31
0.0
100
AcDbText
1001
AcDbBlockRepETag
1070
     1
1071
        5
1005
2EF
  0
ENDBLK
  5
2F0
330
2E7
100
AcDbEntity
  8
0
 62
     3
100
AcDbBlockEnd
  0
BLOCK
  5
2F2
330
2F1
100
AcDbEntity
  8
0
 62
     3
100
AcDbBlockBegin
  2
2112
 70
     0
 10
0.0
 20
0.0
 30
0.0
  3
2112
  1

  0
TEXT
  5
2F3
330
2F1
100
AcDbEntity
  8
承载力标识
 62
     1
100
AcDbText
 10
10.16201043005276
 20
-0.3028538065909744
 30
0.0
 40
4.499999999995499
  1
σ
 41
0.75
  7
宋体
100
AcDbText
1001
AcDbBlockRepETag
1070
     1
1071
        0
1005
2F3
  0
TEXT
  5
2F4
330
2F1
100
AcDbEntity
  8
承载力标识
 62
     1
100
AcDbText
 10
13.44201349859941
 20
-0.3028538065909744
 30
0.0
 40
1.8
  1
0 
 41
0.75
  7
宋体
100
AcDbText
1001
AcDbBlockRepETag
1070
     1
1071
        1
1005
2F4
  0
TEXT
  5
2F5
330
2F1
100
AcDbEntity
  8
承载力标识
 62
     1
100
AcDbText
 10
14.52146661300139
 20
0.4435172969078848
 30
0.0
 40
2.999999999996998
  1
=350
 41
0.75
  7
宋体
100
AcDbText
1001
AcDbBlockRepETag
1070
     1
1071
        2
1005
2F5
  0
TEXT
  5
2F6
330
2F1
100
AcDbEntity
  8
承载力标识
 62
     3
100
AcDbText
 10
1.755924329812841
 20
0.3750719143899914
 30
0.0
 40
2.999999999996998
  1
2-112
 41
0.75
  7
宋体
100
AcDbText
1001
AcDbBlockRepETag
1070
     1
1071
       12
1005
2F6
  0
TEXT
  5
2F7
330
2F1
100
AcDbEntity
  8
承载力标识
 62
     3
100
AcDbText
 10
-0.4826815642453262
 20
0.0000000000000001
 30
0.0
 40
1.799999999998199
  1
4
 41
0.75
  7
宋体
 72
     1
 11
0.0000000000000009
 21
0.0000000000000001
 31
0.0
100
AcDbText
1001
AcDbBlockRepETag
1070
     1
1071
        4
1005
2F7
  0
TEXT
  5
2F8
330
2F1
100
AcDbEntity
  8
承载力标识
 62
     3
100
AcDbText
 10
-2.558574984574147
 20
0.4156825013869822
 30
0.0
 40
2.999999999996998
  1
Q
 41
0.75
  7
宋体
 72
     1
 11
-1.754105710831936
 21
0.4156825013869822
 31
0.0
100
AcDbText
1001
AcDbBlockRepETag
1070
     1
1071
        6
1005
2F8
  0
TEXT
  5
2F9
330
2F1
100
AcDbEntity
  8
承载力标识
 62
     3
100
AcDbText
 10
-0.4704745810392434
 20
2.825661867107553
 30
0.0
 40
1.799999999998199
  1
al
 41
0.75
  7
宋体
 72
     1
 11
0.494888547451411
 21
2.825661867107553
 31
0.0
100
AcDbText
1001
AcDbBlockRepETag
1070
     1
1071
        5
1005
2F9
  0
ENDBLK
  5
2FA
330
2F1
100
AcDbEntity
  8
0
 62
     3
100
AcDbBlockEnd
  0
BLOCK
  5
2FC
330
2FB
100
AcDbEntity
  8
0
 62
     3
100
AcDbBlockBegin
  2
741
 70
     0
 10
0.0
 20
0.0
 30
0.0
  3
741
  1

  0
TEXT
  5
2FD
330
2FB
100
AcDbEntity
  8
承载力标识
 62
     3
100
AcDbText
 10
2.080229214905556
 20
0.0555994252845267
 30
0.0
 40
2.999999999996998
  1
7-41
 41
0.75
  7
宋体
100
AcDbText
1001
AcDbBlockRepETag
1070
     1
1071
        0
1005
2FD
  0
TEXT
  5
2FE
330
2FB
100
AcDbEntity
  8
承载力标识
 62
     1
100
AcDbText
 10
7.791420786968953
 20
-0.6395679768265837
 30
0.0
 40
4.499999999995499
  1
σ
 41
0.75
  7
宋体
100
AcDbText
1001
AcDbBlockRepETag
1070
     1
1071
        1
1005
2FE
  0
TEXT
  5
2FF
330
2FB
100
AcDbEntity
  8
承载力标识
 62
     1
100
AcDbText
 10
11.0714238555156
 20
-0.6395679768265837
 30
0.0
 40
1.8
  1
0 
 41
0.75
  7
宋体
100
AcDbText
1001
AcDbBlockRepETag
1070
     1
1071
        2
1005
2FF
  0
TEXT
  5
300
330
2FB
100
AcDbEntity
  8
承载力标识
 62
     1
100
AcDbText
 10
12.15087696991759
 20
0.1121257815611897
 30
0.0
 40
2.999999999996998
  1
=180
 41
0.75
  7
宋体
100
AcDbText
1001
AcDbBlockRepETag
1070
     1
1071
        3
1005
300
  0
TEXT
  5
301
330
2FB
100
AcDbEntity
  8
承载力标识
 62
     1
100
AcDbText
 10
19.9302932309165
 20
0.0555994252845267
 30
0.0
 40
2.999999999996998
  1
W
 41
0.75
  7
宋体
100
AcDbText
1001
AcDbBlockRepETag
1070
     1
1071
        4
1005
301
  0
TEXT
  5
302
330
2FB
100
AcDbEntity
  8
承载力标识
 62
     1
100
AcDbText
 10
21.70686532407307
 20
0.0555994252845267
 30
0.0
 40
1.799999999998199
  1
4
 41
0.75
  7
宋体
100
AcDbText
1001
AcDbBlockRepETag
1070
     1
1071
        5
1005
302
  0
TEXT
  5
303
330
2FB
100
AcDbEntity
  8
承载力标识
 62
     3
100
AcDbText
 10
-4.020127677305936
 20
0.1163471616255264
 30
0.0
 40
3.0
  1
C
 41
0.7
  7
宋体
100
AcDbText
1001
AcDbBlockRepETag
1070
     1
1071
        6
1005
303
1001
ACAD
1000
ACAD_MTEXT_DEFINED_HEIGHT_BEGIN
1070
    46
1040
8.279471157969222
1000
ACAD_MTEXT_DEFINED_HEIGHT_END
  0
TEXT
  5
304
330
2FB
100
AcDbEntity
  8
承载力标识
 62
     3
100
AcDbText
 10
-2.419302061409325
 20
-0.6735674583524088
 30
0.0
 40
1.8
  1
1
 41
0.7
  7
宋体
100
AcDbText
1001
AcDbBlockRepETag
1070
     1
1071
        7
1005
304
1001
ACAD
1000
ACAD_MTEXT_DEFINED_HEIGHT_BEGIN
1070
    46
1040
8.279471157969222
1000
ACAD_MTEXT_DEFINED_HEIGHT_END
  0
TEXT
  5
305
330
2FB
100
AcDbEntity
  8
承载力标识
 62
     3
100
AcDbText
 10
-1.136752691951186
 20
-0.3194041625156387
 30
0.0
 40
3.0
  1
dc
 41
0.7
  7
宋体
100
AcDbText
1001
AcDbBlockRepETag
1070
     1
1071
        8
1005
305
1001
ACAD
1000
ACAD_MTEXT_DEFINED_HEIGHT_BEGIN
1070
    46
1040
8.279471157969222
1000
ACAD_MTEXT_DEFINED_HEIGHT_END
  0
ENDBLK
  5
306
330
2FB
100
AcDbEntity
  8
0
 62
     3
100
AcDbBlockEnd
  0
BLOCK
  5
308
330
307
100
AcDbEntity
  8
0
 62
     3
100
AcDbBlockBegin
  2
742
 70
     0
 10
0.0
 20
0.0
 30
0.0
  3
742
  1

  0
TEXT
  5
309
330
307
100
AcDbEntity
  8
承载力标识
 62
     1
100
AcDbText
 10
8.085569529521306
 20
-0.6212095005816991
 30
0.0
 40
4.499999999995499
  1
σ
 41
0.75
  7
宋体
100
AcDbText
1001
AcDbBlockRepETag
1070
     1
1071
        1
1005
309
  0
TEXT
  5
30A
330
307
100
AcDbEntity
  8
承载力标识
 62
     1
100
AcDbText
 10
11.36557259806795
 20
-0.6212095005816991
 30
0.0
 40
1.8
  1
0 
 41
0.75
  7
宋体
100
AcDbText
1001
AcDbBlockRepETag
1070
     1
1071
        2
1005
30A
  0
TEXT
  5
30B
330
307
100
AcDbEntity
  8
承载力标识
 62
     1
100
AcDbText
 10
12.44502571246994
 20
0.1304842578060743
 30
0.0
 40
2.999999999996998
  1
=250
 41
0.75
  7
宋体
100
AcDbText
1001
AcDbBlockRepETag
1070
     1
1071
        3
1005
30B
  0
TEXT
  5
30C
330
307
100
AcDbEntity
  8
承载力标识
 62
     1
100
AcDbText
 10
20.22444197346885
 20
0.0739579015294112
 30
0.0
 40
2.999999999996998
  1
W
 41
0.75
  7
宋体
100
AcDbText
1001
AcDbBlockRepETag
1070
     1
1071
        4
1005
30C
  0
TEXT
  5
30D
330
307
100
AcDbEntity
  8
承载力标识
 62
     1
100
AcDbText
 10
22.00101406662543
 20
0.0739579015294112
 30
0.0
 40
1.799999999998199
  1
3
 41
0.75
  7
宋体
100
AcDbText
1001
AcDbBlockRepETag
1070
     1
1071
        5
1005
30D
  0
TEXT
  5
30E
330
307
100
AcDbEntity
  8
承载力标识
 62
     3
100
AcDbText
 10
2.072098577940778
 20
0.148179819386769
 30
0.0
 40
2.999999999996998
  1
7-42
 41
0.75
  7
宋体
100
AcDbText
1001
AcDbBlockRepETag
1070
     1
1071
        0
1005
30E
  0
TEXT
  5
30F
330
307
100
AcDbEntity
  8
承载力标识
 62
     3
100
AcDbText
 10
-4.028258314270712
 20
0.2089275557277688
 30
0.0
 40
3.0
  1
C
 41
0.7
  7
宋体
100
AcDbText
1001
AcDbBlockRepETag
1070
     1
1071
        6
1005
30F
1001
ACAD
1000
ACAD_MTEXT_DEFINED_HEIGHT_BEGIN
1070
    46
1040
8.279471157969222
1000
ACAD_MTEXT_DEFINED_HEIGHT_END
  0
TEXT
  5
310
330
307
100
AcDbEntity
  8
承载力标识
 62
     3
100
AcDbText
 10
-2.427432698374103
 20
-0.5809870642501666
 30
0.0
 40
1.8
  1
1
 41
0.7
  7
宋体
100
AcDbText
1001
AcDbBlockRepETag
1070
     1
1071
        7
1005
310
1001
ACAD
1000
ACAD_MTEXT_DEFINED_HEIGHT_BEGIN
1070
    46
1040
8.279471157969222
1000
ACAD_MTEXT_DEFINED_HEIGHT_END
  0
TEXT
  5
311
330
307
100
AcDbEntity
  8
承载力标识
 62
     3
100
AcDbText
 10
-1.144883328915965
 20
-0.2268237684133964
 30
0.0
 40
3.0
  1
dc
 41
0.7
  7
宋体
100
AcDbText
1001
AcDbBlockRepETag
1070
     1
1071
        8
1005
311
1001
ACAD
1000
ACAD_MTEXT_DEFINED_HEIGHT_BEGIN
1070
    46
1040
8.279471157969222
1000
ACAD_MTEXT_DEFINED_HEIGHT_END
  0
ENDBLK
  5
312
330
307
100
AcDbEntity
  8
0
 62
     3
100
AcDbBlockEnd
  0
BLOCK
  5
314
330
313
100
AcDbEntity
  8
0
 62
     3
100
AcDbBlockBegin
  2
743
 70
     0
 10
0.0
 20
0.0
 30
0.0
  3
743
  1

  0
TEXT
  5
315
330
313
100
AcDbEntity
  8
承载力标识
 62
     1
100
AcDbText
 10
7.706869484467458
 20
-0.5593979444624893
 30
0.0
 40
4.499999999995499
  1
σ
 41
0.75
  7
宋体
100
AcDbText
1001
AcDbBlockRepETag
1070
     1
1071
        1
1005
315
  0
TEXT
  5
316
330
313
100
AcDbEntity
  8
承载力标识
 62
     1
100
AcDbText
 10
10.9868725530141
 20
-0.5593979444624893
 30
0.0
 40
1.8
  1
0 
 41
0.75
  7
宋体
100
AcDbText
1001
AcDbBlockRepETag
1070
     1
1071
        2
1005
316
  0
TEXT
  5
317
330
313
100
AcDbEntity
  8
承载力标识
 62
     1
100
AcDbText
 10
12.0663256674161
 20
0.1922958139252841
 30
0.0
 40
2.999999999996998
  1
=350
 41
0.75
  7
宋体
100
AcDbText
1001
AcDbBlockRepETag
1070
     1
1071
        3
1005
317
  0
TEXT
  5
318
330
313
100
AcDbEntity
  8
承载力标识
 62
     1
100
AcDbText
 10
19.845741928415
 20
0.135769457648621
 30
0.0
 40
2.999999999996998
  1
W
 41
0.75
  7
宋体
100
AcDbText
1001
AcDbBlockRepETag
1070
     1
1071
        4
1005
318
  0
TEXT
  5
319
330
313
100
AcDbEntity
  8
承载力标识
 62
     1
100
AcDbText
 10
21.62231402157159
 20
0.135769457648621
 30
0.0
 40
1.799999999998199
  1
2
 41
0.75
  7
宋体
100
AcDbText
1001
AcDbBlockRepETag
1070
     1
1071
        5
1005
319
  0
TEXT
  5
31A
330
313
100
AcDbEntity
  8
承载力标识
 62
     3
100
AcDbText
 10
2.029801165845126
 20
0.2157547312849601
 30
0.0
 40
2.999999999996998
  1
7-43
 41
0.75
  7
宋体
100
AcDbText
1001
AcDbBlockRepETag
1070
     1
1071
        0
1005
31A
  0
TEXT
  5
31B
330
313
100
AcDbEntity
  8
承载力标识
 62
     3
100
AcDbText
 10
-4.070555726366364
 20
0.2765024676259599
 30
0.0
 40
3.0
  1
C
 41
0.7
  7
宋体
100
AcDbText
1001
AcDbBlockRepETag
1070
     1
1071
        6
1005
31B
1001
ACAD
1000
ACAD_MTEXT_DEFINED_HEIGHT_BEGIN
1070
    46
1040
8.279471157969222
1000
ACAD_MTEXT_DEFINED_HEIGHT_END
  0
TEXT
  5
31C
330
313
100
AcDbEntity
  8
承载力标识
 62
     3
100
AcDbText
 10
-2.469730110469753
 20
-0.5134121523519754
 30
0.0
 40
1.8
  1
1
 41
0.7
  7
宋体
100
AcDbText
1001
AcDbBlockRepETag
1070
     1
1071
        7
1005
31C
1001
ACAD
1000
ACAD_MTEXT_DEFINED_HEIGHT_BEGIN
1070
    46
1040
8.279471157969222
1000
ACAD_MTEXT_DEFINED_HEIGHT_END
  0
TEXT
  5
31D
330
313
100
AcDbEntity
  8
承载力标识
 62
     3
100
AcDbText
 10
-1.187180741011615
 20
-0.1592488565152053
 30
0.0
 40
3.0
  1
dc
 41
0.7
  7
宋体
100
AcDbText
1001
AcDbBlockRepETag
1070
     1
1071
        8
1005
31D
1001
ACAD
1000
ACAD_MTEXT_DEFINED_HEIGHT_BEGIN
1070
    46
1040
8.279471157969222
1000
ACAD_MTEXT_DEFINED_HEIGHT_END
  0
ENDBLK
  5
31E
330
313
100
AcDbEntity
  8
0
 62
     3
100
AcDbBlockEnd
  0
BLOCK
  5
320
330
31F
100
AcDbEntity
  8
0
 62
     3
100
AcDbBlockBegin
  2
831
 70
     0
 10
0.0
 20
0.0
 30
0.0
  3
831
  1

  0
TEXT
  5
321
330
31F
100
AcDbEntity
  8
承载力标识
 62
     1
100
AcDbText
 10
7.846481048825577
 20
-0.708670089711177
 30
0.0
 40
4.499999999995499
  1
σ
 41
0.75
  7
宋体
100
AcDbText
1001
AcDbBlockRepETag
1070
     1
1071
        1
1005
321
  0
TEXT
  5
322
330
31F
100
AcDbEntity
  8
承载力标识
 62
     1
100
AcDbText
 10
11.12648411737222
 20
-0.708670089711177
 30
0.0
 40
1.8
  1
0 
 41
0.75
  7
宋体
100
AcDbText
1001
AcDbBlockRepETag
1070
     1
1071
        2
1005
322
  0
TEXT
  5
323
330
31F
100
AcDbEntity
  8
承载力标识
 62
     1
100
AcDbText
 10
12.20593723177422
 20
0.0430236686765965
 30
0.0
 40
2.999999999996998
  1
=200
 41
0.75
  7
宋体
100
AcDbText
1001
AcDbBlockRepETag
1070
     1
1071
        3
1005
323
  0
TEXT
  5
324
330
31F
100
AcDbEntity
  8
承载力标识
 62
     1
100
AcDbText
 10
19.98535349277312
 20
-0.0135026876000666
 30
0.0
 40
2.999999999996998
  1
W
 41
0.75
  7
宋体
100
AcDbText
1001
AcDbBlockRepETag
1070
     1
1071
        4
1005
324
  0
TEXT
  5
325
330
31F
100
AcDbEntity
  8
承载力标识
 62
     1
100
AcDbText
 10
21.76192558592971
 20
-0.0135026876000666
 30
0.0
 40
1.799999999998199
  1
4
 41
0.75
  7
宋体
100
AcDbText
1001
AcDbBlockRepETag
1070
     1
1071
        5
1005
325
  0
TEXT
  5
326
330
31F
100
AcDbEntity
  8
承载力标识
 62
     3
100
AcDbText
 10
2.021255504557984
 20
0.0327257878993805
 30
0.0
 40
2.999999999996998
  1
8-31
 41
0.75
  7
宋体
100
AcDbText
1001
AcDbBlockRepETag
1070
     1
1071
        0
1005
326
  0
TEXT
  5
327
330
31F
100
AcDbEntity
  8
承载力标识
 62
     3
100
AcDbText
 10
-4.079101387653508
 20
0.0934735242403804
 30
0.0
 40
3.0
  1
C
 41
0.7
  7
宋体
100
AcDbText
1001
AcDbBlockRepETag
1070
     1
1071
        6
1005
327
1001
ACAD
1000
ACAD_MTEXT_DEFINED_HEIGHT_BEGIN
1070
    46
1040
8.279471157969222
1000
ACAD_MTEXT_DEFINED_HEIGHT_END
  0
TEXT
  5
328
330
31F
100
AcDbEntity
  8
承载力标识
 62
     3
100
AcDbText
 10
-2.478275771756897
 20
-0.6964410957375549
 30
0.0
 40
1.8
  1
1
 41
0.7
  7
宋体
100
AcDbText
1001
AcDbBlockRepETag
1070
     1
1071
        7
1005
328
1001
ACAD
1000
ACAD_MTEXT_DEFINED_HEIGHT_BEGIN
1070
    46
1040
8.279471157969222
1000
ACAD_MTEXT_DEFINED_HEIGHT_END
  0
TEXT
  5
329
330
31F
100
AcDbEntity
  8
承载力标识
 62
     3
100
AcDbText
 10
-1.195726402298759
 20
-0.3422777999007849
 30
0.0
 40
3.0
  1
dc
 41
0.7
  7
宋体
100
AcDbText
1001
AcDbBlockRepETag
1070
     1
1071
        8
1005
329
1001
ACAD
1000
ACAD_MTEXT_DEFINED_HEIGHT_BEGIN
1070
    46
1040
8.279471157969222
1000
ACAD_MTEXT_DEFINED_HEIGHT_END
  0
ENDBLK
  5
32A
330
31F
100
AcDbEntity
  8
0
 62
     3
100
AcDbBlockEnd
  0
BLOCK
  5
32C
330
32B
100
AcDbEntity
  8
0
 62
     3
100
AcDbBlockBegin
  2
832
 70
     0
 10
0.0
 20
0.0
 30
0.0
  3
832
  1

  0
TEXT
  5
32D
330
32B
100
AcDbEntity
  8
承载力标识
 62
     1
100
AcDbText
 10
7.783408962506425
 20
-0.5779687558010666
 30
0.0
 40
4.499999999995499
  1
σ
 41
0.75
  7
宋体
100
AcDbText
1001
AcDbBlockRepETag
1070
     1
1071
        1
1005
32D
  0
TEXT
  5
32E
330
32B
100
AcDbEntity
  8
承载力标识
 62
     1
100
AcDbText
 10
11.06341203105307
 20
-0.5779687558010666
 30
0.0
 40
1.8
  1
0 
 41
0.75
  7
宋体
100
AcDbText
1001
AcDbBlockRepETag
1070
     1
1071
        2
1005
32E
  0
TEXT
  5
32F
330
32B
100
AcDbEntity
  8
承载力标识
 62
     1
100
AcDbText
 10
12.14286514545506
 20
0.1737250025867069
 30
0.0
 40
2.999999999996998
  1
=600
 41
0.75
  7
宋体
100
AcDbText
1001
AcDbBlockRepETag
1070
     1
1071
        3
1005
32F
  0
TEXT
  5
330
330
32B
100
AcDbEntity
  8
承载力标识
 62
     1
100
AcDbText
 10
19.92228140645397
 20
0.1171986463100438
 30
0.0
 40
2.999999999996998
  1
W
 41
0.75
  7
宋体
100
AcDbText
1001
AcDbBlockRepETag
1070
     1
1071
        4
1005
330
  0
TEXT
  5
331
330
32B
100
AcDbEntity
  8
承载力标识
 62
     1
100
AcDbText
 10
21.69885349961055
 20
0.1171986463100438
 30
0.0
 40
1.799999999998199
  1
2
 41
0.75
  7
宋体
100
AcDbText
1001
AcDbBlockRepETag
1070
     1
1071
        5
1005
331
  0
TEXT
  5
332
330
32B
100
AcDbEntity
  8
承载力标识
 62
     3
100
AcDbText
 10
2.096270299450907
 20
0.1638107217872857
 30
0.0
 40
2.999999999996998
  1
8-32
 41
0.75
  7
宋体
100
AcDbText
1001
AcDbBlockRepETag
1070
     1
1071
        0
1005
332
  0
TEXT
  5
333
330
32B
100
AcDbEntity
  8
承载力标识
 62
     3
100
AcDbText
 10
-4.004086592760584
 20
0.2245584581282855
 30
0.0
 40
3.0
  1
C
 41
0.7
  7
宋体
100
AcDbText
1001
AcDbBlockRepETag
1070
     1
1071
        6
1005
333
1001
ACAD
1000
ACAD_MTEXT_DEFINED_HEIGHT_BEGIN
1070
    46
1040
8.279471157969222
1000
ACAD_MTEXT_DEFINED_HEIGHT_END
  0
TEXT
  5
334
330
32B
100
AcDbEntity
  8
承载力标识
 62
     3
100
AcDbText
 10
-2.403260976863975
 20
-0.5653561618496497
 30
0.0
 40
1.8
  1
1
 41
0.7
  7
宋体
100
AcDbText
1001
AcDbBlockRepETag
1070
     1
1071
        7
1005
334
1001
ACAD
1000
ACAD_MTEXT_DEFINED_HEIGHT_BEGIN
1070
    46
1040
8.279471157969222
1000
ACAD_MTEXT_DEFINED_HEIGHT_END
  0
TEXT
  5
335
330
32B
100
AcDbEntity
  8
承载力标识
 62
     3
100
AcDbText
 10
-1.120711607405836
 20
-0.2111928660128797
 30
0.0
 40
3.0
  1
ds
 41
0.7
  7
宋体
100
AcDbText
1001
AcDbBlockRepETag
1070
     1
1071
        8
1005
335
1001
ACAD
1000
ACAD_MTEXT_DEFINED_HEIGHT_BEGIN
1070
    46
1040
8.279471157969222
1000
ACAD_MTEXT_DEFINED_HEIGHT_END
  0
ENDBLK
  5
336
330
32B
100
AcDbEntity
  8
0
 62
     3
100
AcDbBlockEnd
  0
BLOCK
  5
338
330
337
100
AcDbEntity
  8
0
 62
     3
100
AcDbBlockBegin
  2
833
 70
     0
 10
0.0
 20
0.0
 30
0.0
  3
833
  1

  0
TEXT
  5
339
330
337
100
AcDbEntity
  8
承载力标识
 62
     1
100
AcDbText
 10
8.754277185800447
 20
-0.5736680008075155
 30
0.0
 40
4.499999999995499
  1
σ
 41
0.75
  7
宋体
100
AcDbText
1001
AcDbBlockRepETag
1070
     1
1071
        1
1005
339
  0
TEXT
  5
33A
330
337
100
AcDbEntity
  8
承载力标识
 62
     1
100
AcDbText
 10
12.03428025434709
 20
-0.5736680008075155
 30
0.0
 40
1.8
  1
0 
 41
0.75
  7
宋体
100
AcDbText
1001
AcDbBlockRepETag
1070
     1
1071
        2
1005
33A
  0
TEXT
  5
33B
330
337
100
AcDbEntity
  8
承载力标识
 62
     1
100
AcDbText
 10
13.11373336874908
 20
0.1780257575802579
 30
0.0
 40
2.999999999996998
  1
=1000
 41
0.75
  7
宋体
100
AcDbText
1001
AcDbBlockRepETag
1070
     1
1071
        3
1005
33B
  0
TEXT
  5
33C
330
337
100
AcDbEntity
  8
承载力标识
 62
     1
100
AcDbText
 10
22.393149629748
 20
0.1214994013035948
 30
0.0
 40
2.999999999996998
  1
W
 41
0.75
  7
宋体
100
AcDbText
1001
AcDbBlockRepETag
1070
     1
1071
        4
1005
33C
  0
TEXT
  5
33D
330
337
100
AcDbEntity
  8
承载力标识
 62
     1
100
AcDbText
 10
24.16972172290457
 20
0.1214994013035948
 30
0.0
 40
1.799999999998199
  1
2
 41
0.75
  7
宋体
100
AcDbText
1001
AcDbBlockRepETag
1070
     1
1071
        5
1005
33D
  0
TEXT
  5
33E
330
337
100
AcDbEntity
  8
承载力标识
 62
     3
100
AcDbText
 10
-4.099467381831572
 20
0.1822471376445946
 30
0.0
 40
3.0
  1
C
 41
0.7
  7
宋体
100
AcDbText
1001
AcDbBlockRepETag
1070
     1
1071
        6
1005
33E
1001
ACAD
1000
ACAD_MTEXT_DEFINED_HEIGHT_BEGIN
1070
    46
1040
8.279471157969222
1000
ACAD_MTEXT_DEFINED_HEIGHT_END
  0
TEXT
  5
33F
330
337
100
AcDbEntity
  8
承载力标识
 62
     3
100
AcDbText
 10
-2.49864176593496
 20
-0.6076674823333406
 30
0.0
 40
1.8
  1
1
 41
0.7
  7
宋体
100
AcDbText
1001
AcDbBlockRepETag
1070
     1
1071
        7
1005
33F
1001
ACAD
1000
ACAD_MTEXT_DEFINED_HEIGHT_BEGIN
1070
    46
1040
8.279471157969222
1000
ACAD_MTEXT_DEFINED_HEIGHT_END
  0
TEXT
  5
340
330
337
100
AcDbEntity
  8
承载力标识
 62
     3
100
AcDbText
 10
-1.216092396476823
 20
-0.2535041864965706
 30
0.0
 40
3.0
  1
ds
 41
0.7
  7
宋体
100
AcDbText
1001
AcDbBlockRepETag
1070
     1
1071
        8
1005
340
1001
ACAD
1000
ACAD_MTEXT_DEFINED_HEIGHT_BEGIN
1070
    46
1040
8.279471157969222
1000
ACAD_MTEXT_DEFINED_HEIGHT_END
  0
TEXT
  5
341
330
337
100
AcDbEntity
  8
承载力标识
 62
     3
100
AcDbText
 10
2.559044947540086
 20
0.1179739172122254
 30
0.0
 40
2.999999999996998
  1
8-33
 41
0.75
  7
宋体
100
AcDbText
1001
AcDbBlockRepETag
1070
     1
1071
        0
1005
341
  0
ENDBLK
  5
342
330
337
100
AcDbEntity
  8
0
 62
     3
100
AcDbBlockEnd
  0
BLOCK
  5
344
330
343
100
AcDbEntity
  8
0
100
AcDbBlockBegin
  2
01
 70
     0
 10
0.0
 20
0.0
 30
0.0
  3
01
  1

  0
TEXT
  5
345
330
343
100
AcDbEntity
  8
Gicad_pou_texts
 62
     6
100
AcDbText
 10
-0.8583945636482894
 20
-2.143075567950139
 30
0.0
 40
4.0
  1
0-1
 41
0.7
  7
LZ_FONT
100
AcDbText
1001
AcDbBlockRepETag
1070
     1
1071
        6
1005
345
  0
ENDBLK
  5
346
330
343
100
AcDbEntity
  8
0
100
AcDbBlockEnd
  0
BLOCK
  5
348
330
347
100
AcDbEntity
  8
0
100
AcDbBlockBegin
  2
02
 70
     0
 10
0.0
 20
0.0
 30
0.0
  3
02
  1

  0
TEXT
  5
349
330
347
100
AcDbEntity
  8
Gicad_pou_texts
 62
     6
100
AcDbText
 10
-0.93974615182348
 20
-2.134635190351976
 30
0.0
 40
4.0
  1
0-2
 41
0.7
  7
LZ_FONT
100
AcDbText
1001
AcDbBlockRepETag
1070
     1
1071
        6
1005
349
  0
ENDBLK
  5
34A
330
347
100
AcDbEntity
  8
0
100
AcDbBlockEnd
  0
BLOCK
  5
34C
330
34B
100
AcDbEntity
  8
0
100
AcDbBlockBegin
  2
03
 70
     0
 10
0.0
 20
0.0
 30
0.0
  3
03
  1

  0
TEXT
  5
34D
330
34B
100
AcDbEntity
  8
Gicad_pou_texts
 62
     6
100
AcDbText
 10
-0.85806158511726
 20
-2.09761171237748
 30
0.0
 40
4.0
  1
0-3
 41
0.7
  7
LZ_FONT
100
AcDbText
1001
AcDbBlockRepETag
1070
     1
1071
        6
1005
0
  0
ENDBLK
  5
34E
330
34B
100
AcDbEntity
  8
0
100
AcDbBlockEnd
  0
BLOCK
  5
352
330
34F
100
AcDbEntity
  8
0
100
AcDbBlockBegin
  2
213
 70
     0
 10
0.0
 20
0.0
 30
0.0
  3
213
  1

  0
TEXT
  5
353
330
34F
100
AcDbEntity
  8
承载力标识
 62
     3
100
AcDbText
 10
1.439481881272284
 20
0.4124317056835311
 30
0.0
 40
2.999999999996998
  1
2-13
 41
0.75
  7
宋体
100
AcDbText
1001
AcDbBlockRepETag
1070
     1
1071
        3
1005
353
  0
TEXT
  5
354
330
34F
100
AcDbEntity
  8
承载力标识
 62
     3
100
AcDbText
 10
-0.624433433718055
 20
-0.1075953234244196
 30
0.0
 40
1.799999999998199
  1
4
 41
0.75
  7
宋体
 72
     1
 11
-0.1417518694727278
 21
-0.1075953234244196
 31
0.0
100
AcDbText
1001
AcDbBlockRepETag
1070
     1
1071
        4
1005
354
  0
TEXT
  5
355
330
34F
100
AcDbEntity
  8
承载力标识
 62
     3
100
AcDbText
 10
-0.585295155995429
 20
2.429541927992004
 30
0.0
 40
1.799999999998199
  1
al
 41
0.75
  7
宋体
 72
     1
 11
0.3800679724952252
 21
2.429541927992004
 31
0.0
100
AcDbText
1001
AcDbBlockRepETag
1070
     1
1071
        5
1005
355
  0
TEXT
  5
356
330
34F
100
AcDbEntity
  8
承载力标识
 62
     3
100
AcDbText
 10
-2.700326854046875
 20
0.3080871779625625
 30
0.0
 40
2.999999999996998
  1
Q
 41
0.75
  7
宋体
 72
     1
 11
-1.895857580304664
 21
0.3080871779625625
 31
0.0
100
AcDbText
1001
AcDbBlockRepETag
1070
     1
1071
        6
1005
356
  0
TEXT
  5
357
330
34F
100
AcDbEntity
  8
承载力标识
 62
     1
100
AcDbText
 10
8.361667042503311
 20
-0.1330760966106652
 30
0.0
 40
4.499999999995499
  1
σ
 41
0.75
  7
宋体
100
AcDbText
1001
AcDbBlockRepETag
1070
     1
1071
        1
1005
357
  0
TEXT
  5
358
330
34F
100
AcDbEntity
  8
承载力标识
 62
     1
100
AcDbText
 10
11.64167011104996
 20
-0.1330760966106652
 30
0.0
 40
1.8
  1
0 
 41
0.75
  7
宋体
100
AcDbText
1001
AcDbBlockRepETag
1070
     1
1071
        2
1005
358
  0
TEXT
  5
359
330
34F
100
AcDbEntity
  8
承载力标识
 62
     1
100
AcDbText
 10
12.72112322545194
 20
0.613295006888194
 30
0.0
 40
2.999999999996998
  1
=80
 41
0.75
  7
宋体
100
AcDbText
1001
AcDbBlockRepETag
1070
     1
1071
        7
1005
359
  0
ENDBLK
  5
35A
330
34F
100
AcDbEntity
  8
0
100
AcDbBlockEnd
  0
BLOCK
  5
35D
330
35B
100
AcDbEntity
  8
0
100
AcDbBlockBegin
  2
232(el+dl)
 70
     0
 10
0.0
 20
0.0
 30
0.0
  3
232(el+dl)
  1

  0
TEXT
  5
35E
330
35B
100
AcDbEntity
  8
承载力标识
 62
     1
100
AcDbText
 10
10.04080304004844
 20
-0.5773373180328463
 30
0.0
 40
4.499999999995499
  1
σ
 41
0.75
  7
宋体
100
AcDbText
1001
AcDbBlockRepETag
1070
     1
1071
        1
1005
35E
  0
TEXT
  5
35F
330
35B
100
AcDbEntity
  8
承载力标识
 62
     1
100
AcDbText
 10
13.32080610859508
 20
-0.5773373180328463
 30
0.0
 40
1.8
  1
0 
 41
0.75
  7
宋体
100
AcDbText
1001
AcDbBlockRepETag
1070
     1
1071
        2
1005
35F
  0
TEXT
  5
360
330
35B
100
AcDbEntity
  8
承载力标识
 62
     1
100
AcDbText
 10
14.40025922299708
 20
0.1690337854660122
 30
0.0
 40
2.999999999996998
  1
=150
 41
0.75
  7
宋体
100
AcDbText
1001
AcDbBlockRepETag
1070
     1
1071
        3
1005
360
  0
TEXT
  5
361
330
35B
100
AcDbEntity
  8
承载力标识
 62
     3
100
AcDbText
 10
3.535390268863806
 20
-0.1074163586755508
 30
0.0
 40
2.999999999996998
  1
2-32
 41
0.75
  7
宋体
100
AcDbText
1001
AcDbBlockRepETag
1070
     1
1071
        0
1005
361
  0
TEXT
  5
362
330
35B
100
AcDbEntity
  8
承载力标识
 62
     3
100
AcDbText
 10
-1.57823514164099
 20
-0.5661780508779656
 30
0.0
 40
1.799999999998199
  1
4
 41
0.75
  7
宋体
 72
     1
 11
-1.095553577395663
 21
-0.5661780508779656
 31
0.0
100
AcDbText
1001
AcDbBlockRepETag
1070
     1
1071
        4
1005
362
  0
TEXT
  5
363
330
35B
100
AcDbEntity
  8
承载力标识
 62
     3
100
AcDbText
 10
-3.65412856196981
 20
-0.1504955494909845
 30
0.0
 40
2.999999999996998
  1
Q
 41
0.75
  7
宋体
 72
     1
 11
-2.849659288227598
 21
-0.1504955494909845
 31
0.0
100
AcDbText
1001
AcDbBlockRepETag
1070
     1
1071
        6
1005
363
  0
TEXT
  5
364
330
35B
100
AcDbEntity
  8
承载力标识
 62
     3
100
AcDbText
 10
-1.652203084135501
 20
2.111601831436131
 30
0.0
 40
1.799999999998199
  1
el+dl
 41
0.75
  7
宋体
 72
     1
 11
0.7612047370911342
 21
2.111601831436131
 31
0.0
100
AcDbText
1001
AcDbBlockRepETag
1070
     1
1071
        5
1005
364
  0
TEXT
  5
365
330
35B
100
AcDbEntity
  8
承载力标识
 62
     3
100
AcDbText
 10
-3.632262093308055
 20
-0.1326110746721274
 30
0.0
 40
2.999999999996998
  1
Q
 41
0.75
  7
宋体
 72
     1
 11
-2.827792819565843
 21
-0.1326110746721274
 31
0.0
100
AcDbText
1001
AcDbBlockRepETag
1070
     1
1071
        8
1005
365
  0
ENDBLK
  5
366
330
35B
100
AcDbEntity
  8
0
100
AcDbBlockEnd
  0
BLOCK
  5
369
330
367
100
AcDbEntity
  8
0
100
AcDbBlockBegin
  2
721
 70
     0
 10
0.0
 20
0.0
 30
0.0
  3
721
  1

  0
TEXT
  5
36A
330
367
100
AcDbEntity
  8
承载力标识
 62
     3
100
AcDbText
 10
2.043755098325163
 20
0.1603808380514238
 30
0.0
 40
2.999999999996998
  1
7-21
 41
0.75
  7
宋体
100
AcDbText
1001
AcDbBlockRepETag
1070
     1
1071
        0
1005
36A
  0
TEXT
  5
36B
330
367
100
AcDbEntity
  8
承载力标识
 62
     1
100
AcDbText
 10
7.754946670388561
 20
-0.5347865640596865
 30
0.0
 40
4.499999999995499
  1
σ
 41
0.75
  7
宋体
100
AcDbText
1001
AcDbBlockRepETag
1070
     1
1071
        1
1005
36B
  0
TEXT
  5
36C
330
367
100
AcDbEntity
  8
承载力标识
 62
     1
100
AcDbText
 10
11.03494973893521
 20
-0.5347865640596865
 30
0.0
 40
1.8
  1
0 
 41
0.75
  7
宋体
100
AcDbText
1001
AcDbBlockRepETag
1070
     1
1071
        2
1005
36C
  0
TEXT
  5
36D
330
367
100
AcDbEntity
  8
承载力标识
 62
     1
100
AcDbText
 10
12.11440285333719
 20
0.2169071943280869
 30
0.0
 40
2.999999999996998
  1
=200
 41
0.75
  7
宋体
100
AcDbText
1001
AcDbBlockRepETag
1070
     1
1071
        3
1005
36D
  0
TEXT
  5
36E
330
367
100
AcDbEntity
  8
承载力标识
 62
     1
100
AcDbText
 10
19.89381911433611
 20
0.1603808380514238
 30
0.0
 40
2.999999999996998
  1
W
 41
0.75
  7
宋体
100
AcDbText
1001
AcDbBlockRepETag
1070
     1
1071
        4
1005
36E
  0
TEXT
  5
36F
330
367
100
AcDbEntity
  8
承载力标识
 62
     1
100
AcDbText
 10
21.67039120749269
 20
0.1603808380514238
 30
0.0
 40
1.799999999998199
  1
4
 41
0.75
  7
宋体
100
AcDbText
1001
AcDbBlockRepETag
1070
     1
1071
        5
1005
36F
  0
TEXT
  5
370
330
367
100
AcDbEntity
  8
承载力标识
 62
     3
100
AcDbText
 10
-4.056601793886327
 20
0.2211285743924236
 30
0.0
 40
3.0
  1
C
 41
0.7
  7
宋体
100
AcDbText
1001
AcDbBlockRepETag
1070
     1
1071
        6
1005
370
1001
ACAD
1000
ACAD_MTEXT_DEFINED_HEIGHT_BEGIN
1070
    46
1040
8.279471157969222
1000
ACAD_MTEXT_DEFINED_HEIGHT_END
  0
TEXT
  5
371
330
367
100
AcDbEntity
  8
承载力标识
 62
     3
100
AcDbText
 10
-2.45577617798972
 20
-0.5687860455855116
 30
0.0
 40
1.8
  1
1
 41
0.7
  7
宋体
100
AcDbText
1001
AcDbBlockRepETag
1070
     1
1071
        7
1005
371
1001
ACAD
1000
ACAD_MTEXT_DEFINED_HEIGHT_BEGIN
1070
    46
1040
8.279471157969222
1000
ACAD_MTEXT_DEFINED_HEIGHT_END
  0
TEXT
  5
372
330
367
100
AcDbEntity
  8
承载力标识
 62
     3
100
AcDbText
 10
-1.17322680853158
 20
-0.2146227497487417
 30
0.0
 40
3.0
  1
dc
 41
0.7
  7
宋体
100
AcDbText
1001
AcDbBlockRepETag
1070
     1
1071
        8
1005
372
1001
ACAD
1000
ACAD_MTEXT_DEFINED_HEIGHT_BEGIN
1070
    46
1040
8.279471157969222
1000
ACAD_MTEXT_DEFINED_HEIGHT_END
  0
ENDBLK
  5
373
330
367
100
AcDbEntity
  8
0
100
AcDbBlockEnd
  0
BLOCK
  5
376
330
374
100
AcDbEntity
  8
0
100
AcDbBlockBegin
  2
722
 70
     0
 10
0.0
 20
0.0
 30
0.0
  3
722
  1

  0
TEXT
  5
377
330
374
100
AcDbEntity
  8
承载力标识
 62
     3
100
AcDbText
 10
2.062931589998696
 20
0.1922035775029373
 30
0.0
 40
2.999999999996998
  1
7-22
 41
0.75
  7
宋体
100
AcDbText
1001
AcDbBlockRepETag
1070
     1
1071
        0
1005
377
  0
TEXT
  5
378
330
374
100
AcDbEntity
  8
承载力标识
 62
     1
100
AcDbText
 10
7.77412316206209
 20
-0.5029638246081733
 30
0.0
 40
4.499999999995499
  1
σ
 41
0.75
  7
宋体
100
AcDbText
1001
AcDbBlockRepETag
1070
     1
1071
        1
1005
378
  0
TEXT
  5
379
330
374
100
AcDbEntity
  8
承载力标识
 62
     1
100
AcDbText
 10
11.05412623060874
 20
-0.5029638246081733
 30
0.0
 40
1.8
  1
0 
 41
0.75
  7
宋体
100
AcDbText
1001
AcDbBlockRepETag
1070
     1
1071
        2
1005
379
  0
TEXT
  5
37A
330
374
100
AcDbEntity
  8
承载力标识
 62
     1
100
AcDbText
 10
12.13357934501073
 20
0.2487299337796003
 30
0.0
 40
2.999999999996998
  1
=450
 41
0.75
  7
宋体
100
AcDbText
1001
AcDbBlockRepETag
1070
     1
1071
        3
1005
37A
  0
TEXT
  5
37B
330
374
100
AcDbEntity
  8
承载力标识
 62
     1
100
AcDbText
 10
19.91299560600964
 20
0.1922035775029373
 30
0.0
 40
2.999999999996998
  1
W
 41
0.75
  7
宋体
100
AcDbText
1001
AcDbBlockRepETag
1070
     1
1071
        4
1005
37B
  0
TEXT
  5
37C
330
374
100
AcDbEntity
  8
承载力标识
 62
     1
100
AcDbText
 10
21.68956769916622
 20
0.1922035775029373
 30
0.0
 40
1.799999999998199
  1
3
 41
0.75
  7
宋体
100
AcDbText
1001
AcDbBlockRepETag
1070
     1
1071
        5
1005
37C
  0
TEXT
  5
37D
330
374
100
AcDbEntity
  8
承载力标识
 62
     3
100
AcDbText
 10
-4.037425302212795
 20
0.252951313843937
 30
0.0
 40
3.0
  1
C
 41
0.7
  7
宋体
100
AcDbText
1001
AcDbBlockRepETag
1070
     1
1071
        6
1005
37D
1001
ACAD
1000
ACAD_MTEXT_DEFINED_HEIGHT_BEGIN
1070
    46
1040
8.279471157969222
1000
ACAD_MTEXT_DEFINED_HEIGHT_END
  0
TEXT
  5
37E
330
374
100
AcDbEntity
  8
承载力标识
 62
     3
100
AcDbText
 10
-2.436599686316185
 20
-0.5369633061339984
 30
0.0
 40
1.8
  1
1
 41
0.7
  7
宋体
100
AcDbText
1001
AcDbBlockRepETag
1070
     1
1071
        7
1005
37E
1001
ACAD
1000
ACAD_MTEXT_DEFINED_HEIGHT_BEGIN
1070
    46
1040
8.279471157969222
1000
ACAD_MTEXT_DEFINED_HEIGHT_END
  0
TEXT
  5
37F
330
374
100
AcDbEntity
  8
承载力标识
 62
     3
100
AcDbText
 10
-1.154050316858047
 20
-0.1828000102972282
 30
0.0
 40
3.0
  1
dc
 41
0.7
  7
宋体
100
AcDbText
1001
AcDbBlockRepETag
1070
     1
1071
        8
1005
37F
1001
ACAD
1000
ACAD_MTEXT_DEFINED_HEIGHT_BEGIN
1070
    46
1040
8.279471157969222
1000
ACAD_MTEXT_DEFINED_HEIGHT_END
  0
ENDBLK
  5
380
330
374
100
AcDbEntity
  8
0
100
AcDbBlockEnd
  0
BLOCK
  5
383
330
381
100
AcDbEntity
  8
0
100
AcDbBlockBegin
  2
723
 70
     0
 10
0.0
 20
0.0
 30
0.0
  3
723
  1

  0
TEXT
  5
384
330
381
100
AcDbEntity
  8
承载力标识
 62
     3
100
AcDbText
 10
2.084834611932819
 20
0.1333068121314218
 30
0.0
 40
2.999999999996998
  1
7-23
 41
0.75
  7
宋体
100
AcDbText
1001
AcDbBlockRepETag
1070
     1
1071
        0
1005
384
  0
TEXT
  5
385
330
381
100
AcDbEntity
  8
承载力标识
 62
     1
100
AcDbText
 10
7.796026183996216
 20
-0.5618605899796876
 30
0.0
 40
4.499999999995499
  1
σ
 41
0.75
  7
宋体
100
AcDbText
1001
AcDbBlockRepETag
1070
     1
1071
        1
1005
385
  0
TEXT
  5
386
330
381
100
AcDbEntity
  8
承载力标识
 62
     1
100
AcDbText
 10
11.07602925254287
 20
-0.5618605899796876
 30
0.0
 40
1.8
  1
0 
 41
0.75
  7
宋体
100
AcDbText
1001
AcDbBlockRepETag
1070
     1
1071
        2
1005
386
  0
TEXT
  5
387
330
381
100
AcDbEntity
  8
承载力标识
 62
     1
100
AcDbText
 10
12.15548236694484
 20
0.1898331684080852
 30
0.0
 40
2.999999999996998
  1
=600
 41
0.75
  7
宋体
100
AcDbText
1001
AcDbBlockRepETag
1070
     1
1071
        3
1005
387
  0
TEXT
  5
388
330
381
100
AcDbEntity
  8
承载力标识
 62
     1
100
AcDbText
 10
19.93489862794376
 20
0.1333068121314218
 30
0.0
 40
2.999999999996998
  1
W
 41
0.75
  7
宋体
100
AcDbText
1001
AcDbBlockRepETag
1070
     1
1071
        4
1005
388
  0
TEXT
  5
389
330
381
100
AcDbEntity
  8
承载力标识
 62
     1
100
AcDbText
 10
21.71147072110034
 20
0.1333068121314218
 30
0.0
 40
1.799999999998199
  1
2
 41
0.75
  7
宋体
100
AcDbText
1001
AcDbBlockRepETag
1070
     1
1071
        5
1005
389
  0
TEXT
  5
38A
330
381
100
AcDbEntity
  8
承载力标识
 62
     3
100
AcDbText
 10
-4.015522280278672
 20
0.1940545484724221
 30
0.0
 40
3.0
  1
C
 41
0.7
  7
宋体
100
AcDbText
1001
AcDbBlockRepETag
1070
     1
1071
        6
1005
38A
1001
ACAD
1000
ACAD_MTEXT_DEFINED_HEIGHT_BEGIN
1070
    46
1040
8.279471157969222
1000
ACAD_MTEXT_DEFINED_HEIGHT_END
  0
TEXT
  5
38B
330
381
100
AcDbEntity
  8
承载力标识
 62
     3
100
AcDbText
 10
-2.414696664382064
 20
-0.5958600715055127
 30
0.0
 40
1.8
  1
1
 41
0.7
  7
宋体
100
AcDbText
1001
AcDbBlockRepETag
1070
     1
1071
        7
1005
38B
1001
ACAD
1000
ACAD_MTEXT_DEFINED_HEIGHT_BEGIN
1070
    46
1040
8.279471157969222
1000
ACAD_MTEXT_DEFINED_HEIGHT_END
  0
TEXT
  5
38C
330
381
100
AcDbEntity
  8
承载力标识
 62
     3
100
AcDbText
 10
-1.132147294923925
 20
-0.2416967756687431
 30
0.0
 40
3.0
  1
dc
 41
0.7
  7
宋体
100
AcDbText
1001
AcDbBlockRepETag
1070
     1
1071
        8
1005
38C
1001
ACAD
1000
ACAD_MTEXT_DEFINED_HEIGHT_BEGIN
1070
    46
1040
8.279471157969222
1000
ACAD_MTEXT_DEFINED_HEIGHT_END
  0
ENDBLK
  5
38D
330
381
100
AcDbEntity
  8
0
100
AcDbBlockEnd
  0
BLOCK
  5
390
330
38E
100
AcDbEntity
  8
0
100
AcDbBlockBegin
  2
751
 70
     0
 10
0.0
 20
0.0
 30
0.0
  3
751
  1

  0
TEXT
  5
391
330
38E
100
AcDbEntity
  8
承载力标识
 62
     1
100
AcDbText
 10
7.747015507156902
 20
-0.686975282784033
 30
0.0
 40
4.499999999995499
  1
σ
 41
0.75
  7
宋体
100
AcDbText
1001
AcDbBlockRepETag
1070
     1
1071
        1
1005
391
  0
TEXT
  5
392
330
38E
100
AcDbEntity
  8
承载力标识
 62
     1
100
AcDbText
 10
11.02701857570355
 20
-0.686975282784033
 30
0.0
 40
1.8
  1
0 
 41
0.75
  7
宋体
100
AcDbText
1001
AcDbBlockRepETag
1070
     1
1071
        2
1005
392
  0
TEXT
  5
393
330
38E
100
AcDbEntity
  8
承载力标识
 62
     1
100
AcDbText
 10
12.10647169010553
 20
0.0647184756037405
 30
0.0
 40
2.999999999996998
  1
=200
 41
0.75
  7
宋体
100
AcDbText
1001
AcDbBlockRepETag
1070
     1
1071
        3
1005
393
  0
TEXT
  5
394
330
38E
100
AcDbEntity
  8
承载力标识
 62
     1
100
AcDbText
 10
19.88588795110445
 20
0.0081921193270773
 30
0.0
 40
2.999999999996998
  1
W
 41
0.75
  7
宋体
100
AcDbText
1001
AcDbBlockRepETag
1070
     1
1071
        4
1005
394
  0
TEXT
  5
395
330
38E
100
AcDbEntity
  8
承载力标识
 62
     1
100
AcDbText
 10
21.66246004426102
 20
0.0081921193270773
 30
0.0
 40
1.799999999998199
  1
4
 41
0.75
  7
宋体
100
AcDbText
1001
AcDbBlockRepETag
1070
     1
1071
        5
1005
395
  0
TEXT
  5
396
330
38E
100
AcDbEntity
  8
承载力标识
 62
     3
100
AcDbText
 10
2.069947188534569
 20
0.0881773929634163
 30
0.0
 40
2.999999999996998
  1
7-51
 41
0.75
  7
宋体
100
AcDbText
1001
AcDbBlockRepETag
1070
     1
1071
        0
1005
396
  0
TEXT
  5
397
330
38E
100
AcDbEntity
  8
承载力标识
 62
     3
100
AcDbText
 10
-4.030409703676923
 20
0.1489251293044164
 30
0.0
 40
3.0
  1
C
 41
0.7
  7
宋体
100
AcDbText
1001
AcDbBlockRepETag
1070
     1
1071
        6
1005
397
1001
ACAD
1000
ACAD_MTEXT_DEFINED_HEIGHT_BEGIN
1070
    46
1040
8.279471157969222
1000
ACAD_MTEXT_DEFINED_HEIGHT_END
  0
TEXT
  5
398
330
38E
100
AcDbEntity
  8
承载力标识
 62
     3
100
AcDbText
 10
-2.429584087780312
 20
-0.6409894906735191
 30
0.0
 40
1.8
  1
1
 41
0.7
  7
宋体
100
AcDbText
1001
AcDbBlockRepETag
1070
     1
1071
        7
1005
398
1001
ACAD
1000
ACAD_MTEXT_DEFINED_HEIGHT_BEGIN
1070
    46
1040
8.279471157969222
1000
ACAD_MTEXT_DEFINED_HEIGHT_END
  0
TEXT
  5
399
330
38E
100
AcDbEntity
  8
承载力标识
 62
     3
100
AcDbText
 10
-1.147034718322174
 20
-0.2868261948367489
 30
0.0
 40
3.0
  1
dc
 41
0.7
  7
宋体
100
AcDbText
1001
AcDbBlockRepETag
1070
     1
1071
        8
1005
399
1001
ACAD
1000
ACAD_MTEXT_DEFINED_HEIGHT_BEGIN
1070
    46
1040
8.279471157969222
1000
ACAD_MTEXT_DEFINED_HEIGHT_END
  0
ENDBLK
  5
39A
330
38E
100
AcDbEntity
  8
0
100
AcDbBlockEnd
  0
BLOCK
  5
39D
330
39B
100
AcDbEntity
  8
0
100
AcDbBlockBegin
  2
752
 70
     0
 10
0.0
 20
0.0
 30
0.0
  3
752
  1

  0
TEXT
  5
39E
330
39B
100
AcDbEntity
  8
承载力标识
 62
     1
100
AcDbText
 10
7.780182100323023
 20
-0.6146448888514442
 30
0.0
 40
4.499999999995499
  1
σ
 41
0.75
  7
宋体
100
AcDbText
1001
AcDbBlockRepETag
1070
     1
1071
        0
1005
39E
  0
TEXT
  5
39F
330
39B
100
AcDbEntity
  8
承载力标识
 62
     1
100
AcDbText
 10
11.06018516886967
 20
-0.6146448888514442
 30
0.0
 40
1.8
  1
0 
 41
0.75
  7
宋体
100
AcDbText
1001
AcDbBlockRepETag
1070
     1
1071
        1
1005
39F
  0
TEXT
  5
3A0
330
39B
100
AcDbEntity
  8
承载力标识
 62
     1
100
AcDbText
 10
12.13963828327166
 20
0.1370488695363292
 30
0.0
 40
2.999999999996998
  1
=500
 41
0.75
  7
宋体
100
AcDbText
1001
AcDbBlockRepETag
1070
     1
1071
        2
1005
3A0
  0
TEXT
  5
3A1
330
39B
100
AcDbEntity
  8
承载力标识
 62
     1
100
AcDbText
 10
19.91905454427057
 20
0.0805225132596661
 30
0.0
 40
2.999999999996998
  1
W
 41
0.75
  7
宋体
100
AcDbText
1001
AcDbBlockRepETag
1070
     1
1071
        3
1005
3A1
  0
TEXT
  5
3A2
330
39B
100
AcDbEntity
  8
承载力标识
 62
     1
100
AcDbText
 10
21.69562663742716
 20
0.0805225132596661
 30
0.0
 40
1.799999999998199
  1
2
 41
0.75
  7
宋体
100
AcDbText
1001
AcDbBlockRepETag
1070
     1
1071
        4
1005
3A2
  0
TEXT
  5
3A3
330
39B
100
AcDbEntity
  8
承载力标识
 62
     3
100
AcDbText
 10
2.103113781700697
 20
0.1605077868960052
 30
0.0
 40
2.999999999996998
  1
7-52
 41
0.75
  7
宋体
100
AcDbText
1001
AcDbBlockRepETag
1070
     1
1071
        5
1005
3A3
  0
TEXT
  5
3A4
330
39B
100
AcDbEntity
  8
承载力标识
 62
     3
100
AcDbText
 10
-3.997243110510794
 20
0.2212555232370051
 30
0.0
 40
3.0
  1
C
 41
0.7
  7
宋体
100
AcDbText
1001
ACAD
1000
ACAD_MTEXT_DEFINED_HEIGHT_BEGIN
1070
    46
1040
8.279471157969222
1000
ACAD_MTEXT_DEFINED_HEIGHT_END
1001
AcDbBlockRepETag
1070
     1
1071
        6
1005
3A4
  0
TEXT
  5
3A5
330
39B
100
AcDbEntity
  8
承载力标识
 62
     3
100
AcDbText
 10
-2.396417494614184
 20
-0.5686590967409302
 30
0.0
 40
1.8
  1
1
 41
0.7
  7
宋体
100
AcDbText
1001
ACAD
1000
ACAD_MTEXT_DEFINED_HEIGHT_BEGIN
1070
    46
1040
8.279471157969222
1000
ACAD_MTEXT_DEFINED_HEIGHT_END
1001
AcDbBlockRepETag
1070
     1
1071
        7
1005
3A5
  0
TEXT
  5
3A6
330
39B
100
AcDbEntity
  8
承载力标识
 62
     3
100
AcDbText
 10
-1.113868125156045
 20
-0.2144958009041602
 30
0.0
 40
3.0
  1
dc
 41
0.7
  7
宋体
100
AcDbText
1001
ACAD
1000
ACAD_MTEXT_DEFINED_HEIGHT_BEGIN
1070
    46
1040
8.279471157969222
1000
ACAD_MTEXT_DEFINED_HEIGHT_END
1001
AcDbBlockRepETag
1070
     1
1071
        8
1005
3A6
  0
ENDBLK
  5
3A7
330
39B
100
AcDbEntity
  8
0
100
AcDbBlockEnd
  0
BLOCK
  5
3AA
330
3A8
100
AcDbEntity
  8
0
100
AcDbBlockBegin
  2
753
 70
     0
 10
0.0
 20
0.0
 30
0.0
  3
753
  1

  0
TEXT
  5
3AB
330
3A8
100
AcDbEntity
  8
承载力标识
 62
     1
100
AcDbText
 10
7.722043490589156
 20
-0.6838822058714415
 30
0.0
 40
4.499999999995499
  1
σ
 41
0.75
  7
宋体
100
AcDbText
1001
AcDbBlockRepETag
1070
     1
1071
        1
1005
3AB
  0
TEXT
  5
3AC
330
3A8
100
AcDbEntity
  8
承载力标识
 62
     1
100
AcDbText
 10
11.0020465591358
 20
-0.6838822058714415
 30
0.0
 40
1.8
  1
0 
 41
0.75
  7
宋体
100
AcDbText
1001
AcDbBlockRepETag
1070
     1
1071
        2
1005
3AC
  0
TEXT
  5
3AD
330
3A8
100
AcDbEntity
  8
承载力标识
 62
     1
100
AcDbText
 10
12.08149967353778
 20
0.067811552516332
 30
0.0
 40
2.999999999996998
  1
=800
 41
0.75
  7
宋体
100
AcDbText
1001
AcDbBlockRepETag
1070
     1
1071
        3
1005
3AD
  0
TEXT
  5
3AE
330
3A8
100
AcDbEntity
  8
承载力标识
 62
     1
100
AcDbText
 10
19.8609159345367
 20
0.0112851962396689
 30
0.0
 40
2.999999999996998
  1
W
 41
0.75
  7
宋体
100
AcDbText
1001
AcDbBlockRepETag
1070
     1
1071
        4
1005
3AE
  0
TEXT
  5
3AF
330
3A8
100
AcDbEntity
  8
承载力标识
 62
     1
100
AcDbText
 10
21.63748802769328
 20
0.0112851962396689
 30
0.0
 40
1.799999999998199
  1
2
 41
0.75
  7
宋体
100
AcDbText
1001
AcDbBlockRepETag
1070
     1
1071
        5
1005
3AF
  0
TEXT
  5
3B0
330
3A8
100
AcDbEntity
  8
承载力标识
 62
     3
100
AcDbText
 10
2.044975171966823
 20
0.0912704698760072
 30
0.0
 40
2.999999999996998
  1
7-53
 41
0.75
  7
宋体
100
AcDbText
1001
AcDbBlockRepETag
1070
     1
1071
        0
1005
3B0
  0
TEXT
  5
3B1
330
3A8
100
AcDbEntity
  8
承载力标识
 62
     3
100
AcDbText
 10
-4.055381720244668
 20
0.1520182062170072
 30
0.0
 40
3.0
  1
C
 41
0.7
  7
宋体
100
AcDbText
1001
AcDbBlockRepETag
1070
     1
1071
        6
1005
3B1
1001
ACAD
1000
ACAD_MTEXT_DEFINED_HEIGHT_BEGIN
1070
    46
1040
8.279471157969222
1000
ACAD_MTEXT_DEFINED_HEIGHT_END
  0
TEXT
  5
3B2
330
3A8
100
AcDbEntity
  8
承载力标识
 62
     3
100
AcDbText
 10
-2.454556104348056
 20
-0.6378964137609274
 30
0.0
 40
1.8
  1
1
 41
0.7
  7
宋体
100
AcDbText
1001
AcDbBlockRepETag
1070
     1
1071
        7
1005
3B2
1001
ACAD
1000
ACAD_MTEXT_DEFINED_HEIGHT_BEGIN
1070
    46
1040
8.279471157969222
1000
ACAD_MTEXT_DEFINED_HEIGHT_END
  0
TEXT
  5
3B3
330
3A8
100
AcDbEntity
  8
承载力标识
 62
     3
100
AcDbText
 10
-1.172006734889919
 20
-0.2837331179241573
 30
0.0
 40
3.0
  1
dc
 41
0.7
  7
宋体
100
AcDbText
1001
AcDbBlockRepETag
1070
     1
1071
        8
1005
3B3
1001
ACAD
1000
ACAD_MTEXT_DEFINED_HEIGHT_BEGIN
1070
    46
1040
8.279471157969222
1000
ACAD_MTEXT_DEFINED_HEIGHT_END
  0
ENDBLK
  5
3B4
330
3A8
100
AcDbEntity
  8
0
100
AcDbBlockEnd
  0
BLOCK
  5
3B6
330
3B5
100
AcDbEntity
  8
0
100
AcDbBlockBegin
  2
212
 70
     0
 10
0.0
 20
0.0
 30
0.0
  3
212
  1

  0
TEXT
  5
3B7
330
3B5
100
AcDbEntity
  8
承载力标识
 62
     3
100
AcDbText
 10
1.40388137453695
 20
0.402868164915958
 30
0.0
 40
2.999999999996998
  1
2-12
 41
0.75
  7
宋体
100
AcDbText
1001
AcDbBlockRepETag
1070
     1
1071
        3
1005
3B7
  0
TEXT
  5
3B8
330
3B5
100
AcDbEntity
  8
承载力标识
 62
     3
100
AcDbText
 10
-0.6600339404534753
 20
-0.1171588641917651
 30
0.0
 40
1.799999999998199
  1
4
 41
0.75
  7
宋体
 72
     1
 11
-0.1773523762081481
 21
-0.1171588641917651
 31
0.0
100
AcDbText
1001
AcDbBlockRepETag
1070
     1
1071
        4
1005
3B8
  0
TEXT
  5
3B9
330
3B5
100
AcDbEntity
  8
承载力标识
 62
     3
100
AcDbText
 10
-0.6208956627307919
 20
2.419978387224318
 30
0.0
 40
1.799999999998199
  1
al
 41
0.75
  7
宋体
 72
     1
 11
0.3444674657598625
 21
2.419978387224318
 31
0.0
100
AcDbText
1001
AcDbBlockRepETag
1070
     1
1071
        5
1005
3B9
  0
TEXT
  5
3BA
330
3B5
100
AcDbEntity
  8
承载力标识
 62
     3
100
AcDbText
 10
-2.735927360782267
 20
0.2985236371951032
 30
0.0
 40
2.999999999996998
  1
Q
 41
0.75
  7
宋体
 72
     1
 11
-1.931458087040055
 21
0.2985236371951032
 31
0.0
100
AcDbText
1001
AcDbBlockRepETag
1070
     1
1071
        6
1005
3BA
  0
TEXT
  5
3BB
330
3B5
100
AcDbEntity
  8
承载力标识
 62
     1
100
AcDbText
 10
8.326066535767948
 20
-0.1426396373781245
 30
0.0
 40
4.499999999995499
  1
σ
 41
0.75
  7
宋体
100
AcDbText
1001
AcDbBlockRepETag
1070
     1
1071
        1
1005
3BB
  0
TEXT
  5
3BC
330
3B5
100
AcDbEntity
  8
承载力标识
 62
     1
100
AcDbText
 10
11.60606960431457
 20
-0.1426396373781245
 30
0.0
 40
1.8
  1
0 
 41
0.75
  7
宋体
100
AcDbText
1001
AcDbBlockRepETag
1070
     1
1071
        2
1005
3BC
  0
TEXT
  5
3BD
330
3B5
100
AcDbEntity
  8
承载力标识
 62
     1
100
AcDbText
 10
12.68552271871658
 20
0.6037314661207347
 30
0.0
 40
2.999999999996998
  1
=60
 41
0.75
  7
宋体
100
AcDbText
1001
AcDbBlockRepETag
1070
     1
1071
        7
1005
3BD
  0
ENDBLK
  5
3BE
330
3B5
100
AcDbEntity
  8
0
100
AcDbBlockEnd
  0
BLOCK
  5
3C0
330
3BF
100
AcDbEntity
  8
0
100
AcDbBlockBegin
  2
823
 70
     0
 10
0.0
 20
0.0
 30
0.0
  3
823
  1

  0
TEXT
  5
3C1
330
3BF
100
AcDbEntity
  8
承载力标识
 62
     1
100
AcDbText
 10
-4694.63735360627
 20
481.7919946956942
 30
0.0
 40
4.499999999995499
  1
σ
 41
0.75
  7
宋体
100
AcDbText
1001
AcDbBlockRepETag
1070
     1
1071
        1
1005
3C1
  0
TEXT
  5
3C2
330
3BF
100
AcDbEntity
  8
承载力标识
 62
     1
100
AcDbText
 10
-4691.357350537724
 20
481.7919946956942
 30
0.0
 40
1.8
  1
0 
 41
0.75
  7
宋体
100
AcDbText
1001
AcDbBlockRepETag
1070
     1
1071
        2
1005
3C2
  0
TEXT
  5
3C3
330
3BF
100
AcDbEntity
  8
承载力标识
 62
     1
100
AcDbText
 10
-4690.27789742332
 20
482.543688454082
 30
0.0
 40
2.999999999996998
  1
=650
 41
0.75
  7
宋体
100
AcDbText
1001
AcDbBlockRepETag
1070
     1
1071
        3
1005
3C3
  0
TEXT
  5
3C4
330
3BF
100
AcDbEntity
  8
承载力标识
 62
     3
100
AcDbText
 10
-4707.491098173902
 20
482.5479098341467
 30
0.0
 40
3.0
  1
C
 41
0.7
  7
宋体
100
AcDbText
1001
AcDbBlockRepETag
1070
     1
1071
        6
1005
3C4
1001
ACAD
1000
ACAD_MTEXT_DEFINED_HEIGHT_BEGIN
1070
    46
1040
8.279471157969222
1000
ACAD_MTEXT_DEFINED_HEIGHT_END
  0
TEXT
  5
3C5
330
3BF
100
AcDbEntity
  8
承载力标识
 62
     3
100
AcDbText
 10
-4705.890272558003
 20
481.7579952141684
 30
0.0
 40
1.8
  1
1
 41
0.7
  7
宋体
100
AcDbText
1001
AcDbBlockRepETag
1070
     1
1071
        7
1005
3C5
1001
ACAD
1000
ACAD_MTEXT_DEFINED_HEIGHT_BEGIN
1070
    46
1040
8.279471157969222
1000
ACAD_MTEXT_DEFINED_HEIGHT_END
  0
TEXT
  5
3C6
330
3BF
100
AcDbEntity
  8
承载力标识
 62
     3
100
AcDbText
 10
-4704.607723188547
 20
482.1121585100053
 30
0.0
 40
3.0
  1
ds
 41
0.7
  7
宋体
100
AcDbText
1001
AcDbBlockRepETag
1070
     1
1071
        8
1005
3C6
1001
ACAD
1000
ACAD_MTEXT_DEFINED_HEIGHT_BEGIN
1070
    46
1040
8.279471157969222
1000
ACAD_MTEXT_DEFINED_HEIGHT_END
  0
TEXT
  5
3C7
330
3BF
100
AcDbEntity
  8
承载力标识
 62
     3
100
AcDbText
 10
-4700.832585844529
 20
482.4836366137142
 30
0.0
 40
2.999999999996998
  1
8-23
 41
0.75
  7
宋体
100
AcDbText
1001
AcDbBlockRepETag
1070
     1
1071
        0
1005
3C7
  0
TEXT
  5
3C8
330
3BF
100
AcDbEntity
  8
承载力标识
 62
     1
100
AcDbText
 10
-4682.410075034066
 20
482.7783443816079
 30
0.0
 40
2.999999999996998
  1
W
 41
0.75
  7
宋体
100
AcDbText
1001
AcDbBlockRepETag
1070
     1
1071
        4
1005
3C8
  0
TEXT
  5
3C9
330
3BF
100
AcDbEntity
  8
承载力标识
 62
     1
100
AcDbText
 10
-4680.633502940912
 20
482.7783443816079
 30
0.0
 40
1.799999999998199
  1
2
 41
0.75
  7
宋体
100
AcDbText
1001
AcDbBlockRepETag
1070
     1
1071
        5
1005
3C9
  0
ENDBLK
  5
3CA
330
3BF
100
AcDbEntity
  8
0
100
AcDbBlockEnd
  0
BLOCK
  5
3CC
330
3CB
100
AcDbEntity
  8
0
100
AcDbBlockBegin
  2
822
 70
     0
 10
0.0
 20
0.0
 30
0.0
  3
822
  1

  0
TEXT
  5
3CD
330
3CB
100
AcDbEntity
  8
承载力标识
 62
     1
100
AcDbText
 10
7.736060870535767
 20
-0.6666538346169091
 30
0.0
 40
4.499999999995499
  1
σ
 41
0.75
  7
宋体
100
AcDbText
1001
AcDbBlockRepETag
1070
     1
1071
        1
1005
3CD
  0
TEXT
  5
3CE
330
3CB
100
AcDbEntity
  8
承载力标识
 62
     1
100
AcDbText
 10
11.01606393908241
 20
-0.6666538346169091
 30
0.0
 40
1.8
  1
0 
 41
0.75
  7
宋体
100
AcDbText
1001
AcDbBlockRepETag
1070
     1
1071
        2
1005
3CE
  0
TEXT
  5
3CF
330
3CB
100
AcDbEntity
  8
承载力标识
 62
     1
100
AcDbText
 10
12.09551705348349
 20
0.0850399237707507
 30
0.0
 40
2.999999999996998
  1
=450
 41
0.75
  7
宋体
100
AcDbText
1001
AcDbBlockRepETag
1070
     1
1071
        3
1005
3CF
  0
TEXT
  5
3D0
330
3CB
100
AcDbEntity
  8
承载力标识
 62
     1
100
AcDbText
 10
19.8749333144824
 20
0.0285135674942012
 30
0.0
 40
2.999999999996998
  1
W
 41
0.75
  7
宋体
100
AcDbText
1001
AcDbBlockRepETag
1070
     1
1071
        4
1005
3D0
  0
TEXT
  5
3D1
330
3CB
100
AcDbEntity
  8
承载力标识
 62
     1
100
AcDbText
 10
21.65150540763898
 20
0.0285135674942012
 30
0.0
 40
1.799999999998199
  1
3
 41
0.75
  7
宋体
100
AcDbText
1001
AcDbBlockRepETag
1070
     1
1071
        5
1005
3D1
  0
TEXT
  5
3D2
330
3CB
100
AcDbEntity
  8
承载力标识
 62
     3
100
AcDbText
 10
2.048922207479336
 20
0.0751256429714431
 30
0.0
 40
2.999999999996998
  1
8-22
 41
0.75
  7
宋体
100
AcDbText
1001
AcDbBlockRepETag
1070
     1
1071
        0
1005
3D2
  0
TEXT
  5
3D3
330
3CB
100
AcDbEntity
  8
承载力标识
 62
     3
100
AcDbText
 10
-4.051434684732156
 20
0.1358733793123861
 30
0.0
 40
3.0
  1
C
 41
0.7
  7
宋体
100
AcDbText
1001
AcDbBlockRepETag
1070
     1
1071
        6
1005
3D3
1001
ACAD
1000
ACAD_MTEXT_DEFINED_HEIGHT_BEGIN
1070
    46
1040
8.279471157969222
1000
ACAD_MTEXT_DEFINED_HEIGHT_END
  0
TEXT
  5
3D4
330
3CB
100
AcDbEntity
  8
承载力标识
 62
     3
100
AcDbText
 10
-2.450609068835547
 20
-0.6540412406654923
 30
0.0
 40
1.8
  1
1
 41
0.7
  7
宋体
100
AcDbText
1001
AcDbBlockRepETag
1070
     1
1071
        7
1005
3D4
1001
ACAD
1000
ACAD_MTEXT_DEFINED_HEIGHT_BEGIN
1070
    46
1040
8.279471157969222
1000
ACAD_MTEXT_DEFINED_HEIGHT_END
  0
TEXT
  5
3D5
330
3CB
100
AcDbEntity
  8
承载力标识
 62
     3
100
AcDbText
 10
-1.168059699376499
 20
-0.2998779448287791
 30
0.0
 40
3.0
  1
ds
 41
0.7
  7
宋体
100
AcDbText
1001
AcDbBlockRepETag
1070
     1
1071
        8
1005
3D5
1001
ACAD
1000
ACAD_MTEXT_DEFINED_HEIGHT_BEGIN
1070
    46
1040
8.279471157969222
1000
ACAD_MTEXT_DEFINED_HEIGHT_END
  0
ENDBLK
  5
3D6
330
3CB
100
AcDbEntity
  8
0
100
AcDbBlockEnd
  0
BLOCK
  5
3D8
330
3D7
100
AcDbEntity
  8
0
100
AcDbBlockBegin
  2
20260614.22151695
 70
     0
 10
0.0
 20
0.0
 30
0.0
  3
20260614.22151695
  1

  0
INSERT
  5
3D9
330
3D7
100
AcDbEntity
  8
GiCAD_PouMian
100
AcDbBlockReference
  2
823
 10
4703.439119956377
 20
-482.3968388234027
 30
0.0
  0
ENDBLK
  5
3DA
330
3D7
100
AcDbEntity
  8
0
100
AcDbBlockEnd
  0
BLOCK
  5
3DC
330
3DB
100
AcDbEntity
  8
0
100
AcDbBlockBegin
  2
813
 70
     0
 10
0.0
 20
0.0
 30
0.0
  3
813
  1

  0
TEXT
  5
3DD
330
3DB
100
AcDbEntity
  8
承载力标识
 62
     1
100
AcDbText
 10
7.683875478414818
 20
-0.5976564276668343
 30
0.0
 40
4.499999999995499
  1
σ
 41
0.75
  7
宋体
100
AcDbText
1001
AcDbBlockRepETag
1070
     1
1071
        1
1005
3DD
  0
TEXT
  5
3DE
330
3DB
100
AcDbEntity
  8
承载力标识
 62
     1
100
AcDbText
 10
10.96387854696146
 20
-0.5976564276668343
 30
0.0
 40
1.8
  1
0 
 41
0.75
  7
宋体
100
AcDbText
1001
AcDbBlockRepETag
1070
     1
1071
        2
1005
3DE
  0
TEXT
  5
3DF
330
3DB
100
AcDbEntity
  8
承载力标识
 62
     1
100
AcDbText
 10
12.04333166136254
 20
0.1540373307208256
 30
0.0
 40
2.999999999996998
  1
=800
 41
0.75
  7
宋体
100
AcDbText
1001
AcDbBlockRepETag
1070
     1
1071
        3
1005
3DF
  0
TEXT
  5
3E0
330
3DB
100
AcDbEntity
  8
承载力标识
 62
     1
100
AcDbText
 10
19.82274792236146
 20
0.0975109744442762
 30
0.0
 40
2.999999999996998
  1
W
 41
0.75
  7
宋体
100
AcDbText
1001
AcDbBlockRepETag
1070
     1
1071
        4
1005
3E0
  0
TEXT
  5
3E1
330
3DB
100
AcDbEntity
  8
承载力标识
 62
     1
100
AcDbText
 10
21.59932001551803
 20
0.0975109744442762
 30
0.0
 40
1.799999999998199
  1
2
 41
0.75
  7
宋体
100
AcDbText
1001
AcDbBlockRepETag
1070
     1
1071
        5
1005
3E1
  0
TEXT
  5
3E2
330
3DB
100
AcDbEntity
  8
承载力标识
 62
     3
100
AcDbText
 10
1.996736815358389
 20
0.144123049921518
 30
0.0
 40
2.999999999996998
  1
8-13
 41
0.75
  7
宋体
100
AcDbText
1001
AcDbBlockRepETag
1070
     1
1071
        0
1005
3E2
  0
TEXT
  5
3E3
330
3DB
100
AcDbEntity
  8
承载力标识
 62
     3
100
AcDbText
 10
-4.103620076853103
 20
0.2048707862625179
 30
0.0
 40
3.0
  1
C
 41
0.7
  7
宋体
100
AcDbText
1001
AcDbBlockRepETag
1070
     1
1071
        6
1005
3E3
1001
ACAD
1000
ACAD_MTEXT_DEFINED_HEIGHT_BEGIN
1070
    46
1040
8.279471157969222
1000
ACAD_MTEXT_DEFINED_HEIGHT_END
  0
TEXT
  5
3E4
330
3DB
100
AcDbEntity
  8
承载力标识
 62
     3
100
AcDbText
 10
-2.502794460956494
 20
-0.5850438337154174
 30
0.0
 40
1.8
  1
1
 41
0.7
  7
宋体
100
AcDbText
1001
AcDbBlockRepETag
1070
     1
1071
        7
1005
3E4
1001
ACAD
1000
ACAD_MTEXT_DEFINED_HEIGHT_BEGIN
1070
    46
1040
8.279471157969222
1000
ACAD_MTEXT_DEFINED_HEIGHT_END
  0
TEXT
  5
3E5
330
3DB
100
AcDbEntity
  8
承载力标识
 62
     3
100
AcDbText
 10
-1.220245091497446
 20
-0.2308805378786474
 30
0.0
 40
3.0
  1
ds
 41
0.7
  7
宋体
100
AcDbText
1001
AcDbBlockRepETag
1070
     1
1071
        8
1005
3E5
1001
ACAD
1000
ACAD_MTEXT_DEFINED_HEIGHT_BEGIN
1070
    46
1040
8.279471157969222
1000
ACAD_MTEXT_DEFINED_HEIGHT_END
  0
ENDBLK
  5
3E6
330
3DB
100
AcDbEntity
  8
0
100
AcDbBlockEnd
  0
BLOCK
  5
3E8
330
3E7
100
AcDbEntity
  8
0
100
AcDbBlockBegin
  2
811
 70
     0
 10
0.0
 20
0.0
 30
0.0
  3
811
  1

  0
TEXT
  5
3E9
330
3E7
100
AcDbEntity
  8
承载力标识
 62
     1
100
AcDbText
 10
7.892369428186809
 20
-0.5354834774502706
 30
0.0
 40
4.499999999995499
  1
σ
 41
0.75
  7
宋体
100
AcDbText
1001
AcDbBlockRepETag
1070
     1
1071
        1
1005
3E9
  0
TEXT
  5
3EA
330
3E7
100
AcDbEntity
  8
承载力标识
 62
     1
100
AcDbText
 10
11.17237249673346
 20
-0.5354834774502706
 30
0.0
 40
1.8
  1
0 
 41
0.75
  7
宋体
100
AcDbText
1001
AcDbBlockRepETag
1070
     1
1071
        2
1005
3EA
  0
TEXT
  5
3EB
330
3E7
100
AcDbEntity
  8
承载力标识
 62
     1
100
AcDbText
 10
12.25182561113544
 20
0.2162102809375028
 30
0.0
 40
2.999999999996998
  1
=200
 41
0.75
  7
宋体
100
AcDbText
1001
AcDbBlockRepETag
1070
     1
1071
        3
1005
3EB
  0
TEXT
  5
3EC
330
3E7
100
AcDbEntity
  8
承载力标识
 62
     1
100
AcDbText
 10
20.03124187213436
 20
0.1596839246608397
 30
0.0
 40
2.999999999996998
  1
W
 41
0.75
  7
宋体
100
AcDbText
1001
AcDbBlockRepETag
1070
     1
1071
        4
1005
3EC
  0
TEXT
  5
3ED
330
3E7
100
AcDbEntity
  8
承载力标识
 62
     1
100
AcDbText
 10
21.80781396529093
 20
0.1596839246608397
 30
0.0
 40
1.799999999998199
  1
4
 41
0.75
  7
宋体
100
AcDbText
1001
AcDbBlockRepETag
1070
     1
1071
        5
1005
3ED
  0
TEXT
  5
3EE
330
3E7
100
AcDbEntity
  8
承载力标识
 62
     3
100
AcDbText
 10
2.067143883919213
 20
0.2059124001602868
 30
0.0
 40
2.999999999996998
  1
8-11
 41
0.75
  7
宋体
100
AcDbText
1001
AcDbBlockRepETag
1070
     1
1071
        0
1005
3EE
  0
TEXT
  5
3EF
330
3E7
100
AcDbEntity
  8
承载力标识
 62
     3
100
AcDbText
 10
-4.033213008292277
 20
0.2666601365012866
 30
0.0
 40
3.0
  1
C
 41
0.7
  7
宋体
100
AcDbText
1001
AcDbBlockRepETag
1070
     1
1071
        6
1005
3EF
1001
ACAD
1000
ACAD_MTEXT_DEFINED_HEIGHT_BEGIN
1070
    46
1040
8.279471157969222
1000
ACAD_MTEXT_DEFINED_HEIGHT_END
  0
TEXT
  5
3F0
330
3E7
100
AcDbEntity
  8
承载力标识
 62
     3
100
AcDbText
 10
-2.432387392395667
 20
-0.5232544834766486
 30
0.0
 40
1.8
  1
1
 41
0.7
  7
宋体
100
AcDbText
1001
AcDbBlockRepETag
1070
     1
1071
        7
1005
3F0
1001
ACAD
1000
ACAD_MTEXT_DEFINED_HEIGHT_BEGIN
1070
    46
1040
8.279471157969222
1000
ACAD_MTEXT_DEFINED_HEIGHT_END
  0
TEXT
  5
3F1
330
3E7
100
AcDbEntity
  8
承载力标识
 62
     3
100
AcDbText
 10
-1.14983802293753
 20
-0.1690911876398786
 30
0.0
 40
3.0
  1
dc
 41
0.7
  7
宋体
100
AcDbText
1001
AcDbBlockRepETag
1070
     1
1071
        8
1005
3F1
1001
ACAD
1000
ACAD_MTEXT_DEFINED_HEIGHT_BEGIN
1070
    46
1040
8.279471157969222
1000
ACAD_MTEXT_DEFINED_HEIGHT_END
  0
ENDBLK
  5
3F2
330
3E7
100
AcDbEntity
  8
0
100
AcDbBlockEnd
  0
BLOCK
  5
3F4
330
3F3
100
AcDbEntity
  8
0
100
AcDbBlockBegin
  2
812
 70
     0
 10
0.0
 20
0.0
 30
0.0
  3
812
  1

  0
TEXT
  5
3F5
330
3F3
100
AcDbEntity
  8
承载力标识
 62
     1
100
AcDbText
 10
7.66348786970166
 20
-0.6883378095733406
 30
0.0
 40
4.499999999995499
  1
σ
 41
0.75
  7
宋体
100
AcDbText
1001
AcDbBlockRepETag
1070
     1
1071
        1
1005
3F5
  0
TEXT
  5
3F6
330
3F3
100
AcDbEntity
  8
承载力标识
 62
     1
100
AcDbText
 10
10.94349093824831
 20
-0.6883378095733406
 30
0.0
 40
1.8
  1
0 
 41
0.75
  7
宋体
100
AcDbText
1001
AcDbBlockRepETag
1070
     1
1071
        2
1005
3F6
  0
TEXT
  5
3F7
330
3F3
100
AcDbEntity
  8
承载力标识
 62
     1
100
AcDbText
 10
12.0229440526503
 20
0.0633559488144329
 30
0.0
 40
2.999999999996998
  1
=500
 41
0.75
  7
宋体
100
AcDbText
1001
AcDbBlockRepETag
1070
     1
1071
        3
1005
3F7
  0
TEXT
  5
3F8
330
3F3
100
AcDbEntity
  8
承载力标识
 62
     1
100
AcDbText
 10
19.80236031364922
 20
0.0068295925377697
 30
0.0
 40
2.999999999996998
  1
W
 41
0.75
  7
宋体
100
AcDbText
1001
AcDbBlockRepETag
1070
     1
1071
        4
1005
3F8
  0
TEXT
  5
3F9
330
3F3
100
AcDbEntity
  8
承载力标识
 62
     1
100
AcDbText
 10
21.57893240680579
 20
0.0068295925377697
 30
0.0
 40
1.799999999998199
  1
2
 41
0.75
  7
宋体
100
AcDbText
1001
AcDbBlockRepETag
1070
     1
1071
        5
1005
3F9
  0
TEXT
  5
3FA
330
3F3
100
AcDbEntity
  8
承载力标识
 62
     3
100
AcDbText
 10
1.986419551079335
 20
0.0868148661741089
 30
0.0
 40
2.999999999996998
  1
8-12
 41
0.75
  7
宋体
100
AcDbText
1001
AcDbBlockRepETag
1070
     1
1071
        0
1005
3FA
  0
TEXT
  5
3FB
330
3F3
100
AcDbEntity
  8
承载力标识
 62
     3
100
AcDbText
 10
-4.113937341132157
 20
0.1475626025151087
 30
0.0
 40
3.0
  1
C
 41
0.7
  7
宋体
100
AcDbText
1001
AcDbBlockRepETag
1070
     1
1071
        6
1005
3FB
1001
ACAD
1000
ACAD_MTEXT_DEFINED_HEIGHT_BEGIN
1070
    46
1040
8.279471157969222
1000
ACAD_MTEXT_DEFINED_HEIGHT_END
  0
TEXT
  5
3FC
330
3F3
100
AcDbEntity
  8
承载力标识
 62
     3
100
AcDbText
 10
-2.513111725235545
 20
-0.6423520174628266
 30
0.0
 40
1.8
  1
1
 41
0.7
  7
宋体
100
AcDbText
1001
AcDbBlockRepETag
1070
     1
1071
        7
1005
3FC
1001
ACAD
1000
ACAD_MTEXT_DEFINED_HEIGHT_BEGIN
1070
    46
1040
8.279471157969222
1000
ACAD_MTEXT_DEFINED_HEIGHT_END
  0
TEXT
  5
3FD
330
3F3
100
AcDbEntity
  8
承载力标识
 62
     3
100
AcDbText
 10
-1.230562355777407
 20
-0.2881887216260566
 30
0.0
 40
3.0
  1
ds
 41
0.7
  7
宋体
100
AcDbText
1001
AcDbBlockRepETag
1070
     1
1071
        8
1005
3FD
1001
ACAD
1000
ACAD_MTEXT_DEFINED_HEIGHT_BEGIN
1070
    46
1040
8.279471157969222
1000
ACAD_MTEXT_DEFINED_HEIGHT_END
  0
ENDBLK
  5
3FE
330
3F3
100
AcDbEntity
  8
0
100
AcDbBlockEnd
  0
BLOCK
  5
400
330
3FF
100
AcDbEntity
  8
0
100
AcDbBlockBegin
  2
711
 70
     0
 10
0.0
 20
0.0
 30
0.0
  3
711
  1

  0
TEXT
  5
401
330
3FF
100
AcDbEntity
  8
承载力标识
 62
     3
100
AcDbText
 10
2.004713553777007
 20
0.1877607359074318
 30
0.0
 40
2.999999999996998
  1
7-11
 41
0.75
  7
宋体
100
AcDbText
1001
AcDbBlockRepETag
1070
     1
1071
        0
1005
401
  0
TEXT
  5
402
330
3FF
100
AcDbEntity
  8
承载力标识
 62
     1
100
AcDbText
 10
7.715905125840407
 20
-0.5074066662036785
 30
0.0
 40
4.499999999995499
  1
σ
 41
0.75
  7
宋体
100
AcDbText
1001
AcDbBlockRepETag
1070
     1
1071
        1
1005
402
  0
TEXT
  5
403
330
3FF
100
AcDbEntity
  8
承载力标识
 62
     1
100
AcDbText
 10
10.99590819438705
 20
-0.5074066662036785
 30
0.0
 40
1.8
  1
0 
 41
0.75
  7
宋体
100
AcDbText
1001
AcDbBlockRepETag
1070
     1
1071
        2
1005
403
  0
TEXT
  5
404
330
3FF
100
AcDbEntity
  8
承载力标识
 62
     1
100
AcDbText
 10
12.07536130878904
 20
0.2442870921840949
 30
0.0
 40
2.999999999996998
  1
=200
 41
0.75
  7
宋体
100
AcDbText
1001
AcDbBlockRepETag
1070
     1
1071
        3
1005
404
  0
TEXT
  5
405
330
3FF
100
AcDbEntity
  8
承载力标识
 62
     1
100
AcDbText
 10
19.85477756978795
 20
0.1877607359074318
 30
0.0
 40
2.999999999996998
  1
W
 41
0.75
  7
宋体
100
AcDbText
1001
AcDbBlockRepETag
1070
     1
1071
        4
1005
405
  0
TEXT
  5
406
330
3FF
100
AcDbEntity
  8
承载力标识
 62
     1
100
AcDbText
 10
21.63134966294453
 20
0.1877607359074318
 30
0.0
 40
1.799999999998199
  1
4
 41
0.75
  7
宋体
100
AcDbText
1001
AcDbBlockRepETag
1070
     1
1071
        5
1005
406
  0
TEXT
  5
407
330
3FF
100
AcDbEntity
  8
承载力标识
 62
     3
100
AcDbText
 10
-4.095643338434483
 20
0.2485084722484316
 30
0.0
 40
3.0
  1
C
 41
0.7
  7
宋体
100
AcDbText
1001
AcDbBlockRepETag
1070
     1
1071
        6
1005
407
1001
ACAD
1000
ACAD_MTEXT_DEFINED_HEIGHT_BEGIN
1070
    46
1040
8.279471157969222
1000
ACAD_MTEXT_DEFINED_HEIGHT_END
  0
TEXT
  5
408
330
3FF
100
AcDbEntity
  8
承载力标识
 62
     3
100
AcDbText
 10
-2.494817722537873
 20
-0.5414061477295036
 30
0.0
 40
1.8
  1
1
 41
0.7
  7
宋体
100
AcDbText
1001
AcDbBlockRepETag
1070
     1
1071
        7
1005
408
1001
ACAD
1000
ACAD_MTEXT_DEFINED_HEIGHT_BEGIN
1070
    46
1040
8.279471157969222
1000
ACAD_MTEXT_DEFINED_HEIGHT_END
  0
TEXT
  5
409
330
3FF
100
AcDbEntity
  8
承载力标识
 62
     3
100
AcDbText
 10
-1.212268353079735
 20
-0.1872428518927336
 30
0.0
 40
3.0
  1
dc
 41
0.7
  7
宋体
100
AcDbText
1001
AcDbBlockRepETag
1070
     1
1071
        8
1005
409
1001
ACAD
1000
ACAD_MTEXT_DEFINED_HEIGHT_BEGIN
1070
    46
1040
8.279471157969222
1000
ACAD_MTEXT_DEFINED_HEIGHT_END
  0
ENDBLK
  5
40A
330
3FF
100
AcDbEntity
  8
0
100
AcDbBlockEnd
  0
BLOCK
  5
40C
330
40B
100
AcDbEntity
  8
0
100
AcDbBlockBegin
  2
712
 70
     0
 10
0.0
 20
0.0
 30
0.0
  3
712
  1

  0
TEXT
  5
40D
330
40B
100
AcDbEntity
  8
承载力标识
 62
     3
100
AcDbText
 10
2.101916534673335
 20
0.1744151728817087
 30
0.0
 40
2.999999999996998
  1
7-12
 41
0.75
  7
宋体
100
AcDbText
1001
AcDbBlockRepETag
1070
     1
1071
        0
1005
40D
  0
TEXT
  5
40E
330
40B
100
AcDbEntity
  8
承载力标识
 62
     1
100
AcDbText
 10
7.813108106736733
 20
-0.5207522292294016
 30
0.0
 40
4.499999999995499
  1
σ
 41
0.75
  7
宋体
100
AcDbText
1001
AcDbBlockRepETag
1070
     1
1071
        1
1005
40E
  0
TEXT
  5
40F
330
40B
100
AcDbEntity
  8
承载力标识
 62
     1
100
AcDbText
 10
11.09311117528338
 20
-0.5207522292294016
 30
0.0
 40
1.8
  1
0 
 41
0.75
  7
宋体
100
AcDbText
1001
AcDbBlockRepETag
1070
     1
1071
        2
1005
40F
  0
TEXT
  5
410
330
40B
100
AcDbEntity
  8
承载力标识
 62
     1
100
AcDbText
 10
12.17256428968537
 20
0.2309415291583718
 30
0.0
 40
2.999999999996998
  1
=300
 41
0.75
  7
宋体
100
AcDbText
1001
AcDbBlockRepETag
1070
     1
1071
        3
1005
410
  0
TEXT
  5
411
330
40B
100
AcDbEntity
  8
承载力标识
 62
     1
100
AcDbText
 10
19.95198055068428
 20
0.1744151728817087
 30
0.0
 40
2.999999999996998
  1
W
 41
0.75
  7
宋体
100
AcDbText
1001
AcDbBlockRepETag
1070
     1
1071
        4
1005
411
  0
TEXT
  5
412
330
40B
100
AcDbEntity
  8
承载力标识
 62
     1
100
AcDbText
 10
21.72855264384086
 20
0.1744151728817087
 30
0.0
 40
1.799999999998199
  1
3
 41
0.75
  7
宋体
100
AcDbText
1001
AcDbBlockRepETag
1070
     1
1071
        5
1005
412
  0
TEXT
  5
413
330
40B
100
AcDbEntity
  8
承载力标识
 62
     3
100
AcDbText
 10
-3.998440357538156
 20
0.2351629092227085
 30
0.0
 40
3.0
  1
C
 41
0.7
  7
宋体
100
AcDbText
1001
AcDbBlockRepETag
1070
     1
1071
        6
1005
413
1001
ACAD
1000
ACAD_MTEXT_DEFINED_HEIGHT_BEGIN
1070
    46
1040
8.279471157969222
1000
ACAD_MTEXT_DEFINED_HEIGHT_END
  0
TEXT
  5
414
330
40B
100
AcDbEntity
  8
承载力标识
 62
     3
100
AcDbText
 10
-2.397614741641546
 20
-0.5547517107552267
 30
0.0
 40
1.8
  1
1
 41
0.7
  7
宋体
100
AcDbText
1001
AcDbBlockRepETag
1070
     1
1071
        7
1005
414
1001
ACAD
1000
ACAD_MTEXT_DEFINED_HEIGHT_BEGIN
1070
    46
1040
8.279471157969222
1000
ACAD_MTEXT_DEFINED_HEIGHT_END
  0
TEXT
  5
415
330
40B
100
AcDbEntity
  8
承载力标识
 62
     3
100
AcDbText
 10
-1.115065372183408
 20
-0.2005884149184567
 30
0.0
 40
3.0
  1
dc
 41
0.7
  7
宋体
100
AcDbText
1001
AcDbBlockRepETag
1070
     1
1071
        8
1005
415
1001
ACAD
1000
ACAD_MTEXT_DEFINED_HEIGHT_BEGIN
1070
    46
1040
8.279471157969222
1000
ACAD_MTEXT_DEFINED_HEIGHT_END
  0
ENDBLK
  5
416
330
40B
100
AcDbEntity
  8
0
100
AcDbBlockEnd
  0
BLOCK
  5
5C8
330
5C7
100
AcDbEntity
  8
0
100
AcDbBlockBegin
  2
04
 70
     0
 10
0.0
 20
0.0
 30
0.0
  3
04
  1

  0
TEXT
  5
5CA
330
5C7
100
AcDbEntity
  8
Gicad_pou_texts
 62
     6
100
AcDbText
 10
-0.8255837019366936
 20
-1.447308022434867
 30
0.0
 40
3.0
  1
0-4
 41
0.7
  7
LZ_FONT
100
AcDbText
1001
AcDbBlockRepETag
1070
     1
1071
        6
1005
5CA
  0
ENDBLK
  5
5C9
330
5C7
100
AcDbEntity
  8
0
100
AcDbBlockEnd
  0
BLOCK
  5
5CD
330
5CC
100
AcDbEntity
  8
0
100
AcDbBlockBegin
  2
05
 70
     0
 10
0.0
 20
0.0
 30
0.0
  3
05
  1

  0
TEXT
  5
5CF
330
5CC
100
AcDbEntity
  8
Gicad_pou_texts
 62
     6
100
AcDbText
 10
-0.8150093212218507
 20
-1.548705753434319
 30
0.0
 40
3.0
  1
0-5
 41
0.7
  7
LZ_FONT
100
AcDbText
1001
AcDbBlockRepETag
1070
     1
1071
        6
1005
5CF
  0
ENDBLK
  5
5CE
330
5CC
100
AcDbEntity
  8
0
100
AcDbBlockEnd
  0
BLOCK
  5
5D2
330
5D1
100
AcDbEntity
  8
0
100
AcDbBlockBegin
  2
06
 70
     0
 10
0.0
 20
0.0
 30
0.0
  3
06
  1

  0
TEXT
  5
5D4
330
5D1
100
AcDbEntity
  8
Gicad_pou_texts
 62
     6
100
AcDbText
 10
-0.7421748922349707
 20
-1.534844751291643
 30
0.0
 40
3.0
  1
0-6
 41
0.7
  7
LZ_FONT
100
AcDbText
1001
AcDbBlockRepETag
1070
     1
1071
        6
1005
5D4
  0
ENDBLK
  5
5D3
330
5D1
100
AcDbEntity
  8
0
100
AcDbBlockEnd
  0
ENDSEC
  0
SECTION
  2
ENTITIES
  0
INSERT
  5
495
330
1F
100
AcDbEntity
  8
承载力标识
 62
     3
100
AcDbBlockReference
  2
11
 10
1828.900475246769
 20
944.170855593652
 30
0.0
  0
INSERT
  5
497
330
1F
100
AcDbEntity
  8
承载力标识
 62
     3
100
AcDbBlockReference
  2
221
 10
1831.814577633495
 20
925.3806079507928
 30
0.0
  0
INSERT
  5
498
330
1F
100
AcDbEntity
  8
承载力标识
 62
     3
100
AcDbBlockReference
  2
222
 10
1832.143927065228
 20
919.7353421289808
 30
0.0
  0
INSERT
  5
499
330
1F
100
AcDbEntity
  8
承载力标识
 62
     3
100
AcDbBlockReference
  2
223
 10
1832.143927065228
 20
913.4040830220255
 30
0.0
  0
INSERT
  5
49A
330
1F
100
AcDbEntity
  8
承载力标识
 62
     3
100
AcDbBlockReference
  2
231
 10
1831.252425120225
 20
907.4451337418905
 30
0.0
  0
INSERT
  5
49B
330
1F
100
AcDbEntity
  8
承载力标识
 62
     3
100
AcDbBlockReference
  2
232
 10
1831.655296425872
 20
894.9711812759813
 30
0.0
  0
INSERT
  5
49C
330
1F
100
AcDbEntity
  8
承载力标识
 62
     3
100
AcDbBlockReference
  2
233
 10
1832.143927065228
 20
889.5602045122686
 30
0.0
  0
INSERT
  5
49D
330
1F
100
AcDbEntity
  8
承载力标识
 62
     3
100
AcDbBlockReference
  2
271
 10
1832.143927065228
 20
883.1574352975222
 30
0.0
  0
INSERT
  5
49E
330
1F
100
AcDbEntity
  8
承载力标识
 62
     3
100
AcDbBlockReference
  2
272
 10
1832.143927065228
 20
877.2607149779178
 30
0.0
  0
INSERT
  5
49F
330
1F
100
AcDbEntity
  8
承载力标识
 62
     3
100
AcDbBlockReference
  2
273
 10
1832.143927065228
 20
871.4258614277351
 30
0.0
  0
INSERT
  5
4A0
102
{ACAD_XDICTIONARY
360
4A1
102
}
330
1F
100
AcDbEntity
  8
承载力标识
 62
     3
100
AcDbBlockReference
  2
281
 10
1832.143927065228
 20
865.022050913536
 30
0.0
  0
INSERT
  5
4A2
330
1F
100
AcDbEntity
  8
承载力标识
 62
     3
100
AcDbBlockReference
  2
282
 10
1832.143927065228
 20
859.6404795407798
 30
0.0
  0
INSERT
  5
4A3
330
1F
100
AcDbEntity
  8
承载力标识
 62
     3
100
AcDbBlockReference
  2
283
 10
1832.143927065228
 20
853.4856075056667
 30
0.0
  0
INSERT
  5
4A4
102
{ACAD_XDICTIONARY
360
4A5
102
}
330
1F
100
AcDbEntity
  8
承载力标识
 62
     3
100
AcDbBlockReference
  2
284
 10
1831.72182519115
 20
847.0658619937042
 30
0.0
  0
INSERT
  5
4A6
330
1F
100
AcDbEntity
  8
承载力标识
 62
     3
100
AcDbBlockReference
  2
291
 10
1832.143927065228
 20
841.313179141005
 30
0.0
  0
INSERT
  5
4A7
330
1F
100
AcDbEntity
  8
承载力标识
 62
     3
100
AcDbBlockReference
  2
292
 10
1831.643816183116
 20
835.1503762910112
 30
0.0
  0
INSERT
  5
4A8
330
1F
100
AcDbEntity
  8
承载力标识
 62
     3
100
AcDbBlockReference
  2
293
 10
1831.714335342243
 20
829.150623091383
 30
0.0
  0
INSERT
  5
4A9
330
1F
100
AcDbEntity
  8
承载力标识
 62
     3
100
AcDbBlockReference
  2
294
 10
1832.143927065228
 20
823.185219674826
 30
0.0
  0
INSERT
  5
4AA
330
1F
100
AcDbEntity
  8
承载力标识
 62
     3
100
AcDbBlockReference
  2
2101
 10
1832.101767580328
 20
817.2159678234914
 30
0.0
  0
INSERT
  5
4AB
330
1F
100
AcDbEntity
  8
承载力标识
 62
     3
100
AcDbBlockReference
  2
2102
 10
1831.420707980875
 20
810.9631032169055
 30
0.0
  0
INSERT
  5
4AC
330
1F
100
AcDbEntity
  8
承载力标识
 62
     3
100
AcDbBlockReference
  2
2103
 10
1831.525056389149
 20
805.1903233950579
 30
0.0
  0
INSERT
  5
4AD
330
1F
100
AcDbEntity
  8
承载力标识
 62
     3
100
AcDbBlockReference
  2
2104
 10
1832.143927065228
 20
799.0936929918242
 30
0.0
  0
INSERT
  5
4AE
330
1F
100
AcDbEntity
  8
承载力标识
 62
     3
100
AcDbBlockReference
  2
2111
 10
1832.143927065228
 20
793.3955439497077
 30
0.0
  0
INSERT
  5
4AF
330
1F
100
AcDbEntity
  8
承载力标识
 62
     3
100
AcDbBlockReference
  2
2112
 10
1831.552318399157
 20
787.2021154574849
 30
0.0
  0
INSERT
  5
4B0
330
1F
100
AcDbEntity
  8
0
100
AcDbBlockReference
  2
213
 10
1853.596098413802
 20
932.0233773693981
 30
0.0
  0
INSERT
  5
4B1
330
1F
100
AcDbEntity
  8
0
100
AcDbBlockReference
  2
01
 10
1827.022752979384
 20
961.4032224214732
 30
0.0
 41
0.75
 42
0.75
 43
0.75
  0
INSERT
  5
4B2
330
1F
100
AcDbEntity
  8
0
100
AcDbBlockReference
  2
02
 10
1827.083766670515
 20
955.9741780188746
 30
0.0
 41
0.75
 42
0.75
 43
0.75
  0
INSERT
  5
4B3
330
1F
100
AcDbEntity
  8
0
100
AcDbBlockReference
  2
03
 10
1827.022503245486
 20
951.1982609513042
 30
0.0
 41
0.75
 42
0.75
 43
0.75
  0
INSERT
  5
4B4
330
1F
100
AcDbEntity
  8
0
100
AcDbBlockReference
  2
232(el+dl)
 10
1832.143927065228
 20
901.4196092078636
 30
0.0
  0
TEXT
  5
4B5
330
1F
100
AcDbEntity
  8
Gicad_pou_texts
 62
     3
100
AcDbText
 10
1939.547804407974
 20
1207.631136066584
 30
0.0
 40
3.5
  1
=500
 41
0.7
  7
LZ_FONT
100
AcDbText
  0
TEXT
  5
4B6
330
1F
100
AcDbEntity
  8
Gicad_pou_texts
 62
     3
100
AcDbText
 10
1935.591420024385
 20
1207.76455146292
 30
0.0
 40
4.0
  1
σ
 41
0.7
  7
LZ_FONT
100
AcDbText
  0
TEXT
  5
4B7
330
1F
100
AcDbEntity
  8
Gicad_pou_texts
 62
     3
100
AcDbText
 10
1937.924753357721
 20
1207.222773408813
 30
0.0
 40
2.0
  1
0 
 41
0.7
  7
LZ_FONT
100
AcDbText
  0
TEXT
  5
4B8
330
1F
100
AcDbEntity
  8
纵断面_白色
100
AcDbText
 10
1845.050995081012
 20
1191.39648180339
 30
0.0
 40
5.0
  1
土石分界线0.3黄色
 41
0.75
  7
bttxt
100
AcDbText
  0
TEXT
  5
4B9
330
1F
100
AcDbEntity
  8
纵断面_白色
100
AcDbText
 10
1845.857788237978
 20
1173.263114274755
 30
0.0
 40
5.0
  1
土土或石石0.2红色
 41
0.75
  7
bttxt
100
AcDbText
  0
TEXT
  5
4BA
330
1F
100
AcDbEntity
  8
纵断面_白色
100
AcDbText
 10
1845.704298720172
 20
1156.683900152546
 30
0.0
 40
5.0
  1
风化线0.2青色
 41
0.75
  7
bttxt
100
AcDbText
  0
TEXT
  5
4BB
330
1F
100
AcDbEntity
  8
纵断面_白色
100
AcDbText
 10
1843.638790259235
 20
1141.721536788238
 30
0.0
 40
5.0
  1
承载力分界线0.2品红
 41
0.75
  7
bttxt
100
AcDbText
  0
TEXT
  5
4BC
330
1F
100
AcDbEntity
  8
GiCAD_PouMian
 62
     1
100
AcDbText
 10
1841.274979686482
 20
1207.811646006351
 30
0.0
 40
3.0
  1
Ssi
 41
0.7
  7
LZ_FONT
100
AcDbText
  0
TEXT
  5
4BD
330
1F
100
AcDbEntity
  8
纵断面_白色
100
AcDbText
 10
1844.783616955247
 20
1123.411837715145
 30
0.0
 40
5.0
  1
地面线线0.5绿色
 41
0.75
  7
bttxt
100
AcDbText
  0
TEXT
  5
4BE
330
1F
100
AcDbEntity
  8
纵断面_白色
100
AcDbText
 10
1845.921797256499
 20
1217.07022136124
 30
0.0
 40
5.0
  1
承载力时代风化符号等
 41
0.75
  7
bttxt
100
AcDbText
  0
LINE
  5
4BF
330
1F
100
AcDbEntity
  8
0
 62
     5
100
AcDbLine
 10
1833.935772325559
 20
1227.794239932125
 30
0.0
 11
1953.363944983854
 21
1227.794239932125
 31
0.0
  0
LINE
  5
4C0
330
1F
100
AcDbEntity
  8
0
 62
     5
100
AcDbLine
 10
1953.363944983854
 20
1113.493675727588
 30
0.0
 11
1833.935772325559
 21
1113.493675727588
 31
0.0
  0
LINE
  5
4C1
330
1F
100
AcDbEntity
  8
0
 62
     5
100
AcDbLine
 10
1833.935772325559
 20
1113.493675727588
 30
0.0
 11
1833.935772325559
 21
1227.794239932125
 31
0.0
  0
TEXT
  5
4C2
330
1F
100
AcDbEntity
  8
Gicad_pou_texts
 62
     3
100
AcDbText
 10
1928.738764733233
 20
1207.059695390373
 30
0.0
 40
4.0
  1
W
 41
0.7
  7
LZ_FONT
100
AcDbText
  0
TEXT
  5
4C3
330
1F
100
AcDbEntity
  8
Gicad_pou_texts
 62
     3
100
AcDbText
 10
1931.272826863666
 20
1206.919822069127
 30
0.0
 40
2.0
  1
3
 41
0.7
  7
LZ_FONT
100
AcDbText
  0
LWPOLYLINE
  5
4C4
330
1F
100
AcDbEntity
  8
GiCAD_DiMianXian
 62
     3
100
AcDbPolyline
 90
        2
 70
     0
 43
0.5
 10
1884.443997595073
 20
1125.505944294552
 10
1936.959555615652
 20
1125.505944294552
  0
LWPOLYLINE
  5
4C5
330
1F
100
AcDbEntity
  8
GiCAD_PouXian
  6
ACAD_ISO05W100
 62
     6
 48
0.25
100
AcDbPolyline
 90
        2
 70
     0
 43
0.2
 10
1884.443997595073
 20
1144.323218591022
 10
1936.959555615652
 20
1144.323218591022
  0
LWPOLYLINE
  5
4C6
330
1F
100
AcDbEntity
  8
GiCAD_PouXian
  6
ACAD_ISO11W100
 62
     4
 48
0.5
100
AcDbPolyline
 90
        2
 70
   128
 43
0.2
 10
1884.443997595073
 20
1157.792422739885
 10
1936.959555615652
 20
1157.792422739885
  0
LWPOLYLINE
  5
4C7
330
1F
100
AcDbEntity
  8
GiCAD_PouXian
 62
     1
100
AcDbPolyline
 90
        2
 70
     0
 43
0.2
 10
1884.443997595073
 20
1175.025081748042
 10
1936.959555615652
 20
1175.025081748042
  0
LWPOLYLINE
  5
4C8
330
1F
100
AcDbEntity
  8
GiCAD_PouXian
 62
     2
100
AcDbPolyline
 90
        2
 70
     0
 43
0.3
 10
1884.443997595073
 20
1193.446201463558
 10
1936.959555615652
 20
1193.446201463558
  0
TEXT
  5
4C9
330
1F
100
AcDbEntity
  8
GiCAD_PouMian
 62
     1
100
AcDbText
 10
1848.578521830152
 20
1207.590457902645
 30
0.0
 40
3.0
  1
Sf
 41
0.7
  7
LZ_FONT
100
AcDbText
  0
TEXT
  5
4CA
330
1F
100
AcDbEntity
  8
GiCAD_PouMian
 62
     1
100
AcDbText
 10
1854.886130393138
 20
1207.811646006351
 30
0.0
 40
3.0
  1
Sm
 41
0.7
  7
LZ_FONT
100
AcDbText
  0
TEXT
  5
4CB
330
1F
100
AcDbEntity
  8
GiCAD_PouMian
 62
     1
100
AcDbText
 10
1862.853626009674
 20
1207.811646006351
 30
0.0
 40
3.0
  1
Sco
 41
0.7
  7
LZ_FONT
100
AcDbText
  0
TEXT
  5
4CC
330
1F
100
AcDbEntity
  8
Gicad_pou_texts
 62
     4
100
AcDbText
 10
1871.79790077498
 20
1207.266387809436
 30
0.0
 40
4.0
  1
Q
 41
0.7
  7
时代岩性
100
AcDbText
1001
AcDbBlockRepETag
1070
     1
1071
        3
1005
0
  0
TEXT
  5
4CD
330
1F
100
AcDbEntity
  8
Gicad_pou_texts
 62
     4
100
AcDbText
 10
1874.126413177672
 20
1206.720503541914
 30
0.0
 40
2.0
  1
4
 41
0.7
  7
时代岩性
100
AcDbText
1001
AcDbBlockRepETag
1070
     1
1071
        4
1005
0
  0
TEXT
  5
4CE
330
1F
100
AcDbEntity
  8
Gicad_pou_texts
 62
     4
100
AcDbText
 10
1874.180441078347
 20
1209.978501010781
 30
0.0
 40
2.0
  1
al+pl
 41
0.7
  7
时代岩性
100
AcDbText
1001
AcDbBlockRepETag
1070
     1
1071
        5
1005
0
  0
TEXT
  5
4CF
330
1F
100
AcDbEntity
  8
Gicad_pou_texts
 62
     4
100
AcDbText
 10
1882.166263195074
 20
1207.266387809436
 30
0.0
 40
4.0
  1
Q
 41
0.7
  7
时代岩性
100
AcDbText
1001
AcDbBlockRepETag
1070
     1
1071
        3
1005
0
  0
TEXT
  5
4D0
330
1F
100
AcDbEntity
  8
Gicad_pou_texts
 62
     4
100
AcDbText
 10
1884.596206492803
 20
1206.62851212687
 30
0.0
 40
2.0
  1
3
 41
0.7
  7
时代岩性
100
AcDbText
1001
AcDbBlockRepETag
1070
     1
1071
        4
1005
0
  0
TEXT
  5
4D1
330
1F
100
AcDbEntity
  8
Gicad_pou_texts
 62
     4
100
AcDbText
 10
1884.650234393478
 20
1209.886509595738
 30
0.0
 40
2.0
  1
al+pl
 41
0.7
  7
时代岩性
100
AcDbText
1001
AcDbBlockRepETag
1070
     1
1071
        5
1005
0
  0
TEXT
  5
4D2
330
1F
100
AcDbEntity
  8
Gicad_pou_texts
 62
     4
100
AcDbText
 10
1896.746443349489
 20
1206.987792669534
 30
0.0
 40
4.0
  1
E
 41
0.7
  7
时代岩性
100
AcDbText
1001
AcDbBlockRepETag
1070
     1
1071
        3
1005
0
  0
TEXT
  5
4D3
330
1F
100
AcDbEntity
  8
Gicad_pou_texts
 62
     4
100
AcDbText
 10
1899.218037776226
 20
1206.696994708785
 30
0.0
 40
2.0
  1
2
 41
0.7
  7
时代岩性
100
AcDbText
1001
AcDbBlockRepETag
1070
     1
1071
        4
1005
0
  0
INSERT
  5
4D4
330
1F
100
AcDbEntity
  8
承载力标识
 62
     3
100
AcDbBlockReference
  2
12
 10
1828.861723770549
 20
938.1267277187436
 30
0.0
  0
LWPOLYLINE
  5
4D5
330
1F
100
AcDbEntity
  8
GiCAD_PouMian
  6
岩溶空洞
 62
     5
100
AcDbPolyline
 90
        7
 70
   128
 43
0.0
 10
1995.71839558528
 20
1159.105216719263
 10
1991.324707611639
 20
1158.937969213912
 10
1984.08401827523
 20
1158.006257427437
 10
1980.058696065344
 20
1155.701492384829
 10
1980.010043660026
 20
1151.009430288281
 10
1985.82898857056
 20
1147.965474774993
 10
1995.71839558528
 20
1143.505214430444
  0
INSERT
  5
4D6
330
1F
100
AcDbEntity
  8
GiCAD_PouMian
100
AcDbBlockReference
  2
212
 10
1853.993677485554
 20
938.8694458690297
 30
0.0
  0
LINE
  5
4D7
330
1F
100
AcDbEntity
  8
0
 62
     5
100
AcDbLine
 10
1953.363944983854
 20
1113.493675727588
 30
0.0
 11
1953.363944983854
 21
1227.794239932125
 31
0.0
  0
INSERT
  5
4D8
330
1F
100
AcDbEntity
  8
0
100
AcDbBlockReference
  2
722
 10
1896.451615330506
 20
929.87006065718
 30
0.0
  0
INSERT
  5
4D9
330
1F
100
AcDbEntity
  8
0
100
AcDbBlockReference
  2
723
 10
1896.451615330506
 20
924.740913852962
 30
0.0
  0
INSERT
  5
4DA
330
1F
100
AcDbEntity
  8
0
100
AcDbBlockReference
  2
721
 10
1896.451615330506
 20
935.092403762057
 30
0.0
  0
INSERT
  5
4DB
102
{ACAD_XDICTIONARY
360
4DC
102
}
330
1F
100
AcDbEntity
  8
承载力标识
 62
     3
100
AcDbBlockReference
  2
741
 10
1896.451615330506
 20
919.1744665541664
 30
0.0
  0
INSERT
  5
4DD
330
1F
100
AcDbEntity
  8
承载力标识
 62
     3
100
AcDbBlockReference
  2
742
 10
1896.451615330506
 20
914.5477014600764
 30
0.0
  0
INSERT
  5
4DE
330
1F
100
AcDbEntity
  8
承载力标识
 62
     3
100
AcDbBlockReference
  2
743
 10
1896.451615330506
 20
908.4858899039572
 30
0.0
  0
INSERT
  5
4DF
330
1F
100
AcDbEntity
  8
0
100
AcDbBlockReference
  2
751
 10
1896.451615330506
 20
903.0217163205817
 30
0.0
  0
INSERT
  5
4E0
330
1F
100
AcDbEntity
  8
0
100
AcDbBlockReference
  2
752
 10
1896.451615330506
 20
897.222561231938
 30
0.0
  0
INSERT
  5
4E1
330
1F
100
AcDbEntity
  8
0
100
AcDbBlockReference
  2
753
 10
1896.451615330506
 20
891.8535760003432
 30
0.0
  0
INSERT
  5
4E2
330
1F
100
AcDbEntity
  8
GiCAD_PouMian
100
AcDbBlockReference
  2
822
 10
1896.451615330506
 20
885.5131036569618
 30
0.0
  0
INSERT
  5
4E3
330
1F
100
AcDbEntity
  8
GiCAD_PouMian
100
AcDbBlockReference
  2
20260614.22151695
 10
1896.451615330506
 20
879.2761726978968
 30
0.0
  0
INSERT
  5
4E4
330
1F
100
AcDbEntity
  8
承载力标识
 62
     3
100
AcDbBlockReference
  2
831
 10
1896.451615330506
 20
873.5086866946586
 30
0.0
  0
INSERT
  5
4E5
330
1F
100
AcDbEntity
  8
承载力标识
 62
     3
100
AcDbBlockReference
  2
832
 10
1896.451615330506
 20
867.934701293332
 30
0.0
  0
INSERT
  5
4E6
330
1F
100
AcDbEntity
  8
承载力标识
 62
     3
100
AcDbBlockReference
  2
833
 10
1896.451615330506
 20
862.4258876553247
 30
0.0
  0
INSERT
  5
4E7
330
1F
100
AcDbEntity
  8
GiCAD_PouMian
100
AcDbBlockReference
  2
813
 10
1896.451615330506
 20
845.9420216676175
 30
0.0
  0
INSERT
  5
4E8
330
1F
100
AcDbEntity
  8
GiCAD_PouMian
100
AcDbBlockReference
  2
811
 10
1896.451615330506
 20
856.4098507777261
 30
0.0
  0
INSERT
  5
4E9
330
1F
100
AcDbEntity
  8
GiCAD_PouMian
100
AcDbBlockReference
  2
812
 10
1896.451615330506
 20
851.0947783735028
 30
0.0
  0
INSERT
  5
4EA
330
1F
100
AcDbEntity
  8
GiCAD_PouMian
100
AcDbBlockReference
  2
711
 10
1896.451615330506
 20
947.5531999440454
 30
0.0
  0
INSERT
  5
4EB
330
1F
100
AcDbEntity
  8
GiCAD_PouMian
100
AcDbBlockReference
  2
712
 10
1896.451615330506
 20
941.8974648463871
 30
0.0
  0
INSERT
  5
5CB
330
1F
100
AcDbEntity
  8
0
100
AcDbBlockReference
  2
04
 10
1841.032507885419
 20
959.6656143933811
 30
0.0
  0
INSERT
  5
5D0
330
1F
100
AcDbEntity
  8
0
100
AcDbBlockReference
  2
05
 10
1840.620220342732
 20
955.20552861738
 30
0.0
  0
INSERT
  5
5D5
330
1F
100
AcDbEntity
  8
0
100
AcDbBlockReference
  2
06
 10
1840.583904871679
 20
950.7396597946963
 30
0.0
  0
ENDSEC
  0
SECTION
  2
OBJECTS
  0
DICTIONARY
  5
C
330
0
100
AcDbDictionary
281
     1
  3
ACAD_COLOR
350
6B
  3
ACAD_GROUP
350
D
  3
ACAD_LAYOUT
350
1A
  3
ACAD_MATERIAL
350
6A
  3
ACAD_MLEADERSTYLE
350
12D
  3
ACAD_MLINESTYLE
350
17
  3
ACAD_PLOTSETTINGS
350
19
  3
ACAD_PLOTSTYLENAME
350
E
  3
ACAD_SCALELIST
350
10C
  3
ACAD_TABLESTYLE
350
7E
  3
ACAD_VISUALSTYLE
350
EF
  3
ACDB_RECOMPOSE_DATA
350
539
  3
AcDbVariableDictionary
350
5E
  0
DICTIONARY
  5
53A
330
8
100
AcDbDictionary
280
     1
281
     1
  0
DICTIONARY
  5
42F
330
2
100
AcDbDictionary
280
     1
281
     1
  3
ACAD_LAYERSTATES
360
430
  0
DICTIONARY
  5
13C
330
10
100
AcDbDictionary
280
     1
281
     1
  0
DICTIONARY
  5
41B
330
41A
100
AcDbDictionary
280
     1
281
     1
  0
DICTIONARY
  5
41D
330
41C
100
AcDbDictionary
280
     1
281
     1
  0
DICTIONARY
  5
41F
330
41E
100
AcDbDictionary
280
     1
281
     1
  0
DICTIONARY
  5
421
330
420
100
AcDbDictionary
280
     1
281
     1
  0
DICTIONARY
  5
423
330
422
100
AcDbDictionary
280
     1
281
     1
  0
DICTIONARY
  5
425
330
424
100
AcDbDictionary
280
     1
281
     1
  0
DICTIONARY
  5
1CE
330
1F
100
AcDbDictionary
280
     1
281
     1
  3
ACAD_SORTENTS
360
5C4
  0
DICTIONARY
  5
350
330
34F
100
AcDbDictionary
280
     1
281
     1
  3
ACAD_SORTENTS
360
351
  0
DICTIONARY
  5
35C
330
35B
100
AcDbDictionary
280
     1
281
     1
  3
AcDbBlockTableRecordData
360
5E8
  0
DICTIONARY
  5
368
330
367
100
AcDbDictionary
280
     1
281
     1
  3
AcDbBlockTableRecordData
360
5EA
  0
DICTIONARY
  5
375
330
374
100
AcDbDictionary
280
     1
281
     1
  3
AcDbBlockTableRecordData
360
5EC
  0
DICTIONARY
  5
382
330
381
100
AcDbDictionary
280
     1
281
     1
  3
AcDbBlockTableRecordData
360
5EE
  0
DICTIONARY
  5
38F
330
38E
100
AcDbDictionary
280
     1
281
     1
  3
AcDbBlockTableRecordData
360
5F0
  0
DICTIONARY
  5
39C
330
39B
100
AcDbDictionary
280
     1
281
     1
  3
AcDbBlockTableRecordData
360
5F2
  0
DICTIONARY
  5
3A9
330
3A8
100
AcDbDictionary
280
     1
281
     1
  3
AcDbBlockTableRecordData
360
5F4
  0
DICTIONARY
  5
4A1
330
4A0
100
AcDbDictionary
280
     1
281
     1
  0
DICTIONARY
  5
4A5
330
4A4
100
AcDbDictionary
280
     1
281
     1
  0
DICTIONARY
  5
4DC
330
4DB
100
AcDbDictionary
280
     1
281
     1
  0
DICTIONARY
  5
6B
102
{ACAD_REACTORS
330
C
102
}
330
C
100
AcDbDictionary
281
     1
  0
DICTIONARY
  5
D
102
{ACAD_REACTORS
330
C
102
}
330
C
100
AcDbDictionary
281
     1
  0
DICTIONARY
  5
1A
102
{ACAD_REACTORS
330
C
102
}
330
C
100
AcDbDictionary
281
     1
  3
Model
350
22
  3
布局1
350
D3
  3
布局2
350
D7
  0
DICTIONARY
  5
6A
102
{ACAD_REACTORS
330
C
102
}
330
C
100
AcDbDictionary
281
     1
  3
ByBlock
350
ED
  3
ByLayer
350
EC
  3
Global
350
EE
  0
DICTIONARY
  5
12D
102
{ACAD_REACTORS
330
C
102
}
330
C
100
AcDbDictionary
281
     1
  3
Annotative
350
13B
  3
Standard
350
12E
  0
DICTIONARY
  5
17
102
{ACAD_REACTORS
330
C
102
}
330
C
100
AcDbDictionary
281
     1
  3
Standard
350
18
  0
DICTIONARY
  5
19
102
{ACAD_REACTORS
330
C
102
}
330
C
100
AcDbDictionary
281
     1
  0
ACDBDICTIONARYWDFLT
  5
E
102
{ACAD_REACTORS
330
C
102
}
330
C
100
AcDbDictionary
281
     1
  3
Normal
350
F
100
AcDbDictionaryWithDefault
340
F
  0
DICTIONARY
  5
10C
102
{ACAD_REACTORS
330
C
102
}
330
C
100
AcDbDictionary
281
     1
  3
A0
350
10D
  3
A1
350
1BE
  3
A2
350
1BF
  3
A3
350
1C0
  3
A4
350
1C1
  3
A5
350
1C2
  3
A6
350
1C3
  3
A7
350
1C4
  3
A8
350
1C5
  3
A9
350
1C6
  3
B0
350
1C7
  3
B1
350
1C8
  3
B2
350
1C9
  3
B3
350
1CA
  3
B4
350
1CB
  3
B5
350
1CC
  3
B6
350
1CD
  0
DICTIONARY
  5
7E
102
{ACAD_REACTORS
330
C
102
}
330
C
100
AcDbDictionary
281
     1
  3
Standard
350
7F
  0
DICTIONARY
  5
EF
102
{ACAD_REACTORS
330
C
102
}
330
C
100
AcDbDictionary
281
     1
  3
2dWireframe
350
F5
  3
3D Hidden
350
F7
  3
3dWireframe
350
F6
  3
Basic
350
F4
  3
Brighten
350
FB
  3
ColorChange
350
FF
  3
Conceptual
350
F8
  3
Dim
350
FA
  3
EdgeColorOff
350
1E6
  3
Facepattern
350
FE
  3
Flat
350
F0
  3
FlatWithEdges
350
F1
  3
Gouraud
350
F2
  3
GouraudWithEdges
350
F3
  3
JitterOff
350
1E4
  3
Linepattern
350
FD
  3
OverhangOff
350
1E5
  3
Realistic
350
F9
  3
Thicken
350
FC
  0
XRECORD
  5
539
102
{ACAD_REACTORS
330
C
102
}
330
C
100
AcDbXrecord
280
     1
 90
        1
330
7F
  0
DICTIONARY
  5
5E
102
{ACAD_REACTORS
330
C
102
}
330
C
100
AcDbDictionary
281
     1
  3
CANNOSCALE
350
146
  3
CMLEADERSTYLE
350
145
  3
CTABLESTYLE
350
84
  3
DIMASSOC
350
5F
  3
HIDETEXT
350
63
  3
LAYEREVAL
350
1AE
  3
LAYERNOTIFY
350
1AF
  3
LIGHTINGUNITS
350
577
  3
MSLTSCALE
350
576
  3
PSOLHEIGHT
350
5D7
  3
PSOLWIDTH
350
5D6
  3
XCLIPFRAME
350
57A
  0
DICTIONARY
  5
430
102
{ACAD_REACTORS
330
42F
102
}
330
42F
100
AcDbDictionary
281
     1
  0
SORTENTSTABLE
  5
5C4
102
{ACAD_REACTORS
330
1CE
102
}
330
1CE
100
AcDbSortentsTable
330
1F
331
4D5
  5
4D5
331
4C9
  5
4C9
331
4B8
  5
4B8
331
4A3
  5
4A3
331
49F
  5
49F
331
4D3
  5
4D3
331
4EA
  5
4EA
331
4DE
  5
4DE
331
4C7
  5
4C7
331
49D
  5
49D
331
4D1
  5
4D1
331
4E8
  5
4E8
331
4E6
  5
4E6
331
4C5
  5
4C5
331
49B
  5
49B
331
4E4
  5
4E4
331
4DA
  5
4DA
331
4C3
  5
4C3
331
4B6
  5
4B6
331
499
  5
499
331
4C1
  5
4C1
331
4E2
  5
4E2
331
4D8
  5
4D8
331
4B4
  5
4B4
331
4AF
  5
4AF
331
4E0
  5
4E0
331
4BF
  5
4BF
331
4B2
  5
4B2
331
4AD
  5
4AD
331
4CE
  5
4CE
331
4BD
  5
4BD
331
4B0
  5
4B0
331
4AB
  5
4AB
331
4CC
  5
4CC
331
4A9
  5
4A9
331
4A6
  5
4A6
331
4BB
  5
4BB
331
497
  5
497
331
4D6
  5
4D6
331
4CA
  5
4CA
331
4A4
  5
4A4
331
4B9
  5
4B9
331
495
  5
495
331
4D4
  5
4D4
331
4EB
  5
4EB
331
4C8
  5
4C8
331
4DF
  5
4DF
331
4A2
  5
4A2
331
49E
  5
49E
331
4D2
  5
4D2
331
4E9
  5
4E9
331
4C6
  5
4C6
331
4E7
  5
4E7
331
4DD
  5
4DD
331
4A0
  5
4A0
331
49C
  5
49C
331
4D0
  5
4D0
331
4E5
  5
4E5
331
4DB
  5
4DB
331
4C4
  5
4C4
331
4B7
  5
4B7
331
49A
  5
49A
331
4E3
  5
4E3
331
4D9
  5
4D9
331
4C2
  5
4C2
331
4B5
  5
4B5
331
498
  5
498
331
4C0
  5
4C0
331
4E1
  5
4E1
331
4B3
  5
4B3
331
4AE
  5
4AE
331
4CF
  5
4CF
331
4BE
  5
4BE
331
4B1
  5
4B1
331
4AC
  5
4AC
331
4CD
  5
4CD
331
4AA
  5
4AA
331
4BC
  5
4BC
331
4A7
  5
4A7
331
4D7
  5
4D7
331
4CB
  5
4CB
331
4BA
  5
4BA
331
4A8
  5
4A8
  0
SORTENTSTABLE
  5
351
102
{ACAD_REACTORS
330
350
102
}
330
350
100
AcDbSortentsTable
330
34F
  0
DICTIONARY
  5
5E8
102
{ACAD_REACTORS
330
35C
102
}
330
35C
100
AcDbDictionary
280
     1
281
     1
  3
Edit
360
5E9
  0
DICTIONARY
  5
5EA
102
{ACAD_REACTORS
330
368
102
}
330
368
100
AcDbDictionary
280
     1
281
     1
  3
Edit
360
5EB
  0
DICTIONARY
  5
5EC
102
{ACAD_REACTORS
330
375
102
}
330
375
100
AcDbDictionary
280
     1
281
     1
  3
Edit
360
5ED
  0
DICTIONARY
  5
5EE
102
{ACAD_REACTORS
330
382
102
}
330
382
100
AcDbDictionary
280
     1
281
     1
  3
Edit
360
5EF
  0
DICTIONARY
  5
5F0
102
{ACAD_REACTORS
330
38F
102
}
330
38F
100
AcDbDictionary
280
     1
281
     1
  3
Edit
360
5F1
  0
DICTIONARY
  5
5F2
102
{ACAD_REACTORS
330
39C
102
}
330
39C
100
AcDbDictionary
280
     1
281
     1
  3
Edit
360
5F3
  0
DICTIONARY
  5
5F4
102
{ACAD_REACTORS
330
3A9
102
}
330
3A9
100
AcDbDictionary
280
     1
281
     1
  3
Edit
360
5F5
  0
LAYOUT
  5
22
102
{ACAD_XDICTIONARY
360
536
102
}
102
{ACAD_REACTORS
330
1A
102
}
330
1A
100
AcDbPlotSettings
  1

  2
none_device
  4
ISO_A4_(210.00_x_297.00_MM)
  6

 40
7.5
 41
20.0
 42
7.5
 43
20.0
 44
210.0
 45
297.0
 46
11.54999923706054
 47
-13.65000009536743
 48
0.0
 49
0.0
140
0.0
141
0.0
142
1.0
143
8.704084754739808
 70
 11952
 72
     1
 73
     0
 74
     0
  7

 75
     0
147
0.1148885871608098
 76
     0
 77
     2
 78
   300
148
0.0
149
0.0
100
AcDbLayout
  1
Model
 70
     1
 71
     0
 10
0.0
 20
0.0
 11
12.0
 21
9.0
 12
0.0
 22
0.0
 32
0.0
 14
0.0
 24
0.0
 34
0.0
 15
0.0
 25
0.0
 35
0.0
146
0.0
 13
0.0
 23
0.0
 33
0.0
 16
1.0
 26
0.0
 36
0.0
 17
0.0
 27
1.0
 37
0.0
 76
     0
330
1F
331
EA
1001
ACAD_PSEXT
1000
None
1000
None
1000
Not applicable
1000
The layout will not be plotted unless a new plotter configuration name is selected.
1070
     0
  0
LAYOUT
  5
D3
102
{ACAD_REACTORS
330
1A
102
}
330
1A
100
AcDbPlotSettings
  1

  2
C:\Documents and Settings\basas\Application Data\Autodesk\AutoCAD 2005\R16.1\enu\plotters\Default Windows System Printer.pc3
  4

  6

 40
0.0
 41
0.0
 42
0.0
 43
0.0
 44
0.0
 45
0.0
 46
0.0
 47
0.0
 48
0.0
 49
0.0
140
0.0
141
0.0
142
1.0
143
1.0
 70
   688
 72
     0
 73
     0
 74
     5
  7

 75
    16
147
1.0
 76
     0
 77
     2
 78
   300
148
0.0
149
0.0
100
AcDbLayout
  1
布局1
 70
     1
 71
     1
 10
0.0
 20
0.0
 11
12.0
 21
9.0
 12
0.0
 22
0.0
 32
0.0
 14
0.0
 24
0.0
 34
0.0
 15
0.0
 25
0.0
 35
0.0
146
0.0
 13
0.0
 23
0.0
 33
0.0
 16
1.0
 26
0.0
 36
0.0
 17
0.0
 27
1.0
 37
0.0
 76
     0
330
D2
  0
LAYOUT
  5
D7
102
{ACAD_REACTORS
330
1A
102
}
330
1A
100
AcDbPlotSettings
  1

  2
C:\Documents and Settings\basas\Application Data\Autodesk\AutoCAD 2005\R16.1\enu\plotters\Default Windows System Printer.pc3
  4

  6

 40
0.0
 41
0.0
 42
0.0
 43
0.0
 44
0.0
 45
0.0
 46
0.0
 47
0.0
 48
0.0
 49
0.0
140
0.0
141
0.0
142
1.0
143
1.0
 70
   688
 72
     0
 73
     0
 74
     5
  7

 75
    16
147
1.0
 76
     0
 77
     2
 78
   300
148
0.0
149
0.0
100
AcDbLayout
  1
布局2
 70
     1
 71
     2
 10
0.0
 20
0.0
 11
12.0
 21
9.0
 12
0.0
 22
0.0
 32
0.0
 14
0.0
 24
0.0
 34
0.0
 15
0.0
 25
0.0
 35
0.0
146
0.0
 13
0.0
 23
0.0
 33
0.0
 16
1.0
 26
0.0
 36
0.0
 17
0.0
 27
1.0
 37
0.0
 76
     0
330
D6
  0
MATERIAL
  5
ED
102
{ACAD_XDICTIONARY
360
58B
102
}
102
{ACAD_REACTORS
330
6A
102
}
330
6A
100
AcDbMaterial
  1
ByBlock
 73
     2
 78
     2
172
     2
176
     2
270
     2
274
     2
  0
MATERIAL
  5
EC
102
{ACAD_XDICTIONARY
360
589
102
}
102
{ACAD_REACTORS
330
6A
102
}
330
6A
100
AcDbMaterial
  1
ByLayer
 73
     2
 78
     2
172
     2
176
     2
270
     2
274
     2
  0
MATERIAL
  5
EE
102
{ACAD_XDICTIONARY
360
173
102
}
102
{ACAD_REACTORS
330
6A
102
}
330
6A
100
AcDbMaterial
  1
Global
 73
     2
 43
0.0007999999797903
 43
0.0
 43
0.0
 43
0.0
 43
0.0
 43
0.0007999999797903
 43
0.0
 43
0.0
 43
0.0
 43
0.0
 43
1.0
 43
0.0
 43
0.0
 43
0.0
 43
0.0
 43
1.0
 78
     2
172
     2
 49
0.0007999999797903
 49
0.0
 49
0.0
 49
0.0
 49
0.0
 49
0.0007999999797903
 49
0.0
 49
0.0
 49
0.0
 49
0.0
 49
1.0
 49
0.0
 49
0.0
 49
0.0
 49
0.0
 49
1.0
176
     2
142
0.0007999999797903
142
0.0
142
0.0
142
0.0
142
0.0
142
0.0007999999797903
142
0.0
142
0.0
142
0.0
142
0.0
142
1.0
142
0.0
142
0.0
142
0.0
142
0.0
142
1.0
270
     2
144
0.0007999999797903
144
0.0
144
0.0
144
0.0
144
0.0
144
0.0007999999797903
144
0.0
144
0.0
144
0.0
144
0.0
144
1.0
144
0.0
144
0.0
144
0.0
144
0.0
144
1.0
274
     2
1001
ACAD
1070
    -1
1070
     3
1070
     0
1000

1071
        0
1070
     0
  0
ACAD_PROXY_OBJECT
  5
13B
102
{ACAD_REACTORS
330
12D
102
}
330
12D
100
AcDbProxyObject
 90
      499
 91
      508
 95
  6815769
 70
     0
 93
      744
310
40901902A40600000030400FEFFFFFF8000000000000008100000000000008101095374616E646172640000000000000004102405014068000000C1000000000000000410000000000000004102000000304015D980000000000000E4000
340
14
340
0
340
11
340
0
 94
        0
1001
ACAD_MLEADERVER
1070
     2
  0
ACAD_PROXY_OBJECT
  5
12E
102
{ACAD_REACTORS
330
12D
102
}
330
12D
100
AcDbProxyObject
 90
      499
 91
      508
 95
  6815769
 70
     0
 93
      744
310
40901902A40600000030400FEFFFFFF8000000000000008100000000000008101095374616E646172640000000000000004102405014068000000C1000000000000000410000000000000004102000000304015D900000000000000E4000
340
14
340
0
340
11
340
0
 94
        0
1001
ACAD_MLEADERVER
1070
     2
  0
MLINESTYLE
  5
18
102
{ACAD_REACTORS
330
17
102
}
330
17
100
AcDbMlineStyle
  2
STANDARD
 70
     0
  3

 62
   256
 51
90.0
 52
90.0
 71
     2
 49
0.5
 62
   256
  6
BYLAYER
 49
-0.5
 62
   256
  6
BYLAYER
  0
ACDBPLACEHOLDER
  5
F
102
{ACAD_REACTORS
330
E
102
}
330
E
  0
ACAD_PROXY_OBJECT
  5
10D
102
{ACAD_REACTORS
330
10C
102
}
330
10C
100
AcDbProxyObject
 90
      499
 91
      507
 95
  6815769
 70
     0
 93
       49
310
904313A31005CC
 94
        0
  0
ACAD_PROXY_OBJECT
  5
1BE
102
{ACAD_REACTORS
330
10C
102
}
330
10C
100
AcDbProxyObject
 90
      499
 91
      507
 95
  6815769
 70
     0
 93
      113
310
904313A3200400000000000000404C
 94
        0
  0
ACAD_PROXY_OBJECT
  5
1BF
102
{ACAD_REACTORS
330
10C
102
}
330
10C
100
AcDbProxyObject
 90
      499
 91
      507
 95
  6815769
 70
     0
 93
      113
310
904313A3400400000000000010404C
 94
        0
  0
ACAD_PROXY_OBJECT
  5
1C0
102
{ACAD_REACTORS
330
10C
102
}
330
10C
100
AcDbProxyObject
 90
      499
 91
      507
 95
  6815769
 70
     0
 93
      113
310
904313A3500400000000000014404C
 94
        0
  0
ACAD_PROXY_OBJECT
  5
1C1
102
{ACAD_REACTORS
330
10C
102
}
330
10C
100
AcDbProxyObject
 90
      499
 91
      507
 95
  6815769
 70
     0
 93
      113
310
904313A3800400000000000020404C
 94
        0
  0
ACAD_PROXY_OBJECT
  5
1C2
102
{ACAD_REACTORS
330
10C
102
}
330
10C
100
AcDbProxyObject
 90
      499
 91
      507
 95
  6815769
 70
     0
 93
      121
310
905313A313000400000000000024404C
 94
        0
  0
ACAD_PROXY_OBJECT
  5
1C3
102
{ACAD_REACTORS
330
10C
102
}
330
10C
100
AcDbProxyObject
 90
      499
 91
      507
 95
  6815769
 70
     0
 93
      121
310
905313A313600400000000000030404C
 94
        0
  0
ACAD_PROXY_OBJECT
  5
1C4
102
{ACAD_REACTORS
330
10C
102
}
330
10C
100
AcDbProxyObject
 90
      499
 91
      507
 95
  6815769
 70
     0
 93
      121
310
905313A323000400000000000034404C
 94
        0
  0
ACAD_PROXY_OBJECT
  5
1C5
102
{ACAD_REACTORS
330
10C
102
}
330
10C
100
AcDbProxyObject
 90
      499
 91
      507
 95
  6815769
 70
     0
 93
      121
310
905313A33300040000000000003E404C
 94
        0
  0
ACAD_PROXY_OBJECT
  5
1C6
102
{ACAD_REACTORS
330
10C
102
}
330
10C
100
AcDbProxyObject
 90
      499
 91
      507
 95
  6815769
 70
     0
 93
      121
310
905313A343000400000000000044404C
 94
        0
  0
ACAD_PROXY_OBJECT
  5
1C7
102
{ACAD_REACTORS
330
10C
102
}
330
10C
100
AcDbProxyObject
 90
      499
 91
      507
 95
  6815769
 70
     0
 93
      121
310
905313A353000400000000000049404C
 94
        0
  0
ACAD_PROXY_OBJECT
  5
1C8
102
{ACAD_REACTORS
330
10C
102
}
330
10C
100
AcDbProxyObject
 90
      499
 91
      507
 95
  6815769
 70
     0
 93
      129
310
906313A31303000400000000000059404C
 94
        0
  0
ACAD_PROXY_OBJECT
  5
1C9
102
{ACAD_REACTORS
330
10C
102
}
330
10C
100
AcDbProxyObject
 90
      499
 91
      507
 95
  6815769
 70
     0
 93
      113
310
904323A3100000000000000001014C
 94
        0
  0
ACAD_PROXY_OBJECT
  5
1CA
102
{ACAD_REACTORS
330
10C
102
}
330
10C
100
AcDbProxyObject
 90
      499
 91
      507
 95
  6815769
 70
     0
 93
      113
310
904343A3100000000000000041014C
 94
        0
  0
ACAD_PROXY_OBJECT
  5
1CB
102
{ACAD_REACTORS
330
10C
102
}
330
10C
100
AcDbProxyObject
 90
      499
 91
      507
 95
  6815769
 70
     0
 93
      113
310
904383A3100000000000000081014C
 94
        0
  0
ACAD_PROXY_OBJECT
  5
1CC
102
{ACAD_REACTORS
330
10C
102
}
330
10C
100
AcDbProxyObject
 90
      499
 91
      507
 95
  6815769
 70
     0
 93
      121
310
90531303A3100000000000000091014C
 94
        0
  0
ACAD_PROXY_OBJECT
  5
1CD
102
{ACAD_REACTORS
330
10C
102
}
330
10C
100
AcDbProxyObject
 90
      499
 91
      507
 95
  6815769
 70
     0
 93
      129
310
9063130303A3100000000000000165014C
 94
        0
  0
TABLESTYLE
  5
7F
102
{ACAD_XDICTIONARY
360
162
102
}
102
{ACAD_REACTORS
330
7E
102
}
330
7E
100
AcDbTableStyle
  3
Standard
 70
     0
 71
     0
 40
1.5
 41
1.5
280
     0
281
     0
  7
Standard
140
4.5
170
     2
 62
     0
 63
     7
283
     0
274
    -2
284
     1
 64
     0
275
    -2
285
     1
 65
     0
276
    -2
286
     1
 66
     0
277
    -2
287
     1
 67
     0
278
    -2
288
     1
 68
     0
279
    -2
289
     1
 69
     0
  7
Standard
140
6.0
170
     5
 62
     0
 63
     7
283
     0
274
    -2
284
     1
 64
     0
275
    -2
285
     1
 65
     0
276
    -2
286
     1
 66
     0
277
    -2
287
     1
 67
     0
278
    -2
288
     1
 68
     0
279
    -2
289
     1
 69
     0
  7
Standard
140
4.5
170
     5
 62
     0
 63
     7
283
     0
274
    -2
284
     1
 64
     0
275
    -2
285
     1
 65
     0
276
    -2
286
     1
 66
     0
277
    -2
287
     1
 67
     0
278
    -2
288
     1
 68
     0
279
    -2
289
     1
 69
     0
  0
VISUALSTYLE
  5
F5
102
{ACAD_XDICTIONARY
360
54C
102
}
102
{ACAD_REACTORS
330
EF
102
}
330
EF
100
AcDbVisualStyle
  2
2dWireframe
 70
     4
 71
     0
 72
     2
 73
     1
 90
        0
 40
-0.6
 41
-30.0
 62
     5
 63
     7
421
 16777215
 74
     1
 91
        4
 64
     7
 65
   257
 75
     1
175
     1
 42
1.0
 92
        0
 66
   257
 43
1.0
 76
     1
 77
     6
 78
     2
 67
     7
 79
     5
170
     0
171
     0
290
     0
174
     0
 93
        1
 44
0.0
173
     0
291
     0
 45
0.0
1001
ACAD
1000
AcDbSavedByObjectVersion
1070
     0
1000
AcDbSavedByObjectVersion
1070
     0
  0
VISUALSTYLE
  5
F7
102
{ACAD_XDICTIONARY
360
550
102
}
102
{ACAD_REACTORS
330
EF
102
}
330
EF
100
AcDbVisualStyle
  2
3D Hidden
 70
     6
 71
     1
 72
     2
 73
     2
 90
        0
 40
-0.6
 41
-30.0
 62
     5
 63
     7
421
 16777215
 74
     2
 91
        2
 64
     7
 65
   257
 75
     2
175
     1
 42
40.0
 92
        0
 66
   257
 43
1.0
 76
     1
 77
     6
 78
     2
 67
     7
 79
     3
170
     0
171
     0
290
     0
174
     0
 93
        1
 44
0.0
173
     0
291
     0
 45
0.0
1001
ACAD
1000
AcDbSavedByObjectVersion
1070
     0
1000
AcDbSavedByObjectVersion
1070
     0
  0
VISUALSTYLE
  5
F6
102
{ACAD_XDICTIONARY
360
54E
102
}
102
{ACAD_REACTORS
330
EF
102
}
330
EF
100
AcDbVisualStyle
  2
3dWireframe
 70
     5
 71
     0
 72
     2
 73
     1
 90
        0
 40
-0.6
 41
-30.0
 62
     5
 63
     7
421
 16777215
 74
     1
 91
        4
 64
     7
 65
   257
 75
     1
175
     1
 42
1.0
 92
        0
 66
   257
 43
1.0
 76
     1
 77
     6
 78
     2
 67
     7
 79
     5
170
     0
171
     0
290
     0
174
     0
 93
        1
 44
0.0
173
     0
291
     0
 45
0.0
1001
ACAD
1000
AcDbSavedByObjectVersion
1070
     0
1000
AcDbSavedByObjectVersion
1070
     0
  0
VISUALSTYLE
  5
F4
102
{ACAD_XDICTIONARY
360
54A
102
}
102
{ACAD_REACTORS
330
EF
102
}
330
EF
100
AcDbVisualStyle
  2
Basic
 70
     7
 71
     1
 72
     0
 73
     1
 90
        0
 40
-0.6
 41
-30.0
 62
     5
 63
     7
421
 16777215
 74
     0
 91
        4
 64
     7
 65
   257
 75
     1
175
     1
 42
1.0
 92
        8
 66
     7
 43
1.0
 76
     1
 77
     6
 78
     2
 67
     7
 79
     5
170
     0
171
     0
290
     0
174
     0
 93
        1
 44
0.0
173
     0
291
     1
 45
0.0
1001
ACAD
1000
AcDbSavedByObjectVersion
1070
     0
1000
AcDbSavedByObjectVersion
1070
     0
  0
VISUALSTYLE
  5
FB
102
{ACAD_XDICTIONARY
360
558
102
}
102
{ACAD_REACTORS
330
EF
102
}
330
EF
100
AcDbVisualStyle
  2
Brighten
 70
    12
 71
     2
 72
     2
 73
     1
 90
        0
 40
-0.6
 41
-30.0
 62
     5
 63
     7
421
 16777215
 74
     1
 91
        4
 64
     7
 65
   257
 75
     1
175
     1
 42
1.0
 92
        8
 66
     7
 43
1.0
 76
     1
 77
     6
 78
     2
 67
     7
 79
     5
170
     0
171
     0
290
     0
174
     0
 93
        1
 44
50.0
173
     0
291
     1
 45
0.0
1001
ACAD
1000
AcDbSavedByObjectVersion
1070
     0
1000
AcDbSavedByObjectVersion
1070
     0
  0
VISUALSTYLE
  5
FF
102
{ACAD_XDICTIONARY
360
560
102
}
102
{ACAD_REACTORS
330
EF
102
}
330
EF
100
AcDbVisualStyle
  2
ColorChange
 70
    16
 71
     2
 72
     2
 73
     3
 90
        0
 40
-0.6
 41
-30.0
 62
     5
 63
     8
421
  8421504
 74
     1
 91
        4
 64
     7
 65
   257
 75
     1
175
     1
 42
1.0
 92
        8
 66
     8
424
  8421504
 43
1.0
 76
     1
 77
     6
 78
     2
 67
     7
 79
     5
170
     0
171
     0
290
     0
174
     0
 93
        1
 44
0.0
173
     0
291
     1
 45
0.0
1001
ACAD
1000
AcDbSavedByObjectVersion
1070
     0
1000
AcDbSavedByObjectVersion
1070
     0
  0
VISUALSTYLE
  5
F8
102
{ACAD_XDICTIONARY
360
552
102
}
102
{ACAD_REACTORS
330
EF
102
}
330
EF
100
AcDbVisualStyle
  2
Conceptual
 70
     9
 71
     3
 72
     2
 73
     1
 90
        0
 40
-0.6
 41
-30.0
 62
     5
 63
     7
421
 16777215
 74
     2
 91
        2
 64
     7
 65
   257
 75
     1
175
     1
 42
40.0
 92
        8
 66
     7
 43
1.0
 76
     1
 77
     6
 78
     2
 67
     7
 79
     3
170
     0
171
     0
290
     0
174
     0
 93
        1
 44
0.0
173
     0
291
     0
 45
0.0
1001
ACAD
1000
AcDbSavedByObjectVersion
1070
     0
1000
AcDbSavedByObjectVersion
1070
     0
  0
VISUALSTYLE
  5
FA
102
{ACAD_XDICTIONARY
360
556
102
}
102
{ACAD_REACTORS
330
EF
102
}
330
EF
100
AcDbVisualStyle
  2
Dim
 70
    11
 71
     2
 72
     2
 73
     1
 90
        0
 40
-0.6
 41
-30.0
 62
     5
 63
     7
421
 16777215
 74
     1
 91
        4
 64
     7
 65
   257
 75
     1
175
     1
 42
1.0
 92
        8
 66
     7
 43
1.0
 76
     1
 77
     6
 78
     2
 67
     7
 79
     5
170
     0
171
     0
290
     0
174
     0
 93
        1
 44
-50.0
173
     0
291
     1
 45
0.0
1001
ACAD
1000
AcDbSavedByObjectVersion
1070
     0
1000
AcDbSavedByObjectVersion
1070
     0
  0
VISUALSTYLE
  5
1E6
102
{ACAD_XDICTIONARY
360
566
102
}
102
{ACAD_REACTORS
330
EF
102
}
330
EF
100
AcDbVisualStyle
  2
EdgeColorOff
 70
    22
 71
     2
 72
     2
 73
     0
 90
        0
 40
-0.6
 41
-30.0
 62
     5
 63
     7
421
 16777215
 74
     1
 91
        4
 64
     7
 65
   257
 75
     1
175
     1
 42
1.0
 92
        8
 66
     7
 43
1.0
 76
     1
 77
     6
 78
     2
 67
     7
 79
     5
170
     0
171
     0
290
     0
174
     0
 93
        1
 44
0.0
173
     0
291
     1
 45
0.0
1001
ACAD
1000
AcDbSavedByObjectVersion
1070
     0
1000
AcDbSavedByObjectVersion
1070
     0
  0
VISUALSTYLE
  5
FE
102
{ACAD_XDICTIONARY
360
55E
102
}
102
{ACAD_REACTORS
330
EF
102
}
330
EF
100
AcDbVisualStyle
  2
Facepattern
 70
    15
 71
     2
 72
     2
 73
     1
 90
        0
 40
-0.6
 41
-30.0
 62
     5
 63
     7
421
 16777215
 74
     1
 91
        4
 64
     7
 65
   257
 75
     1
175
     1
 42
1.0
 92
        8
 66
     7
 43
1.0
 76
     1
 77
     6
 78
     2
 67
     7
 79
     5
170
     0
171
     0
290
     0
174
     0
 93
        1
 44
0.0
173
     0
291
     1
 45
0.0
1001
ACAD
1000
AcDbSavedByObjectVersion
1070
     0
1000
AcDbSavedByObjectVersion
1070
     0
  0
VISUALSTYLE
  5
F0
102
{ACAD_XDICTIONARY
360
542
102
}
102
{ACAD_REACTORS
330
EF
102
}
330
EF
100
AcDbVisualStyle
  2
Flat
 70
     0
 71
     2
 72
     1
 73
     1
 90
        2
 40
-0.6
 41
30.0
 62
     5
 63
     7
421
 16777215
 74
     0
 91
        4
 64
     7
 65
   257
 75
     1
175
     1
 42
1.0
 92
        8
 66
     7
 43
1.0
 76
     1
 77
     6
 78
     2
 67
     7
 79
     5
170
     0
171
     0
290
     0
174
     0
 93
        1
 44
0.0
173
     0
291
     1
 45
0.0
1001
ACAD
1000
AcDbSavedByObjectVersion
1070
     0
1000
AcDbSavedByObjectVersion
1070
     0
  0
VISUALSTYLE
  5
F1
102
{ACAD_XDICTIONARY
360
544
102
}
102
{ACAD_REACTORS
330
EF
102
}
330
EF
100
AcDbVisualStyle
  2
FlatWithEdges
 70
     1
 71
     2
 72
     1
 73
     1
 90
        2
 40
-0.6
 41
30.0
 62
     5
 63
     7
421
 16777215
 74
     1
 91
        4
 64
     7
 65
   257
 75
     1
175
     1
 42
1.0
 92
        0
 66
   257
 43
1.0
 76
     1
 77
     6
 78
     2
 67
     7
 79
     5
170
     0
171
     0
290
     0
174
     0
 93
        1
 44
0.0
173
     0
291
     1
 45
0.0
1001
ACAD
1000
AcDbSavedByObjectVersion
1070
     0
1000
AcDbSavedByObjectVersion
1070
     0
  0
VISUALSTYLE
  5
F2
102
{ACAD_XDICTIONARY
360
546
102
}
102
{ACAD_REACTORS
330
EF
102
}
330
EF
100
AcDbVisualStyle
  2
Gouraud
 70
     2
 71
     2
 72
     2
 73
     1
 90
        2
 40
-0.6
 41
30.0
 62
     5
 63
     7
421
 16777215
 74
     0
 91
        4
 64
     7
 65
   257
 75
     1
175
     1
 42
1.0
 92
        0
 66
     7
 43
1.0
 76
     1
 77
     6
 78
     2
 67
     7
 79
     5
170
     0
171
     0
290
     0
174
     0
 93
        1
 44
0.0
173
     0
291
     1
 45
0.0
1001
ACAD
1000
AcDbSavedByObjectVersion
1070
     0
1000
AcDbSavedByObjectVersion
1070
     0
  0
VISUALSTYLE
  5
F3
102
{ACAD_XDICTIONARY
360
548
102
}
102
{ACAD_REACTORS
330
EF
102
}
330
EF
100
AcDbVisualStyle
  2
GouraudWithEdges
 70
     3
 71
     2
 72
     2
 73
     1
 90
        2
 40
-0.6
 41
30.0
 62
     5
 63
     7
421
 16777215
 74
     1
 91
        4
 64
     7
 65
   257
 75
     1
175
     1
 42
1.0
 92
        0
 66
   257
 43
1.0
 76
     1
 77
     6
 78
     2
 67
     7
 79
     5
170
     0
171
     0
290
     0
174
     0
 93
        1
 44
0.0
173
     0
291
     1
 45
0.0
1001
ACAD
1000
AcDbSavedByObjectVersion
1070
     0
1000
AcDbSavedByObjectVersion
1070
     0
  0
VISUALSTYLE
  5
1E4
102
{ACAD_XDICTIONARY
360
562
102
}
102
{ACAD_REACTORS
330
EF
102
}
330
EF
100
AcDbVisualStyle
  2
JitterOff
 70
    20
 71
     2
 72
     2
 73
     0
 90
        0
 40
-0.6
 41
-30.0
 62
     5
 63
     7
421
 16777215
 74
     1
 91
        4
 64
     7
 65
   257
 75
     1
175
     1
 42
1.0
 92
       10
 66
     7
 43
1.0
 76
     1
 77
     6
 78
     2
 67
     7
 79
     5
170
     0
171
     0
290
     0
174
     0
 93
        1
 44
0.0
173
     0
291
     1
 45
0.0
1001
ACAD
1000
AcDbSavedByObjectVersion
1070
     0
1000
AcDbSavedByObjectVersion
1070
     0
  0
VISUALSTYLE
  5
FD
102
{ACAD_XDICTIONARY
360
55C
102
}
102
{ACAD_REACTORS
330
EF
102
}
330
EF
100
AcDbVisualStyle
  2
Linepattern
 70
    14
 71
     2
 72
     2
 73
     1
 90
        0
 40
-0.6
 41
-30.0
 62
     5
 63
     7
421
 16777215
 74
     1
 91
        4
 64
     7
 65
   257
 75
     7
175
     7
 42
1.0
 92
        8
 66
     7
 43
1.0
 76
     1
 77
     6
 78
     2
 67
     7
 79
     5
170
     0
171
     0
290
     0
174
     0
 93
        1
 44
0.0
173
     0
291
     1
 45
0.0
1001
ACAD
1000
AcDbSavedByObjectVersion
1070
     0
1000
AcDbSavedByObjectVersion
1070
     0
  0
VISUALSTYLE
  5
1E5
102
{ACAD_XDICTIONARY
360
564
102
}
102
{ACAD_REACTORS
330
EF
102
}
330
EF
100
AcDbVisualStyle
  2
OverhangOff
 70
    21
 71
     2
 72
     2
 73
     0
 90
        0
 40
-0.6
 41
-30.0
 62
     5
 63
     7
421
 16777215
 74
     1
 91
        4
 64
     7
 65
   257
 75
     1
175
     1
 42
1.0
 92
        9
 66
     7
 43
1.0
 76
     1
 77
     6
 78
     2
 67
     7
 79
     5
170
     0
171
     0
290
     0
174
     0
 93
        1
 44
0.0
173
     0
291
     1
 45
0.0
1001
ACAD
1000
AcDbSavedByObjectVersion
1070
     0
1000
AcDbSavedByObjectVersion
1070
     0
  0
VISUALSTYLE
  5
F9
102
{ACAD_XDICTIONARY
360
554
102
}
102
{ACAD_REACTORS
330
EF
102
}
330
EF
100
AcDbVisualStyle
  2
Realistic
 70
     8
 71
     2
 72
     2
 73
     1
 90
        0
 40
-0.6
 41
-30.0
 62
     5
 63
     7
421
 16777215
 74
     1
 91
        0
 64
     7
 65
   257
 75
     1
175
     1
 42
1.0
 92
        8
 66
     8
424
  7895160
 43
1.0
 76
     1
 77
     6
 78
     2
 67
     7
 79
     5
170
     0
171
     0
290
     0
174
     0
 93
       13
 44
0.0
173
     0
291
     0
 45
0.0
1001
ACAD
1000
AcDbSavedByObjectVersion
1070
     0
1000
AcDbSavedByObjectVersion
1070
     0
  0
VISUALSTYLE
  5
FC
102
{ACAD_XDICTIONARY
360
55A
102
}
102
{ACAD_REACTORS
330
EF
102
}
330
EF
100
AcDbVisualStyle
  2
Thicken
 70
    13
 71
     2
 72
     2
 73
     1
 90
        0
 40
-0.6
 41
-30.0
 62
     5
 63
     7
421
 16777215
 74
     1
 91
        4
 64
     7
 65
   257
 75
     1
175
     1
 42
1.0
 92
       12
 66
     7
 43
1.0
 76
     1
 77
     6
 78
     2
 67
     7
 79
     5
170
     0
171
     0
290
     0
174
     0
 93
        1
 44
0.0
173
     0
291
     1
 45
0.0
1001
ACAD
1000
AcDbSavedByObjectVersion
1070
     0
1000
AcDbSavedByObjectVersion
1070
     0
  0
DICTIONARYVAR
  5
146
102
{ACAD_REACTORS
330
5E
102
}
330
5E
100
DictionaryVariables
280
     0
  1
1:1
  0
DICTIONARYVAR
  5
145
102
{ACAD_REACTORS
330
5E
102
}
330
5E
100
DictionaryVariables
280
     0
  1
STANDARD
  0
DICTIONARYVAR
  5
84
102
{ACAD_REACTORS
330
5E
102
}
330
5E
100
DictionaryVariables
280
     0
  1
STANDARD
  0
DICTIONARYVAR
  5
5F
102
{ACAD_REACTORS
330
5E
102
}
330
5E
100
DictionaryVariables
280
     0
  1
2
  0
DICTIONARYVAR
  5
63
102
{ACAD_REACTORS
330
5E
102
}
330
5E
100
DictionaryVariables
280
     0
  1
1
  0
DICTIONARYVAR
  5
1AE
102
{ACAD_REACTORS
330
5E
102
}
330
5E
100
DictionaryVariables
280
     0
  1
0
  0
DICTIONARYVAR
  5
1AF
102
{ACAD_REACTORS
330
5E
102
}
330
5E
100
DictionaryVariables
280
     0
  1
0
  0
DICTIONARYVAR
  5
577
102
{ACAD_REACTORS
330
5E
102
}
330
5E
100
DictionaryVariables
280
     0
  1
2
  0
DICTIONARYVAR
  5
576
102
{ACAD_REACTORS
330
5E
102
}
330
5E
100
DictionaryVariables
280
     0
  1
1
  0
DICTIONARYVAR
  5
5D7
102
{ACAD_REACTORS
330
5E
102
}
330
5E
100
DictionaryVariables
280
     0
  1
80.000000
  0
DICTIONARYVAR
  5
5D6
102
{ACAD_REACTORS
330
5E
102
}
330
5E
100
DictionaryVariables
280
     0
  1
5.000000
  0
DICTIONARYVAR
  5
57A
102
{ACAD_REACTORS
330
5E
102
}
330
5E
100
DictionaryVariables
280
     0
  1
2
  0
XRECORD
  5
5E9
102
{ACAD_REACTORS
330
5E8
102
}
330
5E8
100
AcDbXrecord
280
     1
1070
     0
1070
     1
1070
     1
  0
XRECORD
  5
5EB
102
{ACAD_REACTORS
330
5EA
102
}
330
5EA
100
AcDbXrecord
280
     1
1070
     0
1070
     1
1070
     1
  0
XRECORD
  5
5ED
102
{ACAD_REACTORS
330
5EC
102
}
330
5EC
100
AcDbXrecord
280
     1
1070
     0
1070
     1
1070
     1
  0
XRECORD
  5
5EF
102
{ACAD_REACTORS
330
5EE
102
}
330
5EE
100
AcDbXrecord
280
     1
1070
     0
1070
     1
1070
     1
  0
XRECORD
  5
5F1
102
{ACAD_REACTORS
330
5F0
102
}
330
5F0
100
AcDbXrecord
280
     1
1070
     0
1070
     1
1070
     1
  0
XRECORD
  5
5F3
102
{ACAD_REACTORS
330
5F2
102
}
330
5F2
100
AcDbXrecord
280
     1
1070
     0
1070
     1
1070
     1
  0
XRECORD
  5
5F5
102
{ACAD_REACTORS
330
5F4
102
}
330
5F4
100
AcDbXrecord
280
     1
1070
     0
1070
     1
1070
     1
  0
DICTIONARY
  5
536
330
22
100
AcDbDictionary
280
     1
281
     1
  3
ADSK_XREC_LAYOUTTHUMBNAIL
360
537
  0
DICTIONARY
  5
58B
330
ED
100
AcDbDictionary
280
     1
281
     1
  3
ACAD_XREC_ROUNDTRIP
360
58C
  0
DICTIONARY
  5
589
330
EC
100
AcDbDictionary
280
     1
281
     1
  3
ACAD_XREC_ROUNDTRIP
360
58A
  0
DICTIONARY
  5
173
330
EE
100
AcDbDictionary
280
     1
281
     1
  3
ACAD_XREC_ROUNDTRIP
360
58D
  3
BUMPTILE
360
175
  3
DIFFUSETILE
360
174
  3
OPACITYTILE
360
176
  3
REFLECTIONTILE
360
177
  0
DICTIONARY
  5
162
330
7F
100
AcDbDictionary
280
     1
281
     1
  3
ACAD_ROUNDTRIP_2008_TABLESTYLE_CELLSTYLEMAP
360
538
  3
ACAD_XREC_ROUNDTRIP
360
5E7
  0
DICTIONARY
  5
54C
330
F5
100
AcDbDictionary
280
     1
281
     1
  3
ACAD_XREC_ROUNDTRIP
360
54D
  0
DICTIONARY
  5
550
330
F7
100
AcDbDictionary
280
     1
281
     1
  3
ACAD_XREC_ROUNDTRIP
360
551
  0
DICTIONARY
  5
54E
330
F6
100
AcDbDictionary
280
     1
281
     1
  3
ACAD_XREC_ROUNDTRIP
360
54F
  0
DICTIONARY
  5
54A
330
F4
100
AcDbDictionary
280
     1
281
     1
  3
ACAD_XREC_ROUNDTRIP
360
54B
  0
DICTIONARY
  5
558
330
FB
100
AcDbDictionary
280
     1
281
     1
  3
ACAD_XREC_ROUNDTRIP
360
559
  0
DICTIONARY
  5
560
330
FF
100
AcDbDictionary
280
     1
281
     1
  3
ACAD_XREC_ROUNDTRIP
360
561
  0
DICTIONARY
  5
552
330
F8
100
AcDbDictionary
280
     1
281
     1
  3
ACAD_XREC_ROUNDTRIP
360
553
  0
DICTIONARY
  5
556
330
FA
100
AcDbDictionary
280
     1
281
     1
  3
ACAD_XREC_ROUNDTRIP
360
557
  0
DICTIONARY
  5
566
330
1E6
100
AcDbDictionary
280
     1
281
     1
  3
ACAD_XREC_ROUNDTRIP
360
567
  0
DICTIONARY
  5
55E
330
FE
100
AcDbDictionary
280
     1
281
     1
  3
ACAD_XREC_ROUNDTRIP
360
55F
  0
DICTIONARY
  5
542
330
F0
100
AcDbDictionary
280
     1
281
     1
  3
ACAD_XREC_ROUNDTRIP
360
543
  0
DICTIONARY
  5
544
330
F1
100
AcDbDictionary
280
     1
281
     1
  3
ACAD_XREC_ROUNDTRIP
360
545
  0
DICTIONARY
  5
546
330
F2
100
AcDbDictionary
280
     1
281
     1
  3
ACAD_XREC_ROUNDTRIP
360
547
  0
DICTIONARY
  5
548
330
F3
100
AcDbDictionary
280
     1
281
     1
  3
ACAD_XREC_ROUNDTRIP
360
549
  0
DICTIONARY
  5
562
330
1E4
100
AcDbDictionary
280
     1
281
     1
  3
ACAD_XREC_ROUNDTRIP
360
563
  0
DICTIONARY
  5
55C
330
FD
100
AcDbDictionary
280
     1
281
     1
  3
ACAD_XREC_ROUNDTRIP
360
55D
  0
DICTIONARY
  5
564
330
1E5
100
AcDbDictionary
280
     1
281
     1
  3
ACAD_XREC_ROUNDTRIP
360
565
  0
DICTIONARY
  5
554
330
F9
100
AcDbDictionary
280
     1
281
     1
  3
ACAD_XREC_ROUNDTRIP
360
555
  0
DICTIONARY
  5
55A
330
FC
100
AcDbDictionary
280
     1
281
     1
  3
ACAD_XREC_ROUNDTRIP
360
55B
  0
XRECORD
  5
537
102
{ACAD_REACTORS
330
536
102
}
330
536
100
AcDbXrecord
280
     1
310
28000000000100006A0000000100080000000000006A0000000000000000000000010000000000000000000000000000FFFFFF000000000000000000000000000000000000000000000000000000000000000000330000006600000099000000CC000000FF00000000330000333300006633000099330000CC330000FF3300
310
0000660000336600006666000099660000CC660000FF66000000990000339900006699000099990000CC990000FF99000000CC000033CC000066CC000099CC0000CCCC0000FFCC000000FF000033FF000066FF000099FF0000CCFF0000FFFF000000003300330033006600330099003300CC003300FF003300003333003333
310
33006633330099333300CC333300FF33330000663300336633006666330099663300CC663300FF66330000993300339933006699330099993300CC993300FF99330000CC330033CC330066CC330099CC3300CCCC3300FFCC330000FF330033FF330066FF330099FF3300CCFF3300FFFF330000006600330066006600660099
310
006600CC006600FF00660000336600333366006633660099336600CC336600FF33660000666600336666006666660099666600CC666600FF66660000996600339966006699660099996600CC996600FF99660000CC660033CC660066CC660099CC6600CCCC6600FFCC660000FF660033FF660066FF660099FF6600CCFF6600
310
FFFF660000009900330099006600990099009900CC009900FF00990000339900333399006633990099339900CC339900FF33990000669900336699006666990099669900CC669900FF66990000999900339999006699990099999900CC999900FF99990000CC990033CC990066CC990099CC9900CCCC9900FFCC990000FF99
310
0033FF990066FF990099FF9900CCFF9900FFFF99000000CC003300CC006600CC009900CC00CC00CC00FF00CC000033CC003333CC006633CC009933CC00CC33CC00FF33CC000066CC003366CC006666CC009966CC00CC66CC00FF66CC000099CC003399CC006699CC009999CC00CC99CC00FF99CC0000CCCC0033CCCC0066CC
310
CC0099CCCC00CCCCCC00FFCCCC0000FFCC0033FFCC0066FFCC0099FFCC00CCFFCC00FFFFCC000000FF003300FF006600FF009900FF00CC00FF00FF00FF000033FF003333FF006633FF009933FF00CC33FF00FF33FF000066FF003366FF006666FF009966FF00CC66FF00FF66FF000099FF003399FF006699FF009999FF00CC
310
99FF00FF99FF0000CCFF0033CCFF0066CCFF0099CCFF00CCCCFF00FFCCFF0000FFFF0033FFFF0066FFFF0099FFFF00CCFFFF00FFFFFF00000000000D0D0D001A1A1A00282828003535350043434300505050005D5D5D006B6B6B00787878008686860093939300A1A1A100AEAEAE00BBBBBB00C9C9C900D6D6D600E4E4E400
310
F1F1F100FFFFFF0000000000000000000000000000000000000000000000000000000000000000000000000000000000E2E2E2E2E2E2E2E2E2E2E2E2E2E2E2E2E2E2E2E2E2E2E2E2E2E2E2E2E2E2E2E2E2E2E2E2E2E2E2E2E2E2E2E2E2E2E2E2E2E2E2E2E2E2E2E2E2E2E2E2E2E2E2E2E2E2E2E2E2E2E2E2E2E2E2E2E2E2E2
310
E2E2E2E2E2E2E2E2E2E2E2E2E2E2E2E2E2E2E2E2E2E2E2E2E2E2E2E2E2E2E2E2E2E2E2E2E2E2E2E2E2E2E2E2E2E2E2E2E2E2282828E2E2E2E2E2BEBEBEBEBEE2E2E2E2E2E2E2E2E2E2E2E2E2E2E2E2E2E2E2E2E2E2E2E2E2E2E2E2E2E2E2E2E2E2E2E2E2E2E2E2E2E2E2E2E2E2E2E2E2E2E2E2E2E2E2E2E2E2E2E2E2E2E2E2
310
E2E2E2E2E2E2E2E2E2E2E2E2E2E2E2E2E2E2E2E2E2E2E2E2E2E2E2E2E2E2E2E2E2E2E2E2E2E2E2E2E2E2E2E2E2E2E2E2E2E2E2E2E2E2E2E2E2E2E2E2E2E2E2E2E2E2E2E2E2E2E2E2E2E2E2E2E2E2E2E2E2E2E2E2E2E2E2E2E2E2E2E2E2E2E2E2E2E2E2E2E2E2E2E2E2E2E2E2E2E2E2E2E2E2E2E2E2E2E2E2E2E2E2E2E2E2E2
310
E2E2E2E2E2E2E2E2E2E2E2E2E2E2E2E2E2E2E2E2E2E2E2E2E2E2E2E2E2E2E2E2E2E2E2E2E2E2E2E2E2E2E2E2E2E2E2E2E2E2E2E22828282828282828BEBEBEBEBEBEBEBEE2E2E2E2E2E2E2E2E2E2E2E2E2E2E2E2E2E2E2E2E2E2E2E2E2E2E2E2E2E2E2E2E2E2E2E2E2E2E2E2E2E2E2E2E2E2E2E2E2E2E2E2E2E2E2E2E2E2E2
310
E2E2E2E2E2E2E2E2E2E2E2E2E2E2E2E2E2E2E2E2E2E2E2E2E2E2E2E2E2E2E2E2E2E2E2E2E2E2E2E2E2E2E2E2E2E2E2E2E2E2E2E2E2E2E2E2E2E2E2E2E2E2E2E2E2E2E2E2E2E2E2E2E2E2E2E2E2E2E2E2E2E2E2E2E2E2E2E2E2E2E2E2E2E2E2E2E2E2E2E2E2E2E2E2E2E2E2E2E2E2E2E2E2E2E2E2E2E2E2E2E2E2E2E2E2E2E2
310
E2E2E2E2E2E2E2E2E2E2E2E2E2E2E2E2E2E2E2E2E2E2E2E2E2E2E2E2E2E2E2E2E2E2E2E2E2E2E2E2E2E2E2E2E2E2E2E2E2E2E2E2E2E22828E22828282828BEBEBEBEBEBEBEBEE2E2E2E2E2E2E2E2E2E2E2E2E2E2E2E2E2E2E2E2E2E2E2E2E2E2E2E2E2E2E2E2E2E2E2E2E2E2E2E2E2E2E2E2E2E2E2E2E2E2E2E2E2E2E2E2E2
310
E2E2E2E2E2E2E2E2E2E2E2E2E2E2E2E2E2E2E2E2E2E2E2E2E2E2E2E2E2E2E2E2E2E2E2E2E2E2E2E2E2E2E2E2E2E2E2E2E2E2E2E2E2E2E2E2E2E2E2E2E2E2E2E2E2E2E2E2E2E2E2E2E2E2E2E2E2E2E2E2E2E2E2E2E2E2E2E2E2E2E2E2E2E2E2E2E2E2E2E2E2E2E2E2E2E2E2E2E2E2E2E2E2E2E2E2E2E2E2E2E2E2E2E2E2E2E2
310
E2E2E2E2E2E2E2E2E2E2E2E2E2E2E2E2E2E2E2E2E2E2E2E2E2E2E2E2E2E2E2E2E2E2E2E2E2E2E2E2E2E2E2E2E2E2E2E2E2E2E2E2E2E2E2E22828282828282828BEBEBEBEBEBEBEBEE2E2E2E2E2E2E2E2E2E2E2E2E2E2E2E2E2E2E2E2E2E2E2E2E2E2E2E2E2E2E2E2E2E2E2E2E2E2E2E2E2E2E2E2E2E2E2E2E2E2E2E2E2E2E2
310
E2E2E2E2E2E2E2E2E2E2E2E2E2E2E2E2E2E2E2E2E2E2E2E2E2E2E2E2E2E2E2E2E2E2E2E2E2E2E2E2E2E2E2E2E2E2E2E2E2E2E2E2E2E2E2E2E2E2E2E2E2E2E2E2E2E2E2E2E2E2E2E2E2E2E2E2E2E2E2E2E2E2E2E2E2E2E2E2E2E2E2E2E2E2E2E2E2E2E2E2E2E2E2E2E2E2E2E2E2E2E2E2E2E2E2E2E2E2E2E2E2E2E2E2E2E2E2
310
E2E2E2E2E2E2E2E2E2E2E2E2E2E2E2E2E2E2E2E2E2E2E2E2E2E2E2E2E2E2E2E2E2E2E2E2E2E2E2E2E2E2E2E2E2E2E2E2E2E2E2E2E2E2E2E2E2E2282828E2E2E2E2BEBEBEBEE2E2E2E2E2E2E2E2E2E2E2E2E2E2E2E2E2E2E2E2E2E2E2E2E2E2E2E2E2E2E2E2E2E2E2E2E2E2E2E2E2E2E2E2E2E2E2E2E2E2E2E2E2E2E2E2E2E2
310
E2E2E2E2E2E2E2E2E2E2E2E2E2E2E2E2E2E2E2E2E2E2E2E2E2E2E2E2E2E2E2E2E2E2E2E2E2E2E2E2E2E2E2E2E2E2E2E2E2E2E2E2E2E2E2E2E2E2E2E2E2E2E2E2E2E2E2E2E2E2E2E2E2E2E2E2E2E2E2E2E2E2E2E2E2E2E2E2E2E2E2E2E2E2E2E2E2E2E2E2E2E2E2E2E2E2E2E2E2E2E2E2E2E2E2E2E2E2E2E2E2E2E2E2E2E2E2
310
E2E2E2E2E2E2E2E2E2E2E2E2E2E2E2E2E2E2E2E2E2E2E2E2E2E2E2E2E2E2E2E2E2E2E2E2E2E2E2E2E2E2E2E2E2E2E2E2E2E2E2E2E2E2E2E2E2E2E2E228282828282828BEBEBEBEBEBEBEBEE2E2E2E2E2E2E2E2E2E2E2E2E2E2E2E2E2E2E2E2E2E2E2E2E2E2E2E2E2E2E2E2E2E2E2E2E2E2E2E2E2E2E2E2E2E2E2E2E2E2E2E2
310
E2E2E2E2E2E2E2E2E2E2E2E2E2E2E2E2E2E2E2E2E2E2E2E2E2E2E2E2E2E2E2E2E2E2E2E2E2E2E2E2E2E2E2E2E2E2E2E2E2E2E2E2E2E2E2E2E2E2E2E2E2E2E2E2E2E2E2E2E2E2E2E2E2E2E2E2E2E2E2E2E2E2E2E2E2E2E2E2E2E2E2E2E2E2E2E2E2E2E2E2E2E2E2E2E2E2E2E2E2E2E2E2E2E2E2E2E2E2E2E2E2E2E2E2E2E2E2
310
E2E2E2E2E2E2E2E2E2E2E2E2E2E2E2E2E2E2E2E2E2E2E2E2E2E2E2E2E2E2E2E2E2E2E2E2E2E2E2E2E2E2E2E2E2E2E2E2E2E2E2E2E2E2E2E2E2E2E2E2E2E228282828282828BEBEBEBEBEBEBEBEE2E2E2E2E2E2E2E2E2E2E2E2E2E2E2E2E2E2E2E2E2E2E2E2E2E2E2E2E2E2E2E2E2E2E2E2E2E2E2E2E2E2E2E2E2E2E2E2E2E2
310
E2E2E2E2E2E2E2E2E2E2E2E2E2E2E2E2E2E2E2E2E2E2E2E2E2E2E2E2E2E2E2E2E2E2E2E2E2E2E2E2E2E2E2E2E2E2E2E2E2E2E2E2E2E2E2E2E2E2E2E2E2E2E2E2E2E2E2E2E2E2E2E2E2E2E2E2E2E2E2E2E2E2E2E2E2E2E2E2E2E2E2E2E2E2E2E2E2E2E2E2E2E2E2E2E2E2E2E2E2E2E2E2E2E2E2E2E2E2E2E2E2E2E2E2E2E2E2
310
E2E2E2E2E2E2E2E2E2E2E2E2E2E2E2E2E2E2E2E2E2E2E2E2E2E2E2E2E2E2E2E2E2E2E2E2E2E2E2E2E2E2E2E2E2E2E2E2E2E2E2E2E2E2E2E2E2E2E2E2E2E2E2E228282828282828BEBEBEBEBEBEBEBEE2E2E2E2E2E2E2E2E2E2E2E2E2E2E2E2E2E2E2E2E2E2E2E2E2E2E2E2E2E2E2E2E2E2E2E2E2E2E2E2E2E2E2E2E2E2E2E2
310
E2E2E2E2E2E2E2E2E2E2E2E2E2E2E2E2E2E2E2E2E2E2E2E2E2E2E2E2E2E2E2E2E2E2E2E2E2E2E2E2E2E2E2E2E2E2E2E2E2E2E2E2E2E2E2E2E2E2E2E2E2E2E2E2E2E2E2E2E2E2E2E2E2E2E2E2E2E2E2E2E2E2E2E2E2E2E2E2E2E2E2E2E2E2E2E2E2E2E2E2E2E2E2E2E2E2E2E2E2E2E2E2E2E2E2E2E2E2E2E2E2E2E2E2E2E2E2
310
E2E2E2E2E2E2E2E2E2E2E2E2E2E2E2E2E2E2E2E2E2E2E2E2E2E2E2E2E2E2E2E2E2E2E2E2E2E2E2E2E2E2E2E2E2E2E2E2E2E2E2E2E2E2E2E2E2E2E2E2E2E2E2E2E2E2282828E2E2E2E2BEBEBEBEE2E2E2E2E2E2E2E2E2E2E2E2E2E2E2E2E2E2E2E2E2E2E2E2E2E2E2E2E2E2E2E2E2E2E2E2E2E2E2E2E2E2E2E2E2E2E2E2E2E2
310
E2E2E2E2E2E2E2E2E2E2E2E2E2E2E2E2E2E2E2E2E2E2E2E2E2E2E2E2E2E2E2E2E2E2E2E2E2E2E2E2E2E2E2E2E2E2E2E2E2E2E2E2E2E2E2E2E2E2E2E2E2E2E2E2E2E2E2E2E2E2E2E2E2E2E2E2E2E2E2E2E2E2E2E2E2E2E2E2E2E2E2E2E2E2E2E2E2E2E2E2E2E2E2E2E2E2E2E2E2E2E2E2E2E2E2E2E2E2E2E2E2E2E2E2E2E2E2
310
E2E2E2E2E2E2E2E2E2E2E2E2E2E2E2E2E2E2E2E2E2E2E2E2E2E2E2E2E2E2E2E2E2E2E2E2E2E2E2E2E2E2E2E2E2E2E2E2E2E2E2E2E2E2E2E2E2E2E2E2E2E2E2E2E2E2E2E228282828282828BEBEBEBEBEBEBEBEE2E2E2E2E2E2E2E2E2E2E2E2E2E2E2E2E2E2E2E2E2E2E2E2E2E2E2E2E2E2E2E2E2E2E2E2E2E2E2E2E2E2E2E2
310
E2E2E2E2E2E2E2E2E2E2E2E2E2E2E2E2E2E2E2E2E2E2E2E2E2E2E2E2E2E2E2E2E2E2E2E2E2E2E2E2E2E2E2E2E2E2E2E2E2E2E2E2E2E2E2E2E2E2E2E2E2E2E2E2E2E2E2E2E2E2E2E2E2E2E2E2E2E2E2E2E2E2E2E2E2E2E2E2E2E2E2E2E2E2E2E2E2E2E2E2E2E2E2E2E2E2E2E2E2E2E2E2E2E2E2E2E2E2E2E2E2E2E2E2E2E2E2
310
E2E2E2E2E2E2E2E2E2E2E2E2E2E2E2E2E2E2E2E2E2E2E2E2E2E2E2E2E2E2E2E2E2E2E2E2E2E2E2E2E2E2E2E2E2E2E2E2E2E2E2E2E2E2E2E2E2E2E2E2E2E2E2E2E2E2E2E2E2E228282828282828BEBEBEBEBEBEBEBEE2E2E2E2E2E2E2E2E2E2E2E2E2E2E2E2E2E2E2E2E2E2E2E2E2E2E2E2E2E2E2E2E2E2E2E2E2E2E2E2E2E2
310
E2E2E2E2E2E2E2E2E2E2E2E2E2E2E2E2E2E2E2E2E2E2E2E2E2E2E2E2E2E2E2E2E2E2E2E2E2E2E2E2E2E2E2E2E2E2E2E2E2E2E2E2E2E2E2E2E2E2E2E2E2E2E2E2E2E2E2E2E2E2E2E2E2E2E2E2E2E2E2E2E2E2E2E2E2E2E2E2E2E2E2E2E2E2E2E2E2E2E2E2E2E2E2E2E2E2E2E2E2E2E2E2E2E2E2E2E2E2E2E2E2E2E2E2E2E2E2
310
E2E2E2E2E2E2E2E2E2E2E2E2E2E2E2E2E2E2E2E2E2E2E2E2E2E2E2E2E2E2E2E2E2E2E2E2E2E2E2E2E2E2E2E2E2E2E2E2E2E2E2E2E2E2E2E2E2E2E2E2E2E2E2E2E2E2E2E2E2E2E2E22828E228282828BEBEBEBEBEBEBEBEE2E2E2E2E2E2E2E2E2E2E2E2E2E2E2E2E2E2E2E2E2E2E2E2E2E2E2E2E2E2E2E2E2E2E2E2E2E2E2E2
310
E2E2E2E2E2E2E2E2E2E2E2E2E2E2E2E2E2E2E2E2E2E2E2E2E2E2E2E2E2E2E2E2E2E2E2E2E2E2E2E2E2E2E2E2E2E2E2E2E2E2E2E2E2E2E2E2E2E2E2E2E2E2E2E2E2E2E2E2E2E2E2E2E2E2E2E2E2E2E2E2E2E2E2E2E2E2E2E2E2E2E2E2E2E2E2E2E2E2E2E2E2E2E2E2E2E2E2E2E2E2E2E2E2E2E2E2E2E2E2E2E2E2E2E2E2E2E2
310
E2E2E2E2E2E2E2E2E2E2E2E2E2E2E2E2E2E2E2E2E2E2E2E2E2E2E2E2E2E2E2E2E2E2E2E2E2E2E2E2E2E2E2E2E2E2E2E2E2E2E2E2E2E2E2E2E2E2E2E2E2E2E2E2E2E2E2E2E2E2E2E2E2E2E22828E2E2E2E2BEBEBEBEE2E2E2E2E2E2E2E2E2E2E2E2E2E2E2E2E2E2E2E2E2E2E2E2E2E2E2E2E2E2E2E2E2E2E2E2E2E2E2E2E2E2
310
E2E2E2E2E2E2E2E2E2E2E2E2E2E2E2E2E2E2E2E2E2E2E2E2E2E2E2E2E2E2E2E2E2E2E2E2E2E2E2E2E2E2E2E2E2E2E2E2E2E2E2E2E2E2E2E2E2E2E2E2E2E2E2E2E2E2E2E2E2E2E2E2E2E2E2E2E2E2E2E2E2E2E2E2E2E2E2E2E2E2E2E2E2E2E2E2E2E2E2E2E2E2E2E2E2E2E2E2E2E2E2E2E2E2E2E2E2E2E2E2E2E2E2E2E2E2E2
310
E2E2E2E2E2E2E2E2E2E2E2E2E2E2E2E2E2E2E2E2E2E2E2E2E2E2E2E2E2E2E2E2E2E2E2E2E2E2E2E2E2E2E2E2E2E2E2E2E2E2E2E2E2E2E2E2E2E2E2E2E2E2E2E2E2E2E2E2E2E2E2E2E2E2E2E228282828282828BEBEBEBEBEBEBEBEE2E2E2E2E2E2E2E2E2E2E2E2E2E2E2E2E2E2E2E2E2E2E2E2E2E2E2E2E2E2E2E2E2E2E2E2
310
E2E2E2E2E2E2E2E2E2E2E2E2E2E2E2E2E2E2E2E2E2E2E2E2E2E2E2E2E2E2E2E2E2E2E2E2E2E2E2E2E2E2E2E2E2E2E2E2E2E2E2E2E2E2E2E2E2E2E2E2E2E2E2E2E2E2E2E2E2E2E2E2E2E2E2E2E2E2E2E2E2E2E2E2E2E2E2E2E2E2E2E2E2E2E2E2E2E2E2E2E2E2E2E2E2E2E2E2E2E2E2E2E2E2E2E2E2E2E2E2E2E2E2E2E2E2E2
310
E2E2E2E2E2E2E2E2E2E2E2E2E2E2E2E2E2E2E2E2E2E2E2E2E2E2E2E2E2E2E2E2E2E2E2E2E2E2E2E2E2E2E2E2E2E2E2E2E2E2E2E2E2E2E2E2E2E2E2E2E2E2E2E2E2E2E2E2E2E2E2E2E2E2E2E2E2E228282828282828BEBEBEBEBEBEBEBEE2E2E2E2E2E2E2E2E2E2E2E2E2E2E2E2E2E2E2E2E2E2E2E2E2E2E2E2E2E2E2E2E2E2
310
E2E2E2E2E2E2E2E2E2E2E2E2E2E2E2E2E2E2E2E2E2E2E2E2E2E2E2E2E2E2E2E2E2E2E2E2E2E2E2E2E2E2E2E2E2E2E2E2E2E2E2E2E2E2E2E2E2E2E2E2E2E2E2E2E2E2E2E2E2E2E2E2E2E2E2E2E2E2E2E2E2E2E2E2E2E2E2E2E2E2E2E2E2E2E2E2E2E2E2E2E2E2E2E2E2E2E2E2E2E2E2E2E2E2E2E2E2E2E2E2E2E2E2E2E2E2E2
310
E2E2E2E2E2E2E2E2E2E2E2E2E2E2E2E2E2E2E2E2E2E2E2E2E2E2E2E2E2E2E2E2E2E2E2E2E2E2E2E2E2E2E2E2E2E2E2E2E2E2E2E2E2E2E2E2E2E2E2E2E2E2E2E2E2E2E2E2E2E2E2E2E2E2E2E2E2E2E2E22828E228282828BEBEBEBEBEBEBEBEE2E2E2E2E2E2E2E2E2E2E2E2E2E2E2E2E2E2E2E2E2E2E2E2E2E2E2E2E2E2E2E2
310
E2E2E2E2E2E2E2E2E2E2E2E2E2E2E2E2E2E2E2E2E2E2E2E2E2E2E2E2E2E2E2E2E2E2E2E2E2E2E2E2E2E2E2E2E2E2E2E2E2E2E2E2E2E2E2E2E2E2E2E2E2E2E2E2E2E2E2E2E2E2E2E2E2E2E2E2E2E2E2E2E2E2E2E2E2E2E2E2E2E2E2E2E2E2E2E2E2E2E2E2E2E2E2E2E2E2E2E2E2E2E2E2E2E2E2E2E2E2E2E2E2E2E2E2E2E2E2
310
E2E2E2E2E2E2E2E2E2E2E2E2E2E2E2E2E2E2E2E2E2E2E2E2E2E2E2E2E2E2E2E2E2E2E2E2E2E2E2E2E2E2E2E2E2E2E2E2E2E2E2E2E2E2E2E2E2E2E2E2E2E2E2E2E2E2E2E2E2E2E2E2E2E2E2E2E2E2E2E2E2E2E22828E2E2E2E2BEBEBEBEE2E2E2E2E2E2E2E2E2E2E2E2E2E2E2E2E2E2E2E2E2E2E2E2E2E2E2E2E2E2E2E2E2E2
310
E2E2E2E2E2E2E2E2E2E2E2E2E2E2E2E2E2E2E2E2E2E2E2E2E2E2E2E2E2E2E2E2E2E2E2E2E2E2E2E2E2E2E2E2E2E2E2E2E2E2E2E2E2E2E2E2E2E2E2E2E2E2E2E2E2E2E2E2E2E2E2E2E2E2E2E2E2E2E2E2E2E2E2E2E2E2E2E2E2E2E2E2E2E2E2E2E2E2E2E2E2E2E2E2E2E2E2E2E2E2E2E2E2E2E2E2E2E2E2E2E2E2E2E2E2E2E2
310
E2E2E2E2E2E2E2E2E2E2E2E2E2E2E2E2E2E2E2E2E2E2E2E2E2E2E2E2E2E2E2E2E2E2E2E2E2E2E2E2E2E2E2E2E2E2E2E2E2E2E2E2E2E2E2E2E2E2E2E2E2E2E2E2E2E2E2E2E2E2E2E2E2E2E2E2E2E2E2E2E2E2E2E228282828282828BEBEBEBEBEE2E2E2E2E2E2E2E2E2E2E2E2E2E2E2E2E2E2E2E2E2E2E2E2E2E2E2E2E2E2E2
310
E2E2E2E2E2E2E2E2E2E2E2E2E2E2E2E2E2E2E2E2E2E2E2E2E2E2E2E2E2E2E2E2E2E2E2E2E2E2E2E2E2E2E2E2E2E2E2E2E2E2E2E2E2E2E2E2E2E2E2E2E2E2E2E2E2E2E2E2E2E2E2E2E2E2E2E2E2E2E2E2E2E2E2E2E2E2E2E2E2E2E2E2E2E2E2E2E2E2E2E2E2E2E2E2E2E2E2E2E2E2E2E2E2E2E2E2E2E2E2E2E2E2E2E2E2E2E2
310
E2E2E2E2E2E2E2E2E2E2E2E2E2E2E2E2E2E2E2E2E2E2E2E2E2E2E2E2E2E2E2E2E2E2E2E2E2E2E2E2E2E2E2E2E2E2E2E2E2E2E2E2E2E2E2E2E2E2E2E2E2E2E2E2E2E2E2E2E2E2E2E2E2E2E2E2E2E2E2E2E2E2E2E2E2E228282828282828BEBEBEBEBEE2E2E2E2E2E2E2E2E2E2E2E2E2E2E2E2E2E2E2E2E2E2E2E2E2E2E2E2E2
310
E2E2E2E2E2E2E2E2E2E2E2E2E2E2E2E2E2E2E2E2E2E2E2E2E2E2E2E2E2E2E2E2E2E2E2E2E2E2E2E2E2E2E2E2E2E2E2E2E2E2E2E2E2E2E2E2E2E2E2E2E2E2E2E2E2E2E2E2E2E2E2E2E2E2E2E2E2E2E2E2E2E2E2E2E2E2E2E2E2E2E2E2E2E2E2E2E2E2E2E2E2E2E2E2E2E2E2E2E2E2E2E2E2E2E2E2E2E2E2E2E2E2E2E2E2E2E2
310
E2E2E2E2E2E2E2E2E2E2E2E2E2E2E2E2E2E2E2E2E2E2E2E2E2E2E2E2E2E2E2E2E2E2E2E2E2E2E2E2E2E2E2E2E2E2E2E2E2E2E2E2E2E2E2E2E2E2E2E2E2E2E2E2E2E2E2E2E2E2E2E2E2E2E2E2E2E2E2E2E2E2E2E2E2E2E2E22828E228282828BEBEBEBEBEE2E2E2E2E2E2E2E2E2E2E2E2E2E2E2E2E2E2E2E2E2E2E2E2E2E2E2
310
E2E2E2E2E2E228E2E2E2E2E2E2BEBEBEBEE2E2E2E2E2E2E2E2E2E2E2E2E2E2E2E2E2E2E2E2E2E2E2E2E2E2E2E2E2E2E2E2E2E2E2E2E2E2E2E2E2E2E2E2E2E2E2E2E2E2E2E2E2E2E2E2E2E2E2E2E2E2E2E2E2E2E2E2E2E2E2E2E2E2E2E2E2E2E2E2E2E2E2E2E2E2E2E2E2E2E2E2E2E2E2E2E2E2E2E2E2E2E2E2E2E2E2E2E2E2
310
E2E2E2E2E2E2E2E2E2E2E2E2E2E2E2E2E2E2E2E2E2E2E2E2E2E2E2E2E2E2E2E2E2E2E2E2E2E2E2E2E2E2E2E2E2E2E2E2E2E2E2E2E2E2E2E2E2E2E2E2E2E2E2E2E2E2E2E2E2E2E2E2E2E2E2E2E2E2E2E2E2E2E2E2E2E2E2E2E2E2E228E2E2E2E2E2BEBEBEBEE2E2E2E2E2E2E2E2E2E2E2E2E2E2E2E2E2E2E2E2E2E2E2E2E2E2
310
E2E2E2E2E2E2E22828282828282828BEBEBEBEBEBEBEE2BEBEBEE2E2E2E2E2E2E2E2E2E2E2E2E2E2E2E2E2E2E2E2E2E2E2E2E2E2E2E2E2E2E2E2E2E2E2E2E2E2E2E2E2E2E2E2E2E2E2E2E2E2E2E2E2E2E2E2E2E2E2E2E2E2E2E2E2E2E2E2E2E2E2E2E2E2E2E2E2E2E2E2E2E2E2E2E2E2E2E2E2E2E2E2E2E2E2E2E2E2E2E2E2
310
E2E2E2E2E2E2E2E2E2E2E2E2E2E2E2E2E2E2E2E2E2E2E2E2E2E2E2E2E2E2E2E2E2E2E2E2E2E2E2E2E2E2E2E2E2E2E2E2E2E2E2E2E2E2E2E2E2E2E2E2E2E2E2E2E2E2E2E2E2E2E2E2E2E2E2E2E2E2E2E2E2E2E2E2E2E2E2E2E2E2E2E228282828282828BEBEBEBEE2E2E2E2E2E2E2E2E2E2E2E2E2E2E2E2E2E2E2E2E2E2E2E2
310
E2E2E2E2E2E2E2E2E22828282828282828BEBEBEBEBEBEBEE2BEBEBEE2E2E2E2E2E2E2E2E2E2E2E2E2E2E2E2E2E2E2E2E2E2E2E2E2E2E2E2E2E2E2E2E2E2E2E2E2E2E2E2E2E2E2E2E2E2E2E2E2E2E2E2E2E2E2E2E2E2E2E2E2E2E2E2E2E2E2E2E2E2E2E2E2E2E2E2E2E2E2E2E2E2E2E2E2E2E2E2E2E2E2E2E2E2E2E2E2E2E2
310
E2E2E2E2E2E2E2E2E2E2E2E2E2E2E2E2E2E2E2E2E2E2E2E2E2E2E2E2E2E2E2E2E2E2E2E2E2E2E2E2E2E2E2E2E2E2E2E2E2E2E2E2E2E2E2E2E2E2E2E2E2E2E2E2E2E2E2E2E2E2E2E2E2E2E2E2E2E2E2E2E2E2E2E2E2E2E2E2E2E2E2E2E2E228282828282828BEBEBEBEBEBEBEBEE2E2E2E2E2E2E2E2E2E2E2E2E2E2E2E2E2E2
310
E2E2E2E2E2E2E2E2E2E2E22828282828282828BEBEBEBEBEBEBEE2BEBEE2E2E2E2E2E2E2E2E2E2E2E2E2E2E2E2E2E2E2E2E2E2E2E2E2E2E2E2E2E2E2E2E2E2E2E2E2E2E2E2E2E2E2E2E2E2E2E2E2E2E2E2E2E2E2E2E2E2E2E2E2E2E2E2E2E2E2E2E2E2E2E2E2E2E2E2E2E2E2E2E2E2E2E2E2E2E2E2E2E2E2E2E2E2E2E2E2E2
310
E2E2E2E2E2E2E2E2E2E2E2E2E2E2E2E2E2E2E2E2E2E2E2E2E2E2E2E2E2E2E2E2E2E2E2E2E2E2E2E2E2E2E2E2E2E2E2E2E2E2E2E2E2E2E2E2E2E2E2E2E2E2E2E2E2E2E2E2E2E2E2E2E2E2E2E2E2E2E2E2E2E2E2E2E2E2E2E2E2E2E2E2E2E2E2E228282828282828BEBEBEBEBEBEBEBEE2E2E2E2E2E2E2E2E2E2E2E2E2E2E2E2
310
E2E2E2E2E2E2E2E2E2E2E2E2E22828E2E2E2E2E2E2BEBEBEBEE2E2E2E2BEBEBEE2E2E2E2E2E2E2E2E2E2E2E2E2E2E2E2E2E2E2E2E2E2E2E2E2E2E2E2E2E2E2E2E2E2E2E2E2E2E2E2E2E2E2E2E2E2E2E2E2E2E2E2E2E2E2E2E2E2E2E2E2E2E2E2E2E2E2E2E2E2E2E2E2E2E2E2E2E2E2E2E2E2E2E2E2E2E2E2E2E2E2E2E2E2E2
310
E2E2E2E2E2E2E2E2E2E2E2E2E2E2E2E2E2E2E2E2E2E2E2E2E2E2E2E2E2E2E2E2E2E2E2E2E2E2E2E2E2E2E2E2E2E2E2E2E2E2E2E2E2E2E2E2E2E2E2E2E2E2E2E2E2E2E2E2E2E2E2E2E2E2E2E2E2E2E2E2E2E2E2E2E2E2E2E2E2E2E2E2E2E2E2E2E2E2E22828E2E2E2E2BEBEBEBEE2E2E2E2E2E2E2E2E2E2E2E2E2E2E2E2E2E2
310
E2E2E2E2E2E2E2E2E2E2E2E2E2E2E22828282828282828BEBEBEBEBEBEBEE2BEBEBEE2E2E2E2E2E2E2E2E2E2E2E2E2E2E2E2E2E2E2E2E2E2E2E2E2E2E2E2E2E2E2E2E2E2E2E2E2E2E2E2E2E2E2E2E2E2E2E2E2E2E2E2E2E2E2E2E2E2E2E2E2E2E2E2E2E2E2E2E2E2E2E2E2E2E2E2E2E2E2E2E2E2E2E2E2E2E2E2E2E2E2E2E2
310
E2E2E2E2E2E2E2E2E2E2E2E2E2E2E2E2E2E2E2E2E2E2E2E2E2E2E2E2E2E2E2E2E2E2E2E2E2E2E2E2E2E2E2E2E2E2E2E2E2E2E2E2E2E2E2E2E2E2E2E2E2E2E2E2E2E2E2E2E2E2E2E2E2E2E2E2E2E2E2E2E2E2E2E2E2E2E2E2E2E2E2E2E2E2E2E2E2E2E2E2282828E2E2E2E2BEBEBEBEE2E2E2E2E2E2E2E2E2E2E2E2E2E2E2E2
310
E2E2E2E2E2E2E2E2E2E2E2E2E2E2E2E2E22828282828282828BEBEBEBEBEBEBEE2BEBEBEE2E2E2E2E2E2E2E2E2E2E2E2E2E2E2E2E2E2E2E2E2E2E2E2E2E2E2E2E2E2E2E2E2E2E2E2E2E2E2E2E2E2E2E2E2E2E2E2E2E2E2E2E2E2E2E2E2E2E2E2E2E2E2E2E2E2E2E2E2E2E2E2E2E2E2E2E2E2E2E2E2E2E2E2E2E2E2E2E2E2E2
310
E2E2E2E2E2E2E2E2E2E2E2E2E2E2E2E2E2E2E2E2E2E2E2E2E2E2E2E2E2E2E2E2E2E2E2E2E2E2E2E2E2E2E2E2E2E2E2E2E2E2E2E2E2E2E2E2E2E2E2E2E2E2E2E2E2E2E2E2E2E2E2E2E2E2E2E2E2E2E2E2E2E2E2E2E2E2E2E2E2E2E2E2E2E2E2E2E2E2E2E2E2E228282828282828BEBEBEBEBEBEBEBEE2E2E2E2E2E2E2E2E2E2
310
E2E2E2E2E2E2E2E2E2E2E2E2E2E2E2E2E2E2E22828282828282828BEBEBEBEBEBEBEE2BEBEE2E2E2E2E2E2E2E2E2E2E2E2E2E2E2E2E2E2E2E2E2E2E2E2E2E2E2E2E2E2E2E2E2E2E2E2E2E2E2E2E2E2E2E2E2E2E2E2E2E2E2E2E2E2E2E2E2E2E2E2E2E2E2E2E2E2E2E2E2E2E2E2E2E2E2E2E2E2E2E2E2E2E2E2E2E2E2E2E2E2
310
E2E2E2E2E2E2E2E2E2E2E2E2E2E2E2E2E2E2E2E2E2E2E2E2E2E2E2E2E2E2E2E2E2E2E2E2E2E2E2E2E2E2E2E2E2E2E2E2E2E2E2E2E2E2E2E2E2E2E2E2E2E2E2E2E2E2E2E2E2E2E2E2E2E2E2E2E2E2E2E2E2E2E2E2E2E2E2E2E2E2E2E2E2E2E2E2E2E2E2E2E2E2E2E22828E228282828BEBEBEBEBEBEBEBEE2E2E2E2E2E2E2E2
310
E2E2E2E2E2E2E2E2E2E2E2E2E2E2E2E2E2E2E2E2E228282828E2E2E2E2BEBEBEBEE2E2E2E2BEBEBEE2E2E2E2E2E2E2E2E2E2E2E2E2E2E2E2E2E2E2E2E2E2E2E2E2E2E2E2E2E2E2E2E2E2E2E2E2E2E2E2E2E2E2E2E2E2E2E2E2E2E2E2E2E2E2E2E2E2E2E2E2E2E2E2E2E2E2E2E2E2E2E2E2E2E2E2E2E2E2E2E2E2E2E2E2E2E2
310
E2E2E2E2E2E2E2E2E2E2E2E2E2E2E2E2E2E2E2E2E2E2E2E2E2E2E2E2E2E2E2E2E2E2E2E2E2E2E2E2E2E2E2E2E2E2E2E2E2E2E2E2E2E2E2E2E2E2E2E2E2E2E2E2E2E2E2E2E2E2E2E2E2E2E2E2E2E2E2E2E2E2E2E2E2E2E2E2E2E2E2E2E2E2E2E2E2E2E2E2E2E2E2E2E2E2E228E228282828BEBEBEBEBEBEBEBEE2E2E2E2E2E2
310
E2E2E2E2E2E2E2E2E2E2E2E2E2E2E2E2E2E2E2E2E2E2E22828282828282828BEBEBEBEBEBEBEBEBEBEBEE2E2E2E2E2E2E2E2E2E2E2E2E2E2E2E2E2E2E2E2E2E2E2E2E2E2E2E2E2E2E2E2E2E2E2E2E2E2E2E2E2E2E2E2E2E2E2E2E2E2E2E2E2E2E2E2E2E2E2E2E2E2E2E2E2E2E2E2E2E2E2E2E2E2E2E2E2E2E2E2E2E2E2E2E2
310
E2E2E2E2E2E2E2E2E2E2E2E2E2E2E2E2E2E2E2E2E2E2E2E2E2E2E2E2E2E2E2E2E2E2E2E2E2E2E2E2E2E2E2E2E2E2E2E2E2E2E2E2E2E2E2E2E2E2E2E2E2E2E2E2E2E2E2E2E2E2E2E2E2E2E2E2E2E2E2E2E2E2E2E2E2E2E2E2E2E2E2E2E2E2E2E2E2E2E2E2E2E2E2E2E2E2E2E2282828E2E2E2E2BEBEBEBEE2E2E2E2E2E2E2E2
310
E2E2E2E2E2E2E2E2E2E2E2E2E2E2E2E2E2E2E2E2E2E2E2E2E22828282828282828BEBEBEBEBEBEBEBEBEBEBEE2E2E2E2E2E2E2E2E2E2E2E2E2E2E2E2E2E2E2E2E2E2E2E2E2E2E2E2E2E2E2E2E2E2E2E2E2E2E2E2E2E2E2E2E2E2E2E2E2E2E2E2E2E2E2E2E2E2E2E2E2E2E2E2E2E2E2E2E2E2E2E2E2E2E2E2E2E2E2E2E2E2E2
310
E2E2E2E2E2E2E2E2E2E2E2E2E2E2E2E2E2E2E2E2E2E2E2E2E2E2E2E2E2E2E2E2E2E2E2E2E2E2E2E2E2E2E2E2E2E2E2E2E2E2E2E2E2E2E2E2E2E2E2E2E2E2E2E2E2E2E2E2E2E2E2E2E2E2E2E2E2E2E2E2E2E2E2E2E2E2E2E2E2E2E2E2E2E2E2E2E2E2E2E2E2E2E2E2E2E2E2E2E2E228282828282828BEBEBEBEBEBEE2E2E2E2
310
E2E2E2E2E2E2E2E2E2E2E2E2E2E2E2E2E2E2E2E2E2E2E2E2E2E2E2E2E2E2E228282828BEBEBEBEBEBEBEBEE2E2E2E2E2E2E2E2E2E2E2E2E2E2E2E2E2E2E2E2E2E2E2E2E2E2E2E2E2E2E2E2E2E2E2E2E2E2E2E2E2E2E2E2E2E2E2E2E2E2E2E2E2E2E2E2E2E2E2E2E2E2E2E2E2E2E2E2E2E2E2E2E2E2E2E2E2E2E2E2E2E2E2E2
310
E2E2E2E2E2E2E2E2E2E2E2E2E2E2E2E2E2E2E2E2E2E2E2E2E2E2E2E2E2E2E2E2E2E2E2E2E2E2E2E2E2E2E2E2E2E2E2E2E2E2E2E2E2E2E2E2E2E2E2E2E2E2E2E2E2E2E2E2E2E2E2E2E2E2E2E2E2E2E2E2E2E2E2E2E2E2E2E2E2E2E2E2E2E2E2E2E2E2E2E2E2E2E2E2E2E2E2E2E2E2E2E22828E228282828BEBEBEBEBEBEE2E2
310
E2E2E2E2E2E2E2E2E2E2E2E2E2E2E2E2E2E2E2E2E2E2E2E2E2E2E2E2E22828E2E2E2E2E2E2E2BEBEBEBEE2E2E2E2E2BEBEBEE2E2E2E2E2E2E2E2E2E2E2E2E2E2E2E2E2E2E2E2E2E2E2E2E2E2E2E2E2E2E2E2E2E2E2E2E2E2E2E2E2E2E2E2E2E2E2E2E2E2E2E2E2E2E2E2E2E2E2E2E2E2E2E2E2E2E2E2E2E2E2E2E2E2E2E2E2
310
E2E2E2E2E2E2E2E2E2E2E2E2E2E2E2E2E2E2E2E2E2E2E2E2E2E2E2E2E2E2E2E2E2E2E2E2E2E2E2E2E2E2E2E2E2E2E2E2E2E2E2E2E2E2E2E2E2E2E2E2E2E2E2E2E2E2E2E2E2E2E2E2E2E2E2E2E2E2E2E2E2E2E2E2E2E2E2E2E2E2E2E2E2E2E2E2E2E2E2E2E2E2E2E2E2E2E2E2E2E2E2E2E2E2E228E228282828BEBEBEBEBEBE
310
E2E2E2E2E2E2E2E2E2E2E2E2E2E2E2E2E2E2E2E2E2E2E2E2E2E2E2E2E2E2E2282828282828282828BEBEBEBEBEBEBEBEE2BEBEBEE2E2E2E2E2E2E2E2E2E2E2E2E2E2E2E2E2E2E2E2E2E2E2E2E2E2E2E2E2E2E2E2E2E2E2E2E2E2E2E2E2E2E2E2E2E2E2E2E2E2E2E2E2E2E2E2E2E2E2E2E2E2E2E2E2E2E2E2E2E2E2E2E2E2E2
310
E2E2E2E2E2E2E2E2E2E2E2E2E2E2E2E2E2E2E2E2E2E2E2E2E2E2E2E2E2E2E2E2E2E2E2E2E2E2E2E2E2E2E2E2E2E2E2E2E2E2E2E2E2E2E2E2E2E2E2E2E2E2E2E2E2E2E2E2E2E2E2E2E2E2E2E2E2E2E2E2E2E2E2E2E2E2E2E2E2E2E2E2E2E2E2E2E2E2E2E2E2E2E2E2E2E2E2E2E2E2E2E2E2E2E2E2282828E2E2E2E2BEBEBEBE
310
E2E2E2E2E2E2E2E2E2E2E2E2E2E2E2E2E2E2E2E2E2E2E2E2E2E2E2E2E2E2E2E2E2282828282828282828BEBEBEBEBEBEBEBEE2BEBEBEE2E2E2E2E2E2E2E2E2E2E2E2E2E2E2E2E2E2E2E2E2E2E2E2E2E2E2E2E2E2E2E2E2E2E2E2E2E2E2E2E2E2E2E2E2E2E2E2E2E2E2E2E2E2E2E2E2E2E2E2E2E2E2E2E2E2E2E2E2E2E2E2E2
310
E2E2E2E2E2E2E2E2E2E2E2E2E2E2E2E2E2E2E2E2E2E2E2E2E2E2E2E2E2E2E2E2E2E2E2E2E2E2E2E2E2E2E2E2E2E2E2E2E2E2E2E2E2E2E2E2E2E2E2E2E2E2E2E2E2E2E2E2E2E2E2E2E2E2E2E2E2E2E2E2E2E2E2E2E2E2E2E2E2E2E2E2E2E2E2E2E2E2E2E2E2E2E2E2E2E2E2E2E2E2E2E2E2E2E2E2E2E228282828282828BEBE
310
BEBEBEE2E2E2E2E2E2E2E2E2E2E2E2E2E2E2E2E2E2E2E2E2E2E2E2E2E2E2E2E2E2E2E22828E2E22828282828BEBEBEBEBEBEBEBEE2BEBEE2E2E2E2E2E2E2E2E2E2E2E2E2E2E2E2E2E2E2E2E2E2E2E2E2E2E2E2E2E2E2E2E2E2E2E2E2E2E2E2E2E2E2E2E2E2E2E2E2E2E2E2E2E2E2E2E2E2E2E2E2E2E2E2E2E2E2E2E2E2E2E2
310
E2E2E2E2E2E2E2E2E2E2E2E2E2E2E2E2E2E2E2E2E2E2E2E2E2E2E2E2E2E2E2E2E2E2E2E2E2E2E2E2E2E2E2E2E2E2E2E2E2E2E2E2E2E2E2E2E2E2E2E2E2E2E2E2E2E2E2E2E2E2E2E2E2E2E2E2E2E2E2E2E2E2E2E2E2E2E2E2E2E2E2E2E2E2E2E2E2E2E2E2E2E2E2E2E2E2E2E2E2E2E2E2E2E2E2E2E2E2E2E22828E228282828
310
BEBEBEBEBEE2E2E2E2E2E2E2E2E2E2E2E2E2E2E2E2E2E2E2E2E2E2E2E2E2E2E2E2E2E2E2E228282828E2E2E2E2BEBEBEBEE2E2E2E2BEBEBEE2E2E2E2E2E2E2E2E2E2E2E2E2E2E2E2E2E2E2E2E2E2E2E2E2E2E2E2E2E2E2E2E2E2E2E2E2E2E2E2E2E2E2E2E2E2E2E2E2E2E2E2E2E2E2E2E2E2E2E2E2E2E2E2E2E2E2E2E2E2E2
310
E2E2E2E2E2E2E2E2E2E2E2E2E2E2E2E2E2E2E2E2E2E2E2E2E2E2E2E2E2E2E2E2E2E2E2E2E2E2E2E2E2E2E2E2E2E2E2E2E2E2E2E2E2E2E2E2E2E2E2E2E2E2E2E2E2E2E2E2E2E2E2E2E2E2E2E2E2E2E2E2E2E2E2E2E2E2E2E2E2E2E2E2E2E2E2E2E2E2E2E2E2E2E2E2E2E2E2E2E2E2E2E2E2E2E2E2E2E2E2E2E2E2E228E22828
310
2828BEBEBEBEBEE2E2E2E2E2E2E2E2E2E2E2E2E2E2E2E2E2E2E2E2E2E2E2E2E2E2E2E2E2E2E2E22828282828282828BEBEBEBEBEBEBEE2BEBEBEE2E2E2E2E2E2E2E2E2E2E2E2E2E2E2E2E2E2E2E2E2E2E2E2E2E2E2E2E2E2E2E2E2E2E2E2E2E2E2E2E2E2E2E2E2E2E2E2E2E2E2E2E2E2E2E2E2E2E2E2E2E2E2E2E2E2E2E2E2
310
E2E2E2E2E2E2E2E2E2E2E2E2E2E2E2E2E2E2E2E2E2E2E2E2E2E2E2E2E2E2E2E2E2E2E2E2E2E2E2E2E2E2E2E2E2E2E2E2E2E2E2E2E2E2E2E2E2E2E2E2E2E2E2E2E2E2E2E2E2E2E2E2E2E2E2E2E2E2E2E2E2E2E2E2E2E2E2E2E2E2E2E2E2E2E2E2E2E2E2E2E2E2E2E2E2E2E2E2E2E2E2E2E2E2E2E2E2E2E2E2E2E2E2E2282828
310
E2E2E2E2BEBEBEBEE2E2E2E2E2E2E2E2E2E2E2E2E2E2E2E2E2E2E2E2E2E2E2E2E2E2E2E2E2E2E2E2E22828282828282828BEBEBEBEBEBEBEE2BEBEE2E2E2E2E2E2E2E2E2E2E2E2E2E2E2E2E2E2E2E2E2E2E2E2E2E2E2E2E2E2E2E2E2E2E2E2E2E2E2E2E2E2E2E2E2E2E2E2E2E2E2E2E2E2E2E2E2E2E2E2E2E2E2E2E2E2E2E2
310
E2E2E2E2E2E2E2E2E2E2E2E2E2E2E2E2E2E2E2E2E2E2E2E2E2E2E2E2E2E2E2E2E2E2E2E2E2E2E2E2E2E2E2E2E2E2E2E2E2E2E2E2E2E2E2E2E2E2E2E2E2E2E2E2E2E2E2E2E2E2E2E2E2E2E2E2E2E2E2E2E2E2E2E2E2E2E2E2E2E2E2E2E2E2E2E2E2E2E2E2E2E2E2E2E2E2E2E2E2E2E2E2E2E2E2E2E2E2E2E2E2E2E2E2E2E228
310
282828282828BEBEBEBEBEBEBEBEE2E2E2E2E2E2E2E2E2E2E2E2E2E2E2E2E2E2E2E2E2E2E2E2E2E2E2E2E2E228E2E228282828BEBEBEBEBEBEBEE2E2E2E2E2E2E2E2E2E2E2E2E2E2E2E2E2E2E2E2E2E2E2E2E2E2E2E2E2E2E2E2E2E2E2E2E2E2E2E2E2E2E2E2E2E2E2E2E2E2E2E2E2E2E2E2E2E2E2E2E2E2E2E2E2E2E2E2E2
310
E2E2E2E2E2E2E2E2E2E2E2E2E2E2E2E2E2E2E2E2E2E2E2E2E2E2E2E2E2E2E2E2E2E2E2E2E2E2E2E2E2E2E2E2E2E2E2E2E2E2E2E2E2E2E2E2E2E2E2E2E2E2E2E2E2E2E2E2E2E2E2E2E2E2E2E2E2E2E2E2E2E2E2E2E2E2E2E2E2E2E2E2E2E2E2E2E2E2E2E2E2E2E2E2E2E2E2E2E2E2E2E2E2E2E2E2E2E2E2E2E2E2E2E2E2E2E2
310
E228282828282828BEBEBEBEBEBEBEBEE2E2E2E2E2E2E2E2E2E2E2E2E2E2E2E2E2E2E2E2E2E2E2E2E2E2E2E2E22828282828282828BEBEBEBEBEBEBEE2BEBEBEE2E2E2E2E2E2E2E2E2E2E2E2E2E2E2E2E2E2E2E2E2E2E2E2E2E2E2E2E2E2E2E2E2E2E2E2E2E2E2E2E2E2E2E2E2E2E2E2E2E2E2E2E2E2E2E2E2E2E2E2E2E2E2
310
E2E2E2E2E2E2E2E2E2E2E2E2E2E2E2E2E2E2E2E2E2E2E2E2E2E2E2E2E2E2E2E2E2E2E2E2E2E2E2E2E2E2E2E2E2E2E2E2E2E2E2E2E2E2E2E2E2E2E2E2E2E2E2E2E2E2E2E2E2E2E2E2E2E2E2E2E2E2E2E2E2E2E2E2E2E2E2E2E2E2E2E2E2E2E2E2E2E2E2E2E2E2E2E2E2E2E2E2E2E2E2E2E2E2E2E2E2E2E2E2E2E2E2E2E2E2E2
310
E2E2E22828E228282828BEBEBEBEBEBEBEBEE2E2E2E2E2E2E2E2E2E2E2E2E2E2E2E2E2E2E2E2E2E2E2E2E2E2E2E2E22828282828282828BEBEBEBEBEBEBEE2BEBEBEE2E2E2E2E2E2E2E2E2E2E2E2E2E2E2E2E2E2E2E2E2E2E2E2E2E2E2E2E2E2E2E2E2E2E2E2E2E2E2E2E2E2E2E2E2E2E2E2E2E2E2E2E2E2E2E2E2E2E2E2E2
310
E2E2E2E2E2E2E2E2E2E2E2E2E2E2E2E2E2E2E2E2E2E2E2E2E2E2E2E2E2E2E2E2E2E2E2E2E2E2E2E2E2E2E2E2E2E2E2E2E2E2E2E2E2E2E2E2E2E2E2E2E2E2E2E2E2E2E2E2E2E2E2E2E2E2E2E2E2E2E2E2E2E2E2E2E2E2E2E2E2E2E2E2E2E2E2E2E2E2E2E2E2E2E2E2E2E2E2E2E2E2E2E2E2E2E2E2E2E2E2E2E2E2E2E2E2E2E2
310
E2E2E2E2E2282828E2E2E2E2BEBEBEBEE2E2E2E2E2E2E2E2E2E2E2E2E2E2E2E2E2E2E2E2E2E2E2E2E2E2E2E2E2E2E2E2E22828282828282828BEBEBEBEBEBEBEE2BEBEBEE2E2E2E2E2E2E2E2E2E2E2E2E2E2E2E2E2E2E2E2E2E2E2E2E2E2E2E2E2E2E2E2E2E2E2E2E2E2E2E2E2E2E2E2E2E2E2E2E2E2E2E2E2E2E2E2E2E2E2
310
E2E2E2E2E2E2E2E2E2E2E2E2E2E2E2E2E2E2E2E2E2E2E2E2E2E2E2E2E2E2E2E2E2E2E2E2E2E2E2E2E2E2E2E2E2E2E2E2E2E2E2E2E2E2E2E2E2E2E2E2E2E2E2E2E2E2E2E2E2E2E2E2E2E2E2E2E2E2E2E2E2E2E2E2E2E2E2E2E2E2E2E2E2E2E2E2E2E2E2E2E2E2E2E2E2E2E2E2E2E2E2E2E2E2E2E2E2E2E2E2E2E2E2E2E2E2E2
310
E2E2E2E2E2E2E228282828282828BEBEBEBEBEBEBEBEE2E2E2E2E2E2E2E2E2E2E2E2E2E2E2E2E2E2E2E2E2E2E2E2E2E2E2E2E2E228E2E2E2E2E2E2BEBEBEBEBEE2E2E2E2E2E2E2E2E2E2E2E2E2E2E2E2E2E2E2E2E2E2E2E2E2E2E2E2E2E2E2E2E2E2E2E2E2E2E2E2E2E2E2E2E2E2E2E2E2E2E2E2E2E2E2E2E2E2E2E2E2E2E2
310
E2E2E2E2E2E2E2E2E2E2E2E2E2E2E2E2E2E2E2E2E2E2E2E2E2E2E2E2E2E2E2E2E2E2E2E2E2E2E2E2E2E2E2E2E2E2E2E2E2E2E2E2E2E2E2E2E2E2E2E2E2E2E2E2E2E2E2E2E2E2E2E2E2E2E2E2E2E2E2E2E2E2E2E2E2E2E2E2E2E2E2E2E2E2E2E2E2E2E2E2E2E2E2E2E2E2E2E2E2E2E2E2E2E2E2E2E2E2E2E2E2E2E2E2E2E2E2
310
E2E2E2E2E2E2E2E2E228282828282828BEBEBEBEBEBEBEBEE2E2E2E2E2E2E2E2E2E2E2E2E2E2E2E2E2E2E2E2E2E2E2E2E2E2E2E2E2282828282828282828BEBEBEBEBEBEBEE2BEBEBEE2E2E2E2E2E2E2E2E2E2E2E2E2E2E2E2E2E2E2E2E2E2E2E2E2E2E2E2E2E2E2E2E2E2E2E2E2E2E2E2E2E2E2E2E2E2E2E2E2E2E2E2E2E2
310
E2E2E2E2E2E2E2E2E2E2E2E2E2E2E2E2E2E2E2E2E2E2E2E2E2E2E2E2E2E2E2E2E2E2E2E2E2E2E2E2E2E2E2E2E2E2E2E2E2E2E2E2E2E2E2E2E2E2E2E2E2E2E2E2E2E2E2E2E2E2E2E2E2E2E2E2E2E2E2E2E2E2E2E2E2E2E2E2E2E2E2E2E2E2E2E2E2E2E2E2E2E2E2E2E2E2E2E2E2E2E2E2E2E2E2E2E2E2E2E2E2E2E2E2E2E2E2
310
E2E2E2E2E2E2E2E2E2E2E22828E228282828BEBEBEBEBEBEBEBEE2E2E2E2E2E2E2E2E2E2E2E2E2E2E2E2E2E2E2E2E2E2E2E2E2E2E2E2E2282828282828282828BEBEBEBEBEBEBEE2BEBEBEE2E2E2E2E2E2E2E2E2E2E2E2E2E2E2E2E2E2E2E2E2E2E2E2E2E2E2E2E2E2E2E2E2E2E2E2E2E2E2E2E2E2E2E2E2E2E2E2E2E2E2E2
310
E2E2E2E2E2E2E2E2E2E2E2E2E2E2E2E2E2E2E2E2E2E2E2E2E2E2E2E2E2E2E2E2E2E2E2E2E2E2E2E2E2E2E2E2E2E2E2E2E2E2E2E2E2E2E2E2E2E2E2E2E2E2E2E2E2E2E2E2E2E2E2E2E2E2E2E2E2E2E2E2E2E2E2E2E2E2E2E2E2E2E2E2E2E2E2E2E2E2E2E2E2E2E2E2E2E2E2E2E2E2E2E2E2E2E2E2E2E2E2E2E2E2E2E2E2E2E2
310
E2E2E2E2E2E2E2E2E2E2E2E2E2282828E2E2E2E2BEBEBEBEE2E2E2E2E2E2E2E2E2E2E2E2E2E2E2E2E2E2E2E2E2E2E2E2E2E2E2E2E2E2E2E2E2282828282828282828BEBEBEBEBEBEBEE2BEBEE2E2E2E2E2E2E2E2E2E2E2E2E2E2E2E2E2E2E2E2E2E2E2E2E2E2E2E2E2E2E2E2E2E2E2E2E2E2E2E2E2E2E2E2E2E2E2E2E2E2E2
310
E2E2E2E2E2E2E2E2E2E2E2E2E2E2E2E2E2E2E2E2E2E2E2E2E2E2E2E2E2E2E2E2E2E2E2E2E2E2E2E2E2E2E2E2E2E2E2E2E2E2E2E2E2E2E2E2E2E2E2E2E2E2E2E2E2E2E2E2E2E2E2E2E2E2E2E2E2E2E2E2E2E2E2E2E2E2E2E2E2E2E2E2E2E2E2E2E2E2E2E2E2E2E2E2E2E2E2E2E2E2E2E2E2E2E2E2E2E2E2E2E2E2E2E2E2E2E2
310
E2E2E2E2E2E2E2E2E2E2E2E2E2E2E228282828282828BEBEBEBEBEBEBEBEE2E2E2E2E2E2E2E2E2E2E2E2E2E2E2E2E2E2E2E2E2E2E2E2E2E2E2E2E2E2E2E2E2E2E2E2E2BEBEBEBEBEE2E2E2E2E2E2E2E2E2E2E2E2E2E2E2E2E2E2E2E2E2E2E2E2E2E2E2E2E2E2E2E2E2E2E2E2E2E2E2E2E2E2E2E2E2E2E2E2E2E2E2E2E2E2E2
310
E2E2E2E2E2E2E2E2E2E2E2E2E2E2E2E2E2E2E2E2E2E2E2E2E2E2E2E2E2E2E2E2E2E2E2E2E2E2E2E2E2E2E2E2E2E2E2E2E2E2E2E2E2E2E2E2E2E2E2E2E2E2E2E2E2E2E2E2E2E2E2E2E2E2E2E2E2E2E2E2E2E2E2E2E2E2E2E2E2E2E2E2E2E2E2E2E2E2E2E2E2E2E2E2E2E2E2E2E2E2E2E2E2E2E2E2E2E2E2E2E2E2E2E2E2E2E2
310
E2E2E2E2E2E2E2E2E2E2E2E2E2E2E2E2E228282828282828BEBEBEBEBEBEBEBEE2E2E2E2E2E2E2E2E2E2E2E2E2E2E2E2E2E2E2E2E2E2E2E2E2E2E2E2E228282828E2E2E2E2BEBEBEBEE2E2E2E2BEBEBEE2E2E2E2E2E2E2E2E2E2E2E2E2E2E2E2E2E2E2E2E2E2E2E2E2E2E2E2E2E2E2E2E2E2E2E2E2E2E2E2E2E2E2E2E2E2E2
310
E2E2E2E2E2E2E2E2E2E2E2E2E2E2E2E2E2E2E2E2E2E2E2E2E2E2E2E2E2E2E2E2E2E2E2E2E2E2E2E2E2E2E2E2E2E2E2E2E2E2E2E2E2E2E2E2E2E2E2E2E2E2E2E2E2E2E2E2E2E2E2E2E2E2E2E2E2E2E2E2E2E2E2E2E2E2E2E2E2E2E2E2E2E2E2E2E2E2E2E2E2E2E2E2E2E2E2E2E2E2E2E2E2E2E2E2E2E2E2E2E2E2E2E2E2E2E2
310
E2E2E2E2E2E2E2E2E2E2E2E2E2E2E2E2E2E2E22828E228282828BEBEBEBEBEBEBEBEE2E2E2E2E2E2E2E2E2E2E2E2E2E2E2E2E2E2E2E2E2E2E2E2E2E2E2E2E22828282828282828BEBEBEBEBEBEBEE2BEBEBEE2E2E2E2E2E2E2E2E2E2E2E2E2E2E2E2E2E2E2E2E2E2E2E2E2E2E2E2E2E2E2E2E2E2E2E2E2E2E2E2E2E2E2E2E2
310
E2E2E2E2E2E2E2E2E2E2E2E2E2E2E2E2E2E2E2E2E2E2E2E2E2E2E2E2E2E2E2E2E2E2E2E2E2E2E2E2E2E2E2E2E2E2E2E2E2E2E2E2E2E2E2E2E2E2E2E2E2E2E2E2E2E2E2E2E2E2E2E2E2E2E2E2E2E2E2E2E2E2E2E2E2E2E2E2E2E2E2E2E2E2E2E2E2E2E2E2E2E2E2E2E2E2E2E2E2E2E2E2E2E2E2E2E2E2E2E2E2E2E2E2E2E2E2
310
E2E2E2E2E2E2E2E2E2E2E2E2E2E2E2E2E2E2E2E2E2E22828E2E2E2E2BEBEBEBEE2E2E2E2E2E2E2E2E2E2E2E2E2E2E2E2E2E2E2E2E2E2E2E2E2E2E2E2E2E2E2E2E22828282828282828BEBEBEBEBEBEBEE2BEBEE2E2E2E2E2E2E2E2E2E2E2E2E2E2E2E2E2E2E2E2E2E2E2E2E2E2E2E2E2E2E2E2E2E2E2E2E2E2E2E2E2E2E2E2
310
E2E2E2E2E2E2E2E2E2E2E2E2E2E2E2E2E2E2E2E2E2E2E2E2E2E2E2E2E2E2E2E2E2E2E2E2E2E2E2E2E2E2E2E2E2E2E2E2E2E2E2E2E2E2E2E2E2E2E2E2E2E2E2E2E2E2E2E2E2E2E2E2E2E2E2E2E2E2E2E2E2E2E2E2E2E2E2E2E2E2E2E2E2E2E2E2E2E2E2E2E2E2E2E2E2E2E2E2E2E2E2E2E2E2E2E2E2E2E2E2E2E2E2E2E2E2E2
310
E2E2E2E2E2E2E2E2E2E2E2E2E2E2E2E2E2E2E2E2E2E2E228282828282828BEBEBEBEBEBEBEBEE2E2E2E2E2E2E2E2E2E2E2E2E2E2E2E2E2E2E2E2E2E2E2E2E2E2E2E2E2E2E2E2E228282828BEBEBEBEBEBEBEE2E2E2E2E2E2E2E2E2E2E2E2E2E2E2E2E2E2E2E2E2E2E2E2E2E2E2E2E2E2E2E2E2E2E2E2E2E2E2E2E2E2E2E2E2
310
E2E2E2E2E2E2E2E2E2E2E2E2E2E2E2E2E2E2E2E2E2E2E2E2E2E2E2E2E2E2E2E2E2E2E2E2E2E2E2E2E2E2E2E2E2E2E2E2E2E2E2E2E2E2E2E2E2E2E2E2E2E2E2E2E2E2E2E2E2E2E2E2E2E2E2E2E2E2E2E2E2E2E2E2E2E2E2E2E2E2E2E2E2E2E2E2E2E2E2E2E2E2E2E2E2E2E2E2E2E2E2E2E2E2E2E2E2E2E2E2E2E2E2E2E2E2E2
310
E2E2E2E2E2E2E2E2E2E2E2E2E2E2E2E2E2E2E2E2E2E2E2E2E228282828282828BEBEBEBEBEBEBEBEE2E2E2E2E2E2E2E2E2E2E2E2E2E2E2E2E2E2E2E2E2E2E2E2E2E2E2E2E22828E2E2E2E2E2E2BEBEBEBEE2E2E2E2BEBEBEE2E2E2E2E2E2E2E2E2E2E2E2E2E2E2E2E2E2E2E2E2E2E2E2E2E2E2E2E2E2E2E2E2E2E2E2E2E2E2
310
E2E2E2E2E2E2E2E2E2E2E2E2E2E2E2E2E2E2E2E2E2E2E2E2E2E2E2E2E2E2E2E2E2E2E2E2E2E2E2E2E2E2E2E2E2E2E2E2E2E2E2E2E2E2E2E2E2E2E2E2E2E2E2E2E2E2E2E2E2E2E2E2E2E2E2E2E2E2E2E2E2E2E2E2E2E2E2E2E2E2E2E2E2E2E2E2E2E2E2E2E2E2E2E2E2E2E2E2E2E2E2E2E2E2E2E2E2E2E2E2E2E2E2E2E2E2E2
310
E2E2E2E2E2E2E2E2E2E2E2E2E2E2E2E2E2E2E2E2E2E2E2E2E2E2E22828E228282828BEBEBEBEBEBEBEBEE2E2E2E2E2E2E2E2E2E2E2E2E2E2E2E2E2E2E2E2E2E2E2E2E2E2E2E2E22828282828282828BEBEBEBEBEBEBEE2BEBEBEE2E2E2E2E2E2E2E2E2E2E2E2E2E2E2E2E2E2E2E2E2E2E2E2E2E2E2E2E2E2E2E2E2E2E2E2E2
310
E2E2E2E2E2E2E2E2E2E2E2E2E2E2E2E2E2E2E2E2E2E2E2E2E2E2E2E2E2E2E2E2E2E2E2E2E2E2E2E2E2E2E2E2E2E2E2E2E2E2E2E2E2E2E2E2E2E2E2E2E2E2E2E2E2E2E2E2E2E2E2E2E2E2E2E2E2E2E2E2E2E2E2E2E2E2E2E2E2E2E2E2E2E2E2E2E2E2E2E2E2E2E2E2E2E2E2E2E2E2E2E2E2E2E2E2E2E2E2E2E2E2E2E2E2E2E2
310
E2E2E2E2E2E2E2E2E2E2E2E2E2E2E2E2E2E2E2E2E2E2E2E2E2E2E2E2E2E22828E2E2E2E2BEBEBEBEE2E2E2E2E2E2E2E2E2E2E2E2E2E2E2E2E2E2E2E2E2E2E2E2E2E2E2E2E2E2E2E2E22828282828282828BEBEBEBEBEBEBEE2BEBEBEE2E2E2E2E2E2E2E2E2E2E2E2E2E2E2E2E2E2E2E2E2E2E2E2E2E2E2E2E2E2E2E2E2E2E2
310
E2E2E2E2E2E2E2E2E2E2E2E2E2E2E2E2E2E2E2E2E2E2E2E2E2E2E2E2E2E2E2E2E2E2E2E2E2E2E2E2E2E2E2E2E2E2E2E2E2E2E2E2E2E2E2E2E2E2E2E2E2E2E2E2E2E2E2E2E2E2E2E2E2E2E2E2E2E2E2E2E2E2E2E2E2E2E2E2E2E2E2E2E2E2E2E2E2E2E2E2E2E2E2E2E2E2E2E2E2E2E2E2E2E2E2E2E2E2E2E2E2E2E2E2E2E2E2
310
E2E2E2E2E2E2E2E2E2E2E2E2E2E2E2E2E2E2E2E2E2E2E2E2E2E2E2E2E2E2E228282828282828BEBEBEBEBEBEBEBEE2E2E2E2E2E2E2E2E2E2E2E2E2E2E2E2E2E2E2E2E2E2E2E2E2E2E2E2E22828282828282828BEBEBEBEBEBEBEE2BEBEE2E2E2E2E2E2E2E2E2E2E2E2E2E2E2E2E2E2E2E2E2E2E2E2E2E2E2E2E2E2E2E2E2E2
310
E2E2E2E2E2E2E2E2E2E2E2E2E2E2E2E2E2E2E2E2E2E2E2E2E2E2E2E2E2E2E2E2E2E2E2E2E2E2E2E2E2E2E2E2E2E2E2E2E2E2E2E2E2E2E2E2E2E2E2E2E2E2E2E2E2E2E2E2E2E2E2E2E2E2E2E2E2E2E2E2E2E2E2E2E2E2E2E2E2E2E2E2E2E2E2E2E2E2E2E2E2E2E2E2E2E2E2E2E2E2E2E2E2E2E2E2E2E2E2E2E2E2E2E2E2E2E2
310
E2E2E2E2E2E2E2E2E2E2E2E2E2E2E2E2E2E2E2E2E2E2E2E2E2E2E2E2E2E2E2E2E228282828282828BEBEBEBEBEBEBEBEE2E2E2E2E2E2E2E2E2E2E2E2E2E2E2E2E2E2E2E2E2E2E2E2E2E2E2E2E228282828E2E2E2E2BEBEBEBEE2E2E2E2BEBEBEE2E2E2E2E2E2E2E2E2E2E2E2E2E2E2E2E2E2E2E2E2E2E2E2E2E2E2E2E2E2E2
310
E2E2E2E2E2E2E2E2E2E2E2E2E2E2E2E2E2E2E2E2E2E2E2E2E2E2E2E2E2E2E2E2E2E2E2E2E2E2E2E2E2E2E2E2E2E2E2E2E2E2E2E2E2E2E2E2E2E2E2E2E2E2E2E2E2E2E2E2E2E2E2E2E2E2E2E2E2E2E2E2E2E2E2E2E2E2E2E2E2E2E2E2E2E2E2E2E2E2E2E2E2E2E2E2E2E2E2E2E2E2E2E2E2E2E2E2E2E2E2E2E2E2E2E2E2E2E2
310
E2E2E2E2E2E2E2E2E2E2E2E2E2E2E2E2E2E2E2E2E2E2E2E2E2E2E2E2E2E2E2E2E2E2E22828E228282828BEBEBEBEBEBEBEBEE2E2E2E2E2E2E2E2E2E2E2E2E2E2E2E2E2E2E2E2E2E2E2E2E2E2E2E2E22828282828282828BEBEBEBEBEBEBEE2BEBEBEE2E2E2E2E2E2E2E2E2E2E2E2E2E2E2E2E2E2E2E2E2E2E2E2E2E2E2E2E2
310
E2E2E2E2E2E2E2E2E2E2E2E2E2E2E2E2E2E2E2E2E2E2E2E2E2E2E2E2E2E2E2E2E2E2E2E2E2E2E2E2E2E2E2E2E2E2E2E2E2E2E2E2E2E2E2E2E2E2E2E2E2E2E2E2E2E2E2E2E2E2E2E2E2E2E2E2E2E2E2E2E2E2E2E2E2E2E2E2E2E2E2E2E2E2E2E2E2E2E2E2E2E2E2E2E2E2E2E2E2E2E2E2E2E2E2E2E2E2E2E2E2E2E2E2E2E2E2
310
E2E2E2E2E2E2E2E2E2E2E2E2E2E2E2E2E2E2E2E2E2E2E2E2E2E2E2E2E2E2E2E2E2E2E2E2E2E228E2E2E2E2E2BEBEBEBEBEBEE2E2E2E2E2E2E2E2E2E2E2E2E2E2E2E2E2E2E2E2E2E2E2E2E2E2E2E2E2E2E22828282828282828BEBEBEBEBEBEBEE2BEBEE2E2E2E2E2E2E2E2E2E2E2E2E2E2E2E2E2E2E2E2E2E2E2E2E2E2E2E2
310
E2E2E2E2E2E2E2E2E2E2E2E2E2E2E2E2E2E2E2E2E2E2E2E2E2E2E2E2E2E2E2E2E2E2E2E2E2E2E2E2E2E2E2E2E2E2E2E2E2E2E2E2E2E2E2E2E2E2E2E2E2E2E2E2E2E2E2E2E2E2E2E2E2E2E2E2E2E2E2E2E2E2E2E2E2E2E2E2E2E2E2E2E2E2E2E2E2E2E2E2E2E2E2E2E2E2E2E2E2E2E2E2E2E2E2E2E2E2E2E2E2E2E2E2E2E2E2
310
E2E2E2E2E2E2E2E2E2E2E2E2E2E2E2E2E2E2E2E2E2E2E2E2E2E2E2E2E2E2E2E2E2E2E2E2E2E2282828E2E22828282828BEBEBEBEE2E2E2E2E2E2E2E2E2E2E2E2E2E2E2E2E2E2E2E2E2E2E2E2E2E2E2E2E2E2E2E2E2E2E228282828BEBEBEBEBEBEBEE2E2E2E2E2E2E2E2E2E2E2E2E2E2E2E2E2E2E2E2E2E2E2E2E2E2E2E2E2
310
E2E2E2E2E2E2E2E2E2E2E2E2E2E2E2E2E2E2E2E2E2E2E2E2E2E2E2E2E2E2E2E2E2E2E2E2E2E2E2E2E2E2E2E2E2E2E2E2E2E2E2E2E2E2E2E2E2E2E2E2E2E2E2E2E2E2E2E2E2E2E2E2E2E2E2E2E2E2E2E2E2E2E2E2E2E2E2E2E2E2E2E2E2E2E2E2E2E2E2E2E2E2E2E2E2E2E2E2E2E2E2E2E2E2E2E2E2E2E2E2E2E2E2E2E2E2E2
310
E2E2E2E2E2E2E2E2E2E2E2E2E2E2E2E2E2E2E2E2E2E2E2E2E2E2E2E2E2E2E2E2E2E2E2E2E2E2E2E2282828E2E22828282828BEBEBEBEBEBEBEE2E2E2E2E2E2E2E2E2E2E2E2E2E2E2E2E2E2E2E2E2E2E2E2E2E2E2E228282828E2E2E2E2BEBEBEBEE2E2E2E2BEBEBEE2E2E2E2E2E2E2E2E2E2E2E2E2E2E2E2E2E2E2E2E2E2E2
310
E2E2E2E2E2E2E2E2E2E2E2E2E2E2E2E2E2E2E2E2E2E2E2E2E2E2E2E2E2E2E2E2E2E2E2E2E2E2E2E2E2E2E2E2E2E2E2E2E2E2E2E2E2E2E2E2E2E2E2E2E2E2E2E2E2E2E2E2E2E2E2E2E2E2E2E2E2E2E2E2E2E2E2E2E2E2E2E2E2E2E2E2E2E2E2E2E2E2E2E2E2E2E2E2E2E2E2E2E2E2E2E2E2E2E2E2E2E2E2E2E2E2E2E2E2E2E2
310
E2E2E2E2E2E2E2E2E2E2E2E2E2E2E2E2E2E2E2E2E2E2E2E2E2E2E2E2E2E2E2E2E2E2E2E2E2E2E2E2E2E228282828282828282828BEBEBEBEBEBEBEE2E2E2E2E2E2E2E2E2E2E2E2E2E2E2E2E2E2E2E2E2E2E2E2E2E2E2E22828282828282828BEBEBEBEBEBEBEE2BEBEBEE2E2E2E2E2E2E2E2E2E2E2E2E2E2E2E2E2E2E2E2E2
310
E2E2E2E2E2E2E2E2E2E2E2E2E2E2E2E2E2E2E2E2E2E2E2E2E2E2E2E2E2E2E2E2E2E2E2E2E2E2E2E2E2E2E2E2E2E2E2E2E2E2E2E2E2E2E2E2E2E2E2E2E2E2E2E2E2E2E2E2E2E2E2E2E2E2E2E2E2E2E2E2E2E2E2E2E2E2E2E2E2E2E2E2E2E2E2E2E2E2E2E2E2E2E2E2E2E2E2E2E2E2E2E2E2E2E2E2E2E2E2E2E2E2E2E2E2E2E2
310
E2E2E2E2E2E2E2E2E2E2E2E2E2E2E2E2E2E2E2E2E2E2E2E2E2E2E2E2E2E2E2E2E2E2E2E2E2E2E2E2E2E2E2E2E2E2282828E2E2E2E2E2BEBEBEBEBEBEBEE2E2E2E2E2E2E2E2E2E2E2E2E2E2E2E2E2E2E2E2E2E2E2E2E2E2E2E22828282828282828BEBEBEBEBEBEBEE2BEBEE2E2E2E2E2E2E2E2E2E2E2E2E2E2E2E2E2E2E2E2
310
E2E2E2E2E2E2E2E2E2E2E2E2E2E2E2E2E2E2E2E2E2E2E2E2E2E2E2E2E2E2E2E2E2E2E2E2E2E2E2E2E2E2E2E2E2E2E2E2E2E2E2E2E2E2E2E2E2E2E2E2E2E2E2E2E2E2E2E2E2E2E2E2E2E2E2E2E2E2E2E2E2E2E2E2E2E2E2E2E2E2E2E2E2E2E2E2E2E2E2E2E2E2E2E2E2E2E2E2E2E2E2E2E2E2E2E2E2E2E2E2E2E2E2E2E2E2E2
310
E2E2E2E2E2E2E2E2E2E2E2E2E2E2E2E2E2E2E2E2E2E2E2E2E2E2E2E2E2E2E2E2E2E2E2E2E2E2E2E2E2E2E2E2E2E2282828E2E2E2E2E2BEBEBEBEE2E2E2E2E2E2E2E2E2E2E2E2E2E2E2E2E2E2E2E2E2E2E2E2E2E2E2E2E2E2E2E2E2E228E2E228282828BEBEBEBEBEBEBEE2E2E2E2E2E2E2E2E2E2E2E2E2E2E2E2E2E2E2E2E2
310
E2E2E2E2E2E2E2E2E2E2E2E2E2E2E2E2E2E2E2E2E2E2E2E2E2E2E2E2E2E2E2E2E2E2E2E2E2E2E2E2E2E2E2E2E2E2E2E2E2E2E2E2E2E2E2E2E2E2E2E2E2E2E2E2E2E2E2E2E2E2E2E2E2E2E2E2E2E2E2E2E2E2E2E2E2E2E2E2E2E2E2E2E2E2E2E2E2E2E2E2E2E2E2E2E2E2E2E2E2E2E2E2E2E2E2E2E2E2E2E2E2E2E2E2E2E2E2
310
E2E2E2E2E2E2E2E2E2E2E2E2E2E2E2E2E2E2E2E2E2E2E2E2E2E2E2E2E2E2E2E2E2E2E2E2E2E2E2E2E2E2E2E2E2E2E2E22828282828282828BEBEBEBEBEBEBEE2E2E2E2E2E2E2E2E2E2E2E2E2E2E2E2E2E2E2E2E2E2E2E2E2E2E2E2E2E22828282828282828BEBEBEBEBEBEBEE2BEBEBEE2E2E2E2E2E2E2E2E2E2E2E2E2E2E2
310
E2E2E2E2E2E2E2E2E2E2E2E2E2E2E2E2E2E2E2E2E2E2E2E2E2E2E2E2E2E2E2E2E2E2E2E2E2E2E2E2E2E2E2E2E2E2E2E2E2E2E2E2E2E2E2E2E2E2E2E2E2E2E2E2E2E2E2E2E2E2E2E2E2E2E2E2E2E2E2E2E2E2E2E2E2E2E2E2E2E2E2E2E2E2E2E2E2E2E2E2E2E2E2E2E2E2E2E2E2E2E2E2E2E2E2E2E2E2E2E2E2E2E2E2E2E2E2
310
E2E2E2E2E2E2E2E2E2E2E2E2E2E2E2E2E2E2E2E2E2E2E2E2E2E2E2E2E2E2E2E2E2E2E2E2E2E2E2E2E2E2E2E2E2E2E2E2E2E22828E22828282828BEBEBEBEBEBEBEE2E2E2E2E2E2E2E2E2E2E2E2E2E2E2E2E2E2E2E2E2E2E2E2E2E2E2E2E2E22828282828282828BEBEBEBEBEBEBEE2BEBEBEE2E2E2E2E2E2E2E2E2E2E2E2E2
310
E2E2E2E2E2E2E2E2E2E2E2E2E2E2E2E2E2E2E2E2E2E2E2E2E2E2E2E2E2E2E2E2E2E2E2E2E2E2E2E2E2E2E2E2E2E2E2E2E2E2E2E2E2E2E2E2E2E2E2E2E2E2E2E2E2E2E2E2E2E2E2E2E2E2E2E2E2E2E2E2E2E2E2E2E2E2E2E2E2E2E2E2E2E2E2E2E2E2E2E2E2E2E2E2E2E2E2E2E2E2E2E2E2E2E2E2E2E2E2E2E2E2E2E2E2E2E2
310
E2E2E2E2E2E2E2E2E2E2E2E2E2E2E2E2E2E2E2E2E2E2E2E2E2E2E2E2E2E2E2E2E2E2E2E2E2E2E2E2E2E2E2E2E2E2E2E2E2E2E2E22828282828282828BEBEBEBEBEBEBEE2E2E2E2E2E2E2E2E2E2E2E2E2E2E2E2E2E2E2E2E2E2E2E2E2E2E2E2E2E22828282828282828BEBEBEBEBEBEBEE2BEBEE2E2E2E2E2E2E2E2E2E2E2E2
310
E2E2E2E2E2E2E2E2E2E2E2E2E2E2E2E2E2E2E2E2E2E2E2E2E2E2E2E2E2E2E2E2E2E2E2E2E2E2E2E2E2E2E2E2E2E2E2E2E2E2E2E2E2E2E2E2E2E2E2E2E2E2E2E2E2E2E2E2E2E2E2E2E2E2E2E2E2E2E2E2E2E2E2E2E2E2E2E2E2E2E2E2E2E2E2E2E2E2E2E2E2E2E2E2E2E2E2E2E2E2E2E2E2E2E2E2E2E2E2E2E2E2E2E2E2E2E2
310
E2E2E2E2E2E2E2E2E2E2E2E2E2E2E2E2E2E2E2E2E2E2E2E2E2E2E2E2E2E2E2E2E2E2E2E2E2E2E2E2E2E2E2E2E2E2E2E2E2E2E2E2E2E2E2282828E2E2E2E2BEBEBEBEE2E2E2E2E2E2E2E2E2E2E2E2E2E2E2E2E2E2E2E2E2E2E2E2E2E2E2E2E2E2E2E2E2E2E2E2E2E2E2E2E2BEBEBEBEBEE2E2E2E2E2E2E2E2E2E2E2E2E2E2E2
310
E2E2E2E2E2E2E2E2E2E2E2E2E2E2E2E2E2E2E2E2E2E2E2E2E2E2E2E2E2E2E2E2E2E2E2E2E2E2E2E2E2E2E2E2E2E2E2E2E2E2E2E2E2E2E2E2E2E2E2E2E2E2E2E2E2E2E2E2E2E2E2E2E2E2E2E2E2E2E2E2E2E2E2E2E2E2E2E2E2E2E2E2E2E2E2E2E2E2E2E2E2E2E2E2E2E2E2E2E2E2E2E2E2E2E2E2E2E2E2E2E2E2E2E2E2E2E2
310
E2E2E2E2E2E2E2E2E2E2E2E2E2E2E2E2E2E2E2E2E2E2E2E2E2E2E2E2E2E2E2E2E2E2E2E2E2E2E2E2E2E2E2E2E2E2E2E2E2E2E2E2E2E2E2E2E228282828282828BEBEBEBEBEBEBEE2E2E2E2E2E2E2E2E2E2E2E2E2E2E2E2E2E2E2E2E2E2E2E2E2E2E2E2E2E228282828E2E2E2E2BEBEBEBEBEE2E2E2E2BEBEE2E2E2E2E2E2E2
310
E2E2E2E2E2E2E2E2E2E2E2E2E2E2E2E2E2E2E2E2E2E2E2E2E2E2E2E2E2E2E2E2E2E2E2E2E2E2E2E2E2E2E2E2E2E2E2E2E2E2E2E2E2E2E2E2E2E2E2E2E2E2E2E2E2E2E2E2E2E2E2E2E2E2E2E2E2E2E2E2E2E2E2E2E2E2E2E2E2E2E2E2E2E2E2E2E2E2E2E2E2E2E2E2E2E2E2E2E2E2E2E2E2E2E2E2E2E2E2E2E2E2E2E2E2E2E2
310
E2E2E2E2E2E2E2E2E2E2E2E2E2E2E2E2E2E2E2E2E2E2E2E2E2E2E2E2E2E2E2E2E2E2E2E2E2E2E2E2E2E2E2E2E2E2E2E2E2E2E2E2E2E2E2E2E2E2E228282828282828BEBEBEBEBEBEBEE2E2E2E2E2E2E2E2E2E2E2E2E2E2E2E2E2E2E2E2E2E2E2E2E2E2E2E2E2E22828282828282828BEBEBEBEBEBEBEBEE2BEBEE2E2E2E2E2
310
E2E2E2E2E2E2E2E2E2E2E2E2E2E2E2E2E2E2E2E2E2E2E2E2E2E2E2E2E2E2E2E2E2E2E2E2E2E2E2E2E2E2E2E2E2E2E2E2E2E2E2E2E2E2E2E2E2E2E2E2E2E2E2E2E2E2E2E2E2E2E2E2E2E2E2E2E2E2E2E2E2E2E2E2E2E2E2E2E2E2E2E2E2E2E2E2E2E2E2E2E2E2E2E2E2E2E2E2E2E2E2E2E2E2E2E2E2E2E2E2E2E2E2E2E2E2E2
310
E2E2E2E2E2E2E2E2E2E2E2E2E2E2E2E2E2E2E2E2E2E2E2E2E2E2E2E2E2E2E2E2E2E2E2E2E2E2E2E2E2E2E2E2E2E2E2E2E2E2E2E2E2E2E2E2E2E2E2E2E228282828282828BEBEBEBEBEBEBEE2E2E2E2E2E2E2E2E2E2E2E2E2E2E2E2E2E2E2E2E2E2E2E2E2E2E2E2E2E22828282828282828BEBEBEBEBEBEBEBEE2BEBEE2E2E2
310
E2E2E2E2E2E2E2E2E2E2E2E2E2E2E2E2E2E2E2E2E2E2E2E2E2E2E2E2E2E2E2E2E2E2E2E2E2E2E2E2E2E2E2E2E2E2E2E2E2E2E2E2E2E2E2E2E2E2E2E2E2E2E2E2E2E2E2E2E2E2E2E2E2E2E2E2E2E2E2E2E2E2E2E2E2E2E2E2E2E2E2E2E2E2E2E2E2E2E2E2E2E2E2E2E2E2E2E2E2E2E2E2E2E2E2E2E2E2E2E2E2E2E2E2E2E2E2
310
E2E2E2E2E2E2E2E2E2E2E2E2E2E2E2E2E2E2E2E2E2E2E2E2E2E2E2E2E2E2E2E2E2E2E2E2E2E2E2E2E2E2E2E2E2E2E2E2E2E2E2E2E2E2E2E2E2E2E2E2E2E2E2E22828E2E2E2E2BEBEBEBEE2E2E2E2E2E2E2E2E2E2E2E2E2E2E2E2E2E2E2E2E2E2E2E2E2E2E2E2E2E2E2E2E22828282828282828BEBEBEBEBEE2E2E2BEBEBEE2
310
E2E2E2E2E2E2E2E2E2E2E2E2E2E2E2E2E2E2E2E2E2E2E2E2E2E2E2E2E2E2E2E2E2E2E2E2E2E2E2E2E2E2E2E2E2E2E2E2E2E2E2E2E2E2E2E2E2E2E2E2E2E2E2E2E2E2E2E2E2E2E2E2E2E2E2E2E2E2E2E2E2E2E2E2E2E2E2E2E2E2E2E2E2E2E2E2E2E2E2E2E2E2E2E2E2E2E2E2E2E2E2E2E2E2E2E2E2E2E2E2E2E2E2E2E2E2E2
310
E2E2E2E2E2E2E2E2E2E2E2E2E2E2E2E2E2E2E2E2E2E2E2E2E2E2E2E2E2E2E2E2E2E2E2E2E2E2E2E2E2E2E2E2E2E2E2E2E2E2E2E2E2E2E2E2E2E2E2E2E2E2E2E2E228282828282828BEBEBEBEBEBEBEE2E2E2E2E2E2E2E2E2E2E2E2E2E2E2E2E2E2E2E2E2E2E2E2E2E2E2E2E2E22828282828282828BEBEBEBEBEBEBEE2BEBE
310
BEE2E2E2E2E2E2E2E2E2E2E2E2E2E2E2E2E2E2E2E2E2E2E2E2E2E2E2E2E2E2E2E2E2E2E2E2E2E2E2E2E2E2E2E2E2E2E2E2E2E2E2E2E2E2E2E2E2E2E2E2E2E2E2E2E2E2E2E2E2E2E2E2E2E2E2E2E2E2E2E2E2E2E2E2E2E2E2E2E2E2E2E2E2E2E2E2E2E2E2E2E2E2E2E2E2E2E2E2E2E2E2E2E2E2E2E2E2E2E2E2E2E2E2E2E2E2
310
E2E2E2E2E2E2E2E2E2E2E2E2E2E2E2E2E2E2E2E2E2E2E2E2E2E2E2E2E2E2E2E2E2E2E2E2E2E2E2E2E2E2E2E2E2E2E2E2E2E2E2E2E2E2E2E2E2E2E2E2E2E2E2E2E2E2E228282828282828BEBEBEBEBEBEBEE2E2E2E2E2E2E2E2E2E2E2E2E2E2E2E2E2E2E2E2E2E2E2E2E2E2E2E2E2E22828282828282828BEBEBEBEBEBEBEE2
310
BEBEBEE2E2E2E2E2E2E2E2E2E2E2E2E2E2E2E2E2E2E2E2E2E2E2E2E2E2E2E2E2E2E2E2E2E2E2E2E2E2E2E2E2E2E2E2E2E2E2E2E2E2E2E2E2E2E2E2E2E2E2E2E2E2E2E2E2E2E2E2E2E2E2E2E2E2E2E2E2E2E2E2E2E2E2E2E2E2E2E2E2E2E2E2E2E2E2E2E2E2E2E2E2E2E2E2E2E2E2E2E2E2E2E2E2E2E2E2E2E2E2E2E2E2E2E2
310
E2E2E2E2E2E2E2E2E2E2E2E2E2E2E2E2E2E2E2E2E2E2E2E2E2E2E2E2E2E2E2E2E2E2E2E2E2E2E2E2E2E2E2E2E2E2E2E2E2E2E2E2E2E2E2E2E2E2E2E2E2E2E2E2E2E2E2E2E22828E228282828BEBEBEBEBEBEBEE2E2E2E2E2E2E2E2E2E2E2E2E2E2E2E2E2E2E2E2E2E2E2E2E2E2E2E2E2E2E228E2E228282828BEBEBEBEBEBE
310
BEE2E2E2E2E2E2E2E2E2E2E2E2E2E2E2E2E2E2E2E2E2E2E2E2E2E2E2E2E2E2E2E2E2E2E2E2E2E2E2E2E2E2E2E2E2E2E2E2E2E2E2E2E2E2E2E2E2E2E2E2E2E2E2E2E2E2E2E2E2E2E2E2E2E2E2E2E2E2E2E2E2E2E2E2E2E2E2E2E2E2E2E2E2E2E2E2E2E2E2E2E2E2E2E2E2E2E2E2E2E2E2E2E2E2E2E2E2E2E2E2E2E2E2E2E2E2
310
E2E2E2E2E2E2E2E2E2E2E2E2E2E2E2E2E2E2E2E2E2E2E2E2E2E2E2E2E2E2E2E2E2E2E2E2E2E2E2E2E2E2E2E2E2E2E2E2E2E2E2E2E2E2E2E2E2E2E2E2E2E2E2E2E2E2E2E2E2E2E2E22828E2E2E2E2BEBEBEBEE2E2E2E2E2E2E2E2E2E2E2E2E2E2E2E2E2E2E2E2E2E2E2E2E2E2E2E2E2E2E2E2E228282828E2E2E2E2BEBEBEBE
310
E2E2E2E2BEBEBEE2E2E2E2E2E2E2E2E2E2E2E2E2E2E2E2E2E2E2E2E2E2E2E2E2E2E2E2E2E2E2E2E2E2E2E2E2E2E2E2E2E2E2E2E2E2E2E2E2E2E2E2E2E2E2E2E2E2E2E2E2E2E2E2E2E2E2E2E2E2E2E2E2E2E2E2E2E2E2E2E2E2E2E2E2E2E2E2E2E2E2E2E2E2E2E2E2E2E2E2E2E2E2E2E2E2E2E2E2E2E2E2E2E2E2E2E2E2E2E2
310
E2E2E2E2E2E2E2E2E2E2E2E2E2E2E2E2E2E2E2E2E2E2E2E2E2E2E2E2E2E2E2E2E2E2E2E2E2E2E2E2E2E2E2E2E2E2E2E2E2E2E2E2E2E2E2E2E2E2E2E2E2E2E2E2E2E2E2E2E2E2E2E2E228282828282828BEBEBEBEBEBEBEBEE2E2E2E2E2E2E2E2E2E2E2E2E2E2E2E2E2E2E2E2E2E2E2E2E2E2E2E2E22828282828282828BEBE
310
BEBEBEBEBEE2BEBEBEE2E2E2E2E2E2E2E2E2E2E2E2E2E2E2E2E2E2E2E2E2E2E2E2E2E2E2E2E2E2E2E2E2E2E2E2E2E2E2E2E2E2E2E2E2E2E2E2E2E2E2E2E2E2E2E2E2E2E2E2E2E2E2E2E2E2E2E2E2E2E2E2E2E2E2E2E2E2E2E2E2E2E2E2E2E2E2E2E2E2E2E2E2E2E2E2E2E2E2E2E2E2E2E2E2E2E2E2E2E2E2E2E2E2E2E2E2E2
310
E2E2E2E2E2E2E2E2E2E2E2E2E2E2E2E2E2E2E2E2E2E2E2E2E2E2E2E2E2E2E2E2E2E2E2E2E2E2E2E2E2E2E2E2E2E2E2E2E2E2E2E2E2E2E2E2E2E2E2E2E2E2E2E2E2E2E2E2E2E2E2E2E2E2E228282828282828BEBEBEBEBEBEBEBEE2E2E2E2E2E2E2E2E2E2E2E2E2E2E2E2E2E2E2E2E2E2E2E2E2E2E2E2E22828282828282828
310
BEBEBEBEBEBEBEE2BEBEBEE2E2E2E2E2E2E2E2E2E2E2E2E2E2E2E2E2E2E2E2E2E2E2E2E2E2E2E2E2E2E2E2E2E2E2E2E2E2E2E2E2E2E2E2E2E2E2E2E2E2E2E2E2E2E2E2E2E2E2E2E2E2E2E2E2E2E2E2E2E2E2E2E2E2E2E2E2E2E2E2E2E2E2E2E2E2E2E2E2E2E2E2E2E2E2E2E2E2E2E2E2E2E2E2E2E2E2E2E2E2E2E2E2E2E2E2
310
E2E2E2E2E2E2E2E2E2E2E2E2E2E2E2E2E2E2E2E2E2E2E2E2E2E2E2E2E2E2E2E2E2E2E2E2E2E2E2E2E2E2E2E2E2E2E2E2E2E2E2E2E2E2E2E2E2E2E2E2E2E2E2E2E2E2E2E2E2E2E2E2E2E2E2E2E228282828282828BEBEBEBEBEBEBEBEE2E2E2E2E2E2E2E2E2E2E2E2E2E2E2E2E2E2E2E2E2E2E2E2E2E2E2E2E2E228E2E2E2E2
310
E2E2BEBEBEBEBEBEBEE2BEBEE2E2E2E2E2E2E2E2E2E2E2E2E2E2E2E2E2E2E2E2E2E2E2E2E2E2E2E2E2E2E2E2E2E2E2E2E2E2E2E2E2E2E2E2E2E2E2E2E2E2E2E2E2E2E2E2E2E2E2E2E2E2E2E2E2E2E2E2E2E2E2E2E2E2E2E2E2E2E2E2E2E2E2E2E2E2E2E2E2E2E2E2E2E2E2E2E2E2E2E2E2E2E2E2E2E2E2E2E2E2E2E2E2E2E2
310
E2E2E2E2E2E2E2E2E2E2E2E2E2E2E2E2E2E2E2E2E2E2E2E2E2E2E2E2E2E2E2E2E2E2E2E2E2E2E2E2E2E2E2E2E2E2E2E2E2E2E2E2E2E2E2E2E2E2E2E2E2E2E2E2E2E2E2E2E2E2E2E2E2E2E2E2E2E2E2E22828E2E2E2E2BEBEBEBEE2E2E2E2E2E2E2E2E2E2E2E2E2E2E2E2E2E2E2E2E2E2E2E2E2E2E2E2E2E2E2E2E228282828
310
28282828BEBEBEBEBEBEBEE2BEBEBEE2E2E2E2E2E2E2E2E2E2E2E2E2E2E2E2E2E2E2E2E2E2E2E2E2E2E2E2E2E2E2E2E2E2E2E2E2E2E2E2E2E2E2E2E2E2E2E2E2E2E2E2E2E2E2E2E2E2E2E2E2E2E2E2E2E2E2E2E2E2E2E2E2E2E2E2E2E2E2E2E2E2E2E2E2E2E2E2E2E2E2E2E2E2E2E2E2E2E2E2E2E2E2E2E2E2E2E2E2E2E2E2
310
E2E2E2E2E2E2E2E2E2E2E2E2E2E2E2E2E2E2E2E2E2E2E2E2E2E2E2E2E2E2E2E2E2E2E2E2E2E2E2E2E2E2E2E2E2E2E2E2E2E2E2E2E2E2E2E2E2E2E2E2E2E2E2E2E2E2E2E2E2E2E2E2E2E2E2E2E2E2E2E2E2E2E2E2E2E2E2E2E2E2E2E2E2E2E2E2282828E2E2E2E2E2BEBEBEBEE2E2E2E2E2E2E2E2E2E2E2E2E2E2E2E2E22828
310
282828282828BEBEBEBEBEBEBEE2BEBEBEE2E2E2E2E2E2E2E2E2E2E2E2E2E2E2E2E2E2E2E2E2E2E2E2E2E2E2E2E2E2E2E2E2E2E2E2E2E2E2E2E2E2E2E2E2E2E2E2E2E2E2E2E2E2E2E2E2E2E2E2E2E2E2E2E2E2E2E2E2E2E2E2E2E2E2E2E2E2E2E2E2E2E2E2E2E2E2E2E2E2E2E2E2E2E2E2E2E2E2E2E2E2E2E2E2E2E2E2E2E2
310
E2E2E2E2E2E2E2E2E2E2E2E2E2E2E2E2E2E2E2E2E2E2E2E2E2E2E2E2E2E2E2E2E2E2E2E2E2E2E2E2E2E2E2E2E2E2E2E2E2E2E2E2E2E2E2E2E2E2E2E2E2E2E2E2E2E2E2E2E2E2E2E2E2E2E2E2E2E2E2E2E2E2E2E2E2E2E2E2E2E2E2E2E2E2E2E2E2E228282828282828E2BEBEBEBEBEBEE2E2E2E2E2E2E2E2E2E2E2E2E2E2E2
310
2828282828282828BEBEBEBEBEBEBEE2BEBEE2E2E2E2E2E2E2E2E2E2E2E2E2E2E2E2E2E2E2E2E2E2E2E2E2E2E2E2E2E2E2E2E2E2E2E2E2E2E2E2E2E2E2E2E2E2E2E2E2E2E2E2E2E2E2E2E2E2E2E2E2E2E2E2E2E2E2E2E2E2E2E2E2E2E2E2E2E2E2E2E2E2E2E2E2E2E2E2E2E2E2E2E2E2E2E2E2E2E2E2E2E2E2E2E2E2E2E2E2
310
E2E2E2E2E2E2E2E2E2E2E2E2E2E2E2E2E2E2E2E2E2E2E2E2E2E2E2E2E2E2E2E2E2E2E2E2E2E2E2E2E2E2E2E2E2E2E2E2E2E2E2E2E2E2E2E2E2E2E2E2E2E2E2E2E2E2E2E2E2E2E2E2E2E2E2E2E2E2E2E2E2E2E2E2E2E2E2E2E2E2E2E2E2E2E2E2E2E2E2E228282828282828E2BEBEBEBEBEBEE2E2E2E2E2E2E2E2E2E2E2E2E2
310
E2E228282828E2E2E2E2BEBEBEBEE2E2E2E2BEBEBEE2E2E2E2E2E2E2E2E2E2E2E2E2E2E2E2E2E2E2E2E2E2E2E2E2E2E2E2E2E2E2E2E2E2E2E2E2E2E2E2E2E2E2E2E2E2E2E2E2E2E2E2E2E2E2E2E2E2E2E2E2E2E2E2E2E2E2E2E2E2E2E2E2E2E2E2E2E2E2E2E2E2E2E2E2E2E2E2E2E2E2E2E2E2E2E2E2E2E2E2E2E2E2E2E2E2
310
E2E2E2E2E2E2E2E2E2E2E2E2E2E2E2E2E2E2E2E2E2E2E2E2E2E2E2E2E2E2E2E2E2E2E2E2E2E2E2E2E2E2E2E2E2E2E2E2E2E2E2E2E2E2E2E2E2E2E2E2E2E2E2E2E2E2E2E2E2E2E2E2E2E2E2E2E2E2E2E2E2E2E2E2E2E2E2E2E2E2E2E2E2E2E2E2E2E2E2E2E2E2E2282828282828E2BEBEBEBEBEBEE2E2E2E2E2E2E2E2E2E2E2
310
E2E2E2E22828282828282828BEBEBEBEBEBEBEE2BEBEBEE2E2E2E2E2E2E2E2E2E2E2E2E2E2E2E2E2E2E2E2E2E2E2E2E2E2E2E2E2E2E2E2E2E2E2E2E2E2E2E2E2E2E2E2E2E2E2E2E2E2E2E2E2E2E2E2E2E2E2E2E2E2E2E2E2E2E2E2E2E2E2E2E2E2E2E2E2E2E2E2E2E2E2E2E2E2E2E2E2E2E2E2E2E2E2E2E2E2E2E2E2E2E2E2
310
E2E2E2E2E2E2E2E2E2E2E2E2E2E2E2E2E2E2E2E2E2E2E2E2E2E2E2E2E2E2E2E2E2E2E2E2E2E2E2E2E2E2E2E2E2E2E2E2E2E2E2E2E2E2E2E2E2E2E2E2E2E2E2E2E2E2E2E2E2E2E2E2E2E2E2E2E2E2E2E2E2E2E2E2E2E2E2282828E2E2E2E2E2E2BEBEBEBEE2E2E2E2E2E2E2E2E2E2E2E2BEBEBEBEE2E2E2E2E2E2E2E2E2E2E2
310
E2E2E2E2E2E22828282828282828BEBEBEBEBEBEBEE2BEBEBEE2E2E2E2E2E2E2E2E2E2E2E2E2E2E2E2E2E2E2E2E2E2E2E2E2E2E2E2E2E2E2E2E2E2E2E2E2E2E2E2E2E2E2E2E2E2E2E2E2E2E2E2E2E2E2E2E2E2E2E2E2E2E2E2E2E2E2E2E2E2E2E2E2E2E2E2E2E2E2E2E2E2E2E2E2E2E2E2E2E2E2E2E2E2E2E2E2E2E2E2E2E2
310
E2E2E2E2E2E2E2E2E2E2E2E2E2E2E2E2E2E2E2E2E2E2E2E2E2E2E2E2E2E2E2E2E2E2E2E2E2E2E2E2E2E2E2E2E2E2E2E2E2E2E2E2E2E2E2E2E2E2E2E2E2E2E2E2E2E2E2E2E2E2E2E2E2E2E2E2E2E2E2E2E2E2E2E2E2E2E2E2E2282828E2282828E2E2BEBEBEBEBEE2E2E228282828282828E2BEBEBEBEE2E2E2E2E2E2E2E2E2
310
E2E2E2E2E2E2E2E2E2E2E2E228282828BEBEBEBEBEBEBEE2E2E2E2E2E2E2E2E2E2E2E2E2E2E2E2E2E2E2E2E2E2E2E2E2E2E2E2E2E2E2E2E2E2E2E2E2E2E2E2E2E2E2E2E2E2E2E2E2E2E2E2E2E2E2E2E2E2E2E2E2E2E2E2E2E2E2E2E2E2E2E2E2E2E2E2E2E2E2E2E2E2E2E2E2E2E2E2E2E2E2E2E2E2E2E2E2E2E2E2E2E2E2E2
310
E2E2E2E2E2E2E2E2E2E2E2E2E2E2E2E2E2E2E2E2E2E2E2E2E2E2E2E2E2E2E2E2E2E2E2E2E2E2E2E2E2E2E2E2E2E2E2E2E2E2E2E2E2E2E2E2E2E2E2E2E2E2E2E2E2E2E2E2E2E2E2E2E2E2E2E2E2E2E2E2E2E2E2E2E2E2E2E2E2E2E22828E2E2282828E2E2BEBEBEBEBEE2E2E228282828282828E2BEBEBEBEBEBEE2E2E2E2E2
310
E2E2E2E2E2E2E2E2E2E2E228E2E2E2E2E2E2BEBEBEBEE2E2E2E2E2E2E2E2E2E2E2E2E2E2E2E2E2E2E2E2E2E2E2E2E2E2E2E2E2E2E2E2E2E2E2E2E2E2E2E2E2E2E2E2E2E2E2E2E2E2E2E2E2E2E2E2E2E2E2E2E2E2E2E2E2E2E2E2E2E2E2E2E2E2E2E2E2E2E2E2E2E2E2E2E2E2E2E2E2E2E2E2E2E2E2E2E2E2E2E2E2E2E2E2E2
310
E2E2E2E2E2E2E2E2E2E2E2E2E2E2E2E2E2E2E2E2E2E2E2E2E2E2E2E2E2E2E2E2E2E2E2E2E2E2E2E2E2E2E2E2E2E2E2E2E2E2E2E2E2E2E2E2E2E2E2E2E2E2E2E2E2E2E2E2E2E2E2E2E2E2E2E2E2E2E2E2E2E2E2E2E2E2E2E2E2E2E2E2E22828E2E2282828E2E2BEBEBEBEBEE2E2E228282828282828E2BEBEBEBEBEBEE2E2E2
310
E2E2E2E2E2E2E2E2E2E2E2E22828282828282828BEBEBEBEBEBEBEE2BEBEBEE2E2E2E2E2E2E2E2E2E2E2E2E2E2E2E2E2E2E2E2E2E2E2E2E2E2E2E2E2E2E2E2E2E2E2E2E2E2E2E2E2E2E2E2E2E2E2E2E2E2E2E2E2E2E2E2E2E2E2E2E2E2E2E2E2E2E2E2E2E2E2E2E2E2E2E2E2E2E2E2E2E2E2E2E2E2E2E2E2E2E2E2E2E2E2E2
310
E2E2E2E2E2E2E2E2E2E2E2E2E2E2E2E2E2E2E2E2E2E2E2E2E2E2E2E2E2E2E2E2E2E2E2E2E2E2E2E2E2E2E2E2E2E2E2E2E2E2E2E2E2E2E2E2E2E2E2E2E2E2E2E2E2E2E2E2E2E2E2E2E2E2E2E2E2E2E2E2E2E2E2E2E2E2E2E2E2E2E2E2E2E2E2282828E2E2E2E2E2E2BEBEBEBEE2E2E2E2E2E228E2E2E2E2E2BEBEBEBEBEBEE2
310
E2E2E2E2E2E2E2E2E2E2E2E2E2E22828282828282828BEBEBEBEBEBEBEE2BEBEBEE2E2E2E2E2E2E2E2E2E2E2E2E2E2E2E2E2E2E2E2E2E2E2E2E2E2E2E2E2E2E2E2E2E2E2E2E2E2E2E2E2E2E2E2E2E2E2E2E2E2E2E2E2E2E2E2E2E2E2E2E2E2E2E2E2E2E2E2E2E2E2E2E2E2E2E2E2E2E2E2E2E2E2E2E2E2E2E2E2E2E2E2E2E2
310
E2E2E2E2E2E2E2E2E2E2E2E2E2E2E2E2E2E2E2E2E2E2E2E2E2E2E2E2E2E2E2E2E2E2E2E2E2E2E2E2E2E2E2E2E2E2E2E2E2E2E2E2E2E2E2E2E2E2E2E2E2E2E2E2E2E2E2E2E2E2E2E2E2E2E2E2E2E2E2E2E2E2E2E2E2E2E2E2E2E2E2E2E2E2E2E2E2282828E2282828E2E2BEBEBEBEBEE2E2E2E2E2E2E2E2E2E2E2E2E2E2E2E2
310
E2E2E2E2E2E2E2E2E2E2E2E2E2E2E2E22828282828282828BEBEBEBEBEBEBEE2BEBEBEE2E2E2E2E2E2E2E2E2E2E2E2E2E2E2E2E2E2E2E2E2E2E2E2E2E2E2E2E2E2E2E2E2E2E2E2E2E2E2E2E2E2E2E2E2E2E2E2E2E2E2E2E2E2E2E2E2E2E2E2E2E2E2E2E2E2E2E2E2E2E2E2E2E2E2E2E2E2E2E2E2E2E2E2E2E2E2E2E2E2E2E2
310
E2E2E2E2E2E2E2E2E2E2E2E2E2E2E2E2E2E2E2E2E2E2E2E2E2E2E2E2E2E2E2E2E2E2E2E2E2E2E2E2E2E2E2E2E2E2E2E2E2E2E2E2E2E2E2E2E2E2E2E2E2E2E2E2E2E2E2E2E2E2E2E2E2E2E2E2E2E2E2E2E2E2E2E2E2E2E2E2E2E2E2E2E2E2E2E2E2E2E2282828E2282828E2E2BEBEBEBEBEE2E2E2E2E2E2E2E2E2E2E2E2E2E2
310
E2E2E2E2E2E2E2E2E2E2E2E2E2E2E2E2E2E2E228E2E2E2E2E2E2BEBEBEBEE2E2E2E2E2E2E2E2E2E2E2E2E2E2E2E2E2E2E2E2E2E2E2E2E2E2E2E2E2E2E2E2E2E2E2E2E2E2E2E2E2E2E2E2E2E2E2E2E2E2E2E2E2E2E2E2E2E2E2E2E2E2E2E2E2E2E2E2E2E2E2E2E2E2E2E2E2E2E2E2E2E2E2E2E2E2E2E2E2E2E2E2E2E2E2E2E2
310
E2E2E2E2E2E2E2E2E2E2E2E2E2E2E2E2E2E2E2E2E2E2E2E2E2E2E2E2E2E2E2E2E2E2E2E2E2E2E2E2E2E2E2E2E2E2E2E2E2E2E2E2E2E2E2E2E2E2E2E2E2E2E2E2E2E2E2E2E2E2E2E2E2E2E2E2E2E2E2E2E2E2E2E2E2E2E2E2E2E2E2E2E2E2E2E2E2E2E2E2E2282828E2282828E2E2BEBEBEBEBEE2E2E2E2E2E2E2E2E2E2E2E2
310
E2E2E2E2E2E2E2E2E2E2E2E2E2E2E2E2E2E2E2E22828282828282828BEBEBEBEBEBEBEE2BEBEBEE2E2E2E2E2E2E2E2E2E2E2E2E2E2E2E2E2E2E2E2E2E2E2E2E2E2E2E2E2E2E2E2E2E2E2E2E2E2E2E2E2E2E2E2E2E2E2E2E2E2E2E2E2E2E2E2E2E2E2E2E2E2E2E2E2E2E2E2E2E2E2E2E2E2E2E2E2E2E2E2E2E2E2E2E2E2E2E2
310
E2E2E2E2E2E2E2E2E2E2E2E2E2E2E2E2E2E2E2E2E2E2E2E2E2E2E2E2E2E2E2E2E2E2E2E2E2E2E2E2E2E2E2E2E2E2E2E2E2E2E2E2E2E2E2E2E2E2E2E2E2E2E2E2E2E2E2E2E2E2E2E2E2E2E2E2E2E2E2E2E2E2E2E2E2E2E2E2E2E2E2E2E2E2E2E2E2E2E2E2E2E2E2E2E2E2E2E2E2E2E2E2BEBEBEBEE2E2E2E2E2E2E2E2E2E2E2
310
E2E2E2E2E2E2E2E2E2E2E2E2E2E2E2E2E2E2E2E2E2E22828282828282828BEBEBEBEBEBEBEE2BEBEBEE2E2E2E2E2E2E2E2E2E2E2E2E2E2E2E2E2E2E2E2E2E2E2E2E2E2E2E2E2E2E2E2E2E2E2E2E2E2E2E2E2E2E2E2E2E2E2E2E2E2E2E2E2E2E2E2E2E2E2E2E2E2E2E2E2E2E2E2E2E2E2E2E2E2E2E2E2E2E2E2E2E2E2E2E2E2
310
E2E2E2E2E2E2E2E2E2E2E2E2E2E2E2E2E2E2E2E2E2E2E2E2E2E2E2E2E2E2E2E2E2E2E2E2E2E2E2E2E2E2E2E2E2E2E2E2E2E2E2E2E2E2E2E2E2E2E2E2E2E2E2E2E2E2E2E2E2E2E2E2E2E2E2E2E2E2E2E2E2E2E2E2E2E2E2E2E2E2E2E2E2E2E2E2E2E2E2E2E2E2E2E2E2C3C3E2C3C3E2E2E2E2E2E2E2E2E2E2E2E2E2E2E2E2E2
310
E2E2E2E2E2E2E2E2E2E2E2E2E2E2E2E2E2E2E2E2E2E2E2E22828282828282828BEBEBEBEBEBEBEE2BEBEE2E2E2E2E2E2E2E2E2E2E2E2E2E2E2E2E2E2E2E2E2E2E2E2E2E2E2E2E2E2E2E2E2E2E2E2E2E2E2E2E2E2E2E2E2E2E2E2E2E2E2E2E2E2E2E2E2E2E2E2E2E2E2E2E2E2E2E2E2E2E2E2E2E2E2E2E2E2E2E2E2E2E2E2E2
310
E2E2E2E2E2E2E2E2E2E2E2E2E2E2E2E2E2E2E2E2E2E2E2E2E2E2E2E2E2E2E2E2E2E2E2E2E2E2E2E2E2E2E2E2E2E2E2E2E2E2E2E2E2E2E2E2E2E2E2E2E2E2E2E2E2E2E2E2E2E2E2E2E2E2E2E2E2E2E2E2E2E2E2E2E2E2E2E2E2E2E2E2E2E2E2E2E2E2E2E2E2E2E2E2E2E2E2C3C3C3C3C3E2E2E2E2E2E2E2E2E2E2E2E2E2E2E2
310
E2E2E2E2E2E2E2E2E2E2E2E2E2E2E2E2E2E2E2E2E2E2E2E2E2E2E2E2E2E2E2E2E2E2BEBEBEBEE2E2E2E2E2E2E2E2E2E2E2E2E2E2E2E2E2E2E2E2E2E2E2E2E2E2E2E2E2E2E2E2E2E2E2E2E2E2E2E2E2E2E2E2E2E2E2E2E2E2E2E2E2E2E2E2E2E2E2E2E2E2E2E2E2E2E2E2E2E2E2E2E2E2E2E2E2E2E2E2E2E2E2E2E2E2E2E2E2
310
E2E2E2E2E2E2E2E2E2E2E2E2E2E2E2E2E2E2E2E2E2E2E2E2E2E2E2E2E2E2E2E2E2E2E2E2E2E2E2E2E2E2E2E2E2E2E2E2E2E2E2E2E2E2E2E2E2E2E2E2E2E2E2E2E2E2E2E2E2E2E2E2E2E2E2E2E2E2E2E2E2E2E2E2E2E2E2E2E2E2E2E2E2E2E2E2E2E2E2E2E2E2E2E2E2E2E2E2E2C3C3E2C3C3E2E2E2E2E2E2E2E2E2E2E2E2E2
310
E2E2E2E2E2E2E2E2E2E2E2E2E2E2E2E2E2E2E2E2E2E2E2E2E2E2E2E2E2E2E2E2E2E2E2E2E2E2E2E2E2E2E2E2E2E2E2E2E2E2E2E2E2E2E2E2E2E2E2E2E2E2E2E2E2E2E2E2E2E2E2E2E2E2E2E2E2E2E2E2E2E2E2E2E2E2E2E2E2E2E2E2E2E2E2E2E2E2E2E2E2E2E2E2E2E2E2E2E2E2E2E2E2E2E2E2E2E2E2E2E2E2E2E2E2E2E2
310
E2E2E2E2E2E2E2E2E2E2E2E2E2E2E2E2E2E2E2E2E2E2E2E2E2E2E2E2E2E2E2E2E2E2E2E2E2E2E2E2E2E2E2E2E2E2E2E2E2E2E2E2E2E2E2E2E2E2E2E2E2E2E2E2E2E2E2E2E2E2E2E2E2E2E2E2E2E2E2E2E2E2E2E2E2E2E2E2E2E2E2E2E2E2E2E2E2E2E2E2E2E2E2E2E2E2E2E2E2E2E2C3C3E2C3C3E2E2E2E2E2E2E2E2E2E2E2
310
E2E2E2E2E2E2E2E2E2E2E2E2E2E2E2E2E2E2E2E2E2E2E2E2E2E2E2E2E2E2E2E2E2E2E2E2E2E2E2E2E2E2E2E2E2E2E2E2E2E2E2E2E2E2E2E2E2E2E2E2E2E2E2E2E2E2E2E2E2E2E2E2E2E2E2E2E2E2E2E2E2E2E2E2E2E2E2E2E2E2E2E2E2E2E2E2E2E2E2E2E2E2E2E2E2E2E2E2E2E2E2E2E2E2E2E2E2E2E2E2E2E2E2E2E2E2E2
310
E2E2E2E2E2E2E2E2E2E2E2E2E2E2E2E2E2E2E2E2E2E2E2E2E2E2E2E2E2E2E2E2E2E2E2E2E2E2E2E2E2E2E2E2E2E2E2E2E2E2E2E2E2E2E2E2E2E2E2E2E2E2E2E2E2E2E2E2E2E2E2E2E2E2E2E2E2E2E2E2E2E2E2E2E2E2E2E2E2E2E2E2E2E2E2E2E2E2E2E2E2E2E2E2E2E2E2E2E2E2E2E2E2C3C3C3C3C3E2E2E2E2E2E2E2E2E2
310
E2E2E2E2E2E2E2E2E2E2E2E2E2E2E2E2E2E2E2E2E2E2E2E2E2E2E2E2E2E2E2E2E2E2E2E2E2E2E2E2E2E2E2E2E2E2E2E2E2E2E2E2E2E2E2E2E2E2E2E2E2E2E2E2E2E2E2E2E2E2E2E2E2E2E2E2E2E2E2E2E2E2E2E2E2E2E2E2E2E2E2E2E2E2E2E2E2E2E2E2E2E2E2E2E2E2E2E2E2E2E2E2E2E2E2E2E2E2E2E2E2E2E2E2E2E2E2
310
E2E2E2E2E2E2E2E2E2E2E2E2E2E2E2E2E2E2E2E2E2E2E2E2E2E2E2E2E2E2E2E2E2E2E2E2E2E2E2E2E2E2E2E2E2E2E2E2E2E2E2E2E2E2E2E2E2E2E2E2E2E2E2E2E2E2E2E2E2E2E2E2E2E2E2E2E2E2E2E2E2E2E2E2E2E2E2E2E2E2E2E2E2E2E2E2E2E2E2E2E2E2E2E2E2E2E2E2E2E2E2E2E2E2E2C3C3E2C3C3E2E2E2E2E2E2E2
310
E2E2E2E2E2E2E2E2E2E2E2E2E2E2E2E2E2E2E2E2E2E2E2E2E2E2E2E2E2E2E2E2E2E2E2E2E2E2E2E2E2E2E2E2E2E2E2E2E2E2E2E2E2E2E2E2E2E2E2E2E2E2E2E2E2E2E2E2E2E2E2E2E2E2E2E2E2E2E2E2E2E2E2E2E2E2E2E2E2E2E2E2E2E2E2E2E2E2E2E2E2E2E2E2E2E2E2E2E2E2E2E2E2E2E2E2E2E2E2E2E2E2E2E2E2E2E2
310
E2E2E2E2E2E2E2E2E2E2E2E2E2E2E2E2E2E2E2E2E2E2E2E2E2E2E2E2E2E2E2E2E2E2E2E2E2E2E2E2E2E2E2E2E2E2E2E2E2E2E2E2E2E2E2E2E2E2E2E2E2E2E2E2E2E2E2E2E2E2E2E2E2E2E2E2E2E2E2E2E2E2E2E2E2E2E2E2E2E2E2E2E2E2E2E2E2E2E2E2E2E2E2E2E2E2E2E2E2E2E2E2E2E2E2E2E2E2E2E2E2E2E2E2E2E2E2
310
E2E2E2E2E2E2E2E2E2E2E2E2E2E2E2E2E2E2E2E2E2E2E2E2E2E2E2E2E2E2E2E2E2E2E2E2E2E2E2E2E2E2E2E2E2E2E2E2E2E2E2E2E2E2E2E2E2E2E2E2E2E2E2E2E2E2E2E2E2E2E2E2E2E2E2E2E2E2E2E2E2E2E2E2E2E2E2E2E2E2E2E2E2E2E2E2E2E2E2E2E2E2E2E2E2E2E2E2E2E2E2E2E2E2E2E2E2E2E2E2E2E2E2E2E2E2E2
310
E2E2E2E2E2E2E2E2E2E2E2E2E2E2E2E2E2E2E2E2E2E2E2E2E2E2E2E2E2E2E2E2E2E2E2E2E2E2E2E2E2E2E2E2E2E2E2E2E2E2E2E2E2E2E2E2E2E2E2E2E2E2E2E2E2E2E2E2E2E2E2E2E2E2E2E2E2E2E2E2E2E2E2E2E2E2E2E2E2E2E2E2E2E2E2E2E2E2E2E2E2E2E2E2E2E2E2E2E2E2E2E2E2E2E2E2E2E2E2C3C3E2C3C3E2E2E2
310
E2E2E2E2E2E2E2E2E2E2E2E2E2E2E2E2E2E2E2E2E2E2E2E2E2E2E2E2E2E2E2E2E2E2E2E2E2E2E2E2E2E2E2E2E2E2E2E2E2E2E2E2E2E2E2E2E2E2E2E2E2E2E2E2E2E2E2E2E2E2E2E2E2E2E2E2E2E2E2E2E2E2E2E2E2E2E2E2E2E2E2E2E2E2E2E2E2E2E2E2E2E2E2E2E2E2E2E2E2E2E2E2E2E2E2E2E2E2E2E2E2E2E2E2E2E2E2
310
E2E2E2E2E2E2E2E2E2E2E2E2E2E2E2E2E2E2E2E2E2E2E2E2E2E2E2E2E2E2E2E2E2E2E2E2E2E2E2E2E2E2E2E2E2E2E2E2E2E2E2E2E2E2E2E2E2E2E2E2E2E2E2E2E2E2E2E2E2E2E2E2E2E2E2E2E2E2E2E2E2E2E2E2E2E2E2E2E2E2E2E2E2E2E2E2E2E2E2E2E2E2E2E2E2E2E2E2E2E2E2E2E2E2E2E2E2E2E2E2E2C3C3C3C3E2E2
310
E2E2E2E2E2E2E2E2E2E2E2E2E2E2E2E2E2E2E2E2E2E2E2E2E2E2E2E2E2E2E2E2E2E2E2E2E2E2E2E2E2E2E2E2E2E2E2E2E2E2E2E2E2E2E2E2E2E2E2E2E2E2E2E2E2E2E2E2E2E2E2E2E2E2E2E2E2E2E2E2E2E2E2E2E2E2E2E2E2E2E2E2E2E2E2E2E2E2E2E2E2E2E2E2E2E2E2E2E2E2E2E2E2E2E2E2E2E2E2E2E2E2E2E2E2E2E2
310
E2E2E2E2E2E2E2E2E2E2E2E2E2E2E2E2E2E2E2E2E2E2E2E2E2E2E2E2E2E2E2E2E2E2E2E2E2E2E2E2E2E2E2E2E2E2E2E2E2E2E2E2E2E2E2E2E2E2E2E2E2E2E2E2E2E2E2E2E2E2E2E2E2E2E2E2E2E2E2E2E2E2E2E2E2E2E2E2E2E2E2E2E2E2E2E2E2E2E2E2E2E2E2E2E2E2E2E2E2E2E2E2E2E2E2E2E2E2E2E2E2E2E2C3C3E2C3
310
E2E2E2E2E2E2E2E2E2E2E2E2E2E2E2E2E2E2E2E2E2E2E2E2E2E2E2E2E2E2E2E2E2E2E2E2E2E2E2E2E2E2E2E2E2E2E2E2E2E2E2E2E2E2E2E2E2E2E2E2E2E2E2E2E2E2E2E2E2E2E2E2E2E2E2E2E2E2E2E2E2E2E2E2E2E2E2E2E2E2E2E2E2E2E2E2E2E2E2E2E2E2E2E2E2E2E2E2E2E2E2E2E2E2E2E2E2E2E2E2E2E2E2E2E2E2E2
310
E2E2E2E2E2E2E2E2E2E2E2E2E2E2E2E2E2E2E2E2E2E2E2E2E2E2E2E2E2E2E2E2E2E2E2E2E2E2E2E2E2E2E2E2E2E2E2E2E2E2E2E2E2E2E2E2E2E2E2E2E2E2E2E2E2E2E2E2E2E2E2E2E2E2E2E2E2E2E2E2E2E2E2E2E2E2E2E2E2E2E2E2E2E2E2E2E2E2E2E2E2E2E2E2E2E2E2E2E2E2E2E2E2E2E2E2E2E2E2E2E2E2E2E2E2E2E2
310
E2E2E2E2E2E2E2E2E2E2E2E2E2E2E2E2E2E2E2E2E2E2E2E2E2E2E2E2E2E2E2E2E2E2E2E2E2E2E2E2E2E2E2E2E2E2E2E2E2E2E2E2E2E2E2E2E2E2E2E2E2E2E2E2E2E2E2E2E2E2E2E2E2E2E2E2E2E2E2E2E2E2E2E2E2E2E2E2E2E2E2E2E2E2E2E2E2E2E2E2E2E2E2E2E2E2E2E2E2E2E2E2E2E2E2E2E2E2E2E2E2E2E2E2E2E2E2
310
E2E2E2E2E2E2E2E2E2E2E2E2E2E2E2E2E2E2E2E2E2E2E2E2E2E2E2E2E2E2E2E2E2E2E2E2E2E2E2E2E2E2E2E2E2E2E2E2E2E2E2E2E2E2E2E2E2E2E2E2E2E2E2E2E2E2E2E2E2E2E2E2E2E2E2E2E2E2E2E2E2E2E2E2E2E2E2E2E2E2E2E2E2E2E2E2E2E2E2E2E2E2E2E2E2E2E2E2E2E2E2E2E2E2E2E2E2E2E2E2E2E2E2E2E2E2E2
310
E2E2E2E2E2E2E2E2E2E2E2E2E2E2E2E2E2E2E2E2E2E2E2E2E2E2E2E2E2E2E2E2E2E2E2E2E2E2E2E2E2E2E2E2E2E2E2E2E2E2E2E2E2E2E2E2E2E2E2E2E2E2E2E2E2E2E2E2E2E2E2E2E2E2E2E2E2E2E2E2E2E2E2E2E2E2E2E2E2E2E2E2E2E2E2E2E2E2E2E2E2E2E2E2E2E2E2E2E2E2E2E2E2E2E2E2E2E2E2E2E2E2E2E2E2E2E2
310
E2E2E2E2E2E2E2E2E2E2E2E2E2E2E2E2E2E2E2E2E2E2E2E2E2E2E2E2E2E2E2E2E2E2E2E2E2E2E2E2E2E2E2E2E2E2E2E2E2E2E2E2E2E2E2E2E2E2E2E2E2E2E2E2E2E2E2E2E2E2E2E2E2E2E2E2E2E2E2E2E2E2E2E2E2E2E2E2E2E2E2E2E2E2E2E2E2E2E2E2E2E2E2E2E2E2E2E2E2E2E2E2E2E2E2E2E2E2E2E2E2E2E2E2E2E2E2
310
E2E2E2E2E2E2E2E2E2E2E2E2E2E2E2E2E2E2E2E2E2E2E2E2E2E2E2E2E2E2E2E2E2E2E2E2E2E2E2E2E2E2E2E2E2E2E2E2E2E2E2E2E2E2E2E2E2E2E2E2E2E2E2E2E2E2E2E2E2E2E2E2E2E2E2E2E2E2E2E2E2E2E2E2E2E2E2E2E2E2E2E2E2E2E2E2E2E2E2E2E2E2E2E2E2E2E2E2E2E2E2E2E2E2E2E2E2E2E2E2E2E2E2E2E2E2E2
310
E2E2E2E2E2E2E2E2E2E2E2E2E2E2E2E2E2E2E2E2E2E2E2E2E2E2E2E2E2E2E2E2E2E2E2E2E2E2E2E2E2E2E2E2E2E2E2E2E2E2E2E2E2E2E2E2E2E2E2E2E2E2E2E2E2E2E2E2E2E2E2E2E2E2E2E2E2E2E2E2E2E2E2E2E2E2E2E2E2E2E2E2E2E2E2E2E2E2E2E2E2E2E2E2E2E2E2E2E2E2E2E2E2E2E2E2E2E2E2E2E2E2E2E2E2E2E2
310
E2E2E2E2E2E2E2E2E2E2E2E2E2E2E2E2E2E2E2E2E2E2E2E2E2E2E2E2E2E2E2E2E2E2E2E2E2E2E2E2E2E2E2E2E2E2E2E2E2E2E2E2E2E2E2E2E2E2E2E2E2E2E2E2E2E2E2E2E2E2E2E2E2E2E2E2E2E2E2E2E2E2E2E2E2E2E2E2E2E2E2E2E2E2E2E2E2E2E2E2E2E2E2E2E2E2E2E2E2E2E2E2E2E2E2E2E2E2E2E2E2E2E2E2E2E2E2
310
E2E2E2E2E2E2
  0
XRECORD
  5
58C
102
{ACAD_REACTORS
330
58B
102
}
330
58B
100
AcDbXrecord
280
     1
102
MATERIAL
148
0.0
149
0.0
149
0.0
 93
        0
 94
       63
282
     0
 72
     1
 77
     1
171
     1
175
     1
179
     1
273
     0
  0
XRECORD
  5
58A
102
{ACAD_REACTORS
330
589
102
}
330
589
100
AcDbXrecord
280
     1
102
MATERIAL
148
0.0
149
0.0
149
0.0
 93
        0
 94
       63
282
     0
 72
     1
 77
     1
171
     1
175
     1
179
     1
273
     0
  0
XRECORD
  5
58D
102
{ACAD_REACTORS
330
173
102
}
330
173
100
AcDbXrecord
280
     1
102
MATERIAL
148
0.0
149
0.0
149
0.0
 93
        0
 94
       63
282
     0
 72
     1
 77
     1
171
     1
175
     1
179
     1
273
     0
  0
XRECORD
  5
175
102
{ACAD_REACTORS
330
173
102
}
330
173
100
AcDbXrecord
280
     1
270
     1
271
     1
  0
XRECORD
  5
174
102
{ACAD_REACTORS
330
173
102
}
330
173
100
AcDbXrecord
280
     1
270
     1
271
     1
  0
XRECORD
  5
176
102
{ACAD_REACTORS
330
173
102
}
330
173
100
AcDbXrecord
280
     1
270
     1
271
     1
  0
XRECORD
  5
177
102
{ACAD_REACTORS
330
173
102
}
330
173
100
AcDbXrecord
280
     1
270
     1
271
     1
  0
ACAD_PROXY_OBJECT
  5
538
102
{ACAD_REACTORS
330
162
102
}
330
162
100
AcDbProxyObject
 90
      499
 91
      509
 95
  6815769
 70
     0
 93
     5304
310
40D054060020000020000003200101A000080002A5058000000C10000000000000006101010000000000003E0FC000000000000F83F0000000000003E0FC000000000000F83F000000000000049000000000000001240419019018000000C1003FBFFFFFE0000000000003C8FD029018000000C1003FBFFFFFE00000000000
310
03C8FD049018000000C1003FBFFFFFE0000000000003C8FD089018000000C1003FBFFFFFE0000000000003C8FD109018000000C1003FBFFFFFE0000000000003C8FD209018000000C1003FBFFFFFE0000000000003C8FD01405075F5449544C450041501A8000000C800406800020000A94160000003040000000000000012
310
40404000000000000F83F0000000000003E0FC000000000000F83F0000000000003E0FC0000000000001240000000000000049010640640600000030400FEFFFFFF8000000000000F23F40A40600000030400FEFFFFFF8000000000000F23F41240600000030400FEFFFFFF8000000000000F23F42240600000030400FEFFF
310
FFF8000000000000F23F44240600000030400FEFFFFFF8000000000000F23F48240600000030400FEFFFFFF8000000000000F23F409014217D2115051115480105406A0000003200101A000080002A5028000000C10000000000000004901010000000000003E0FC000000000000F83F0000000000003E0FC000000000000F
310
83F000000000000049000000000000001240419019018000000C1003FBFFFFFE0000000000003C8FD029018000000C1003FBFFFFFE0000000000003C8FD049018000000C1003FBFFFFFE0000000000003C8FD089018000000C1003FBFFFFFE0000000000003C8FD109018000000C1003FBFFFFFE0000000000003C8FD20901
310
8000000C1003FBFFFFFE0000000000003C8FD03409065F444154410000
340
11
340
14
340
14
340
14
340
14
340
14
340
14
340
11
340
14
340
14
340
14
340
14
340
14
340
14
340
11
340
14
340
14
340
14
340
14
340
14
340
14
 94
        0
  0
XRECORD
  5
5E7
102
{ACAD_REACTORS
330
162
102
}
330
162
100
AcDbXrecord
280
     1
102
ACAD_ROUNDTRIP_PRE2007_TABLESTYLE
 90
      512
 91
        0
  1

 92
      512
 93
        0
  2

 94
      512
 95
        0
  3

  0
XRECORD
  5
54D
102
{ACAD_REACTORS
330
54C
102
}
330
54C
100
AcDbXrecord
280
     1
102
RTVSPropertyOp0
 70
     1
102
RTVSPropertyOp1
 70
     1
102
RTVSPropertyOp2
 70
     1
102
RTVSPropertyOp3
 70
     1
102
RTVSPropertyOp4
 70
     1
102
RTVSPropertyOp5
 70
     1
102
RTVSPropertyOp6
 70
     1
102
RTVSPropertyOp7
 70
     1
102
RTVSPropertyOp8
 70
     1
102
RTVSPropertyOp9
 70
     1
102
RTVSPropertyOp10
 70
     1
102
RTVSPropertyOp11
 70
     1
102
RTVSPropertyOp12
 70
     1
102
RTVSPropertyOp13
 70
     1
102
RTVSPropertyOp14
 70
     1
102
RTVSPropertyOp15
 70
     1
102
RTVSPropertyOp16
 70
     1
102
RTVSPropertyOp17
 70
     1
102
RTVSPropertyOp18
 70
     1
102
RTVSPropertyOp19
 70
     1
102
RTVSPropertyOp20
 70
     1
102
RTVSPropertyOp21
 70
     1
102
RTVSPropertyOp22
 70
     1
102
RTVSPropertyOp23
 70
     1
102
RTVSPropertyOp24
 70
     1
102
RTVSPropertyOp25
 70
     1
102
RTVSPropertyOp26
 70
     1
102
RTVSPropertyOp27
 70
     1
  0
XRECORD
  5
551
102
{ACAD_REACTORS
330
550
102
}
330
550
100
AcDbXrecord
280
     1
102
RTVSPropertyOp0
 70
     1
102
RTVSPropertyOp1
 70
     1
102
RTVSPropertyOp2
 70
     1
102
RTVSPropertyOp3
 70
     1
102
RTVSPropertyOp4
 70
     1
102
RTVSPropertyOp5
 70
     1
102
RTVSPropertyOp6
 70
     1
102
RTVSPropertyOp7
 70
     1
102
RTVSPropertyOp8
 70
     1
102
RTVSPropertyOp9
 70
     1
102
RTVSPropertyOp10
 70
     1
102
RTVSPropertyOp11
 70
     1
102
RTVSPropertyOp12
 70
     1
102
RTVSPropertyOp13
 70
     1
102
RTVSPropertyOp14
 70
     1
102
RTVSPropertyOp15
 70
     1
102
RTVSPropertyOp16
 70
     1
102
RTVSPropertyOp17
 70
     1
102
RTVSPropertyOp18
 70
     1
102
RTVSPropertyOp19
 70
     1
102
RTVSPropertyOp20
 70
     1
102
RTVSPropertyOp21
 70
     1
102
RTVSPropertyOp22
 70
     1
102
RTVSPropertyOp23
 70
     1
102
RTVSPropertyOp24
 70
     1
102
RTVSPropertyOp25
 70
     1
102
RTVSPropertyOp26
 70
     1
102
RTVSPropertyOp27
 70
     1
  0
XRECORD
  5
54F
102
{ACAD_REACTORS
330
54E
102
}
330
54E
100
AcDbXrecord
280
     1
102
RTVSPropertyOp0
 70
     1
102
RTVSPropertyOp1
 70
     1
102
RTVSPropertyOp2
 70
     1
102
RTVSPropertyOp3
 70
     1
102
RTVSPropertyOp4
 70
     1
102
RTVSPropertyOp5
 70
     1
102
RTVSPropertyOp6
 70
     1
102
RTVSPropertyOp7
 70
     1
102
RTVSPropertyOp8
 70
     1
102
RTVSPropertyOp9
 70
     1
102
RTVSPropertyOp10
 70
     1
102
RTVSPropertyOp11
 70
     1
102
RTVSPropertyOp12
 70
     1
102
RTVSPropertyOp13
 70
     1
102
RTVSPropertyOp14
 70
     1
102
RTVSPropertyOp15
 70
     1
102
RTVSPropertyOp16
 70
     1
102
RTVSPropertyOp17
 70
     1
102
RTVSPropertyOp18
 70
     1
102
RTVSPropertyOp19
 70
     1
102
RTVSPropertyOp20
 70
     1
102
RTVSPropertyOp21
 70
     1
102
RTVSPropertyOp22
 70
     1
102
RTVSPropertyOp23
 70
     1
102
RTVSPropertyOp24
 70
     1
102
RTVSPropertyOp25
 70
     1
102
RTVSPropertyOp26
 70
     1
102
RTVSPropertyOp27
 70
     1
  0
XRECORD
  5
54B
102
{ACAD_REACTORS
330
54A
102
}
330
54A
100
AcDbXrecord
280
     1
102
RTVSPropertyOp0
 70
     1
102
RTVSPropertyOp1
 70
     1
102
RTVSPropertyOp2
 70
     1
102
RTVSPropertyOp3
 70
     1
102
RTVSPropertyOp4
 70
     1
102
RTVSPropertyOp5
 70
     1
102
RTVSPropertyOp6
 70
     1
102
RTVSPropertyOp7
 70
     1
102
RTVSPropertyOp8
 70
     1
102
RTVSPropertyOp9
 70
     1
102
RTVSPropertyOp10
 70
     1
102
RTVSPropertyOp11
 70
     1
102
RTVSPropertyOp12
 70
     1
102
RTVSPropertyOp13
 70
     1
102
RTVSPropertyOp14
 70
     1
102
RTVSPropertyOp15
 70
     1
102
RTVSPropertyOp16
 70
     1
102
RTVSPropertyOp17
 70
     1
102
RTVSPropertyOp18
 70
     1
102
RTVSPropertyOp19
 70
     1
102
RTVSPropertyOp20
 70
     1
102
RTVSPropertyOp21
 70
     1
102
RTVSPropertyOp22
 70
     1
102
RTVSPropertyOp23
 70
     1
102
RTVSPropertyOp24
 70
     1
102
RTVSPropertyOp25
 70
     1
102
RTVSPropertyOp26
 70
     1
102
RTVSPropertyOp27
 70
     1
  0
XRECORD
  5
559
102
{ACAD_REACTORS
330
558
102
}
330
558
100
AcDbXrecord
280
     1
102
RTVSPropertyOp0
 70
     1
102
RTVSPropertyOp1
 70
     1
102
RTVSPropertyOp2
 70
     1
102
RTVSPropertyOp3
 70
     1
102
RTVSPropertyOp4
 70
     1
102
RTVSPropertyOp5
 70
     1
102
RTVSPropertyOp6
 70
     1
102
RTVSPropertyOp7
 70
     1
102
RTVSPropertyOp8
 70
     1
102
RTVSPropertyOp9
 70
     1
102
RTVSPropertyOp10
 70
     1
102
RTVSPropertyOp11
 70
     1
102
RTVSPropertyOp12
 70
     1
102
RTVSPropertyOp13
 70
     1
102
RTVSPropertyOp14
 70
     1
102
RTVSPropertyOp15
 70
     1
102
RTVSPropertyOp16
 70
     1
102
RTVSPropertyOp17
 70
     1
102
RTVSPropertyOp18
 70
     1
102
RTVSPropertyOp19
 70
     1
102
RTVSPropertyOp20
 70
     1
102
RTVSPropertyOp21
 70
     1
102
RTVSPropertyOp22
 70
     1
102
RTVSPropertyOp23
 70
     1
102
RTVSPropertyOp24
 70
     1
102
RTVSPropertyOp25
 70
     1
102
RTVSPropertyOp26
 70
     1
102
RTVSPropertyOp27
 70
     1
  0
XRECORD
  5
561
102
{ACAD_REACTORS
330
560
102
}
330
560
100
AcDbXrecord
280
     1
102
RTVSPropertyOp0
 70
     1
102
RTVSPropertyOp1
 70
     1
102
RTVSPropertyOp2
 70
     1
102
RTVSPropertyOp3
 70
     1
102
RTVSPropertyOp4
 70
     1
102
RTVSPropertyOp5
 70
     1
102
RTVSPropertyOp6
 70
     1
102
RTVSPropertyOp7
 70
     1
102
RTVSPropertyOp8
 70
     1
102
RTVSPropertyOp9
 70
     1
102
RTVSPropertyOp10
 70
     1
102
RTVSPropertyOp11
 70
     1
102
RTVSPropertyOp12
 70
     1
102
RTVSPropertyOp13
 70
     1
102
RTVSPropertyOp14
 70
     1
102
RTVSPropertyOp15
 70
     1
102
RTVSPropertyOp16
 70
     1
102
RTVSPropertyOp17
 70
     1
102
RTVSPropertyOp18
 70
     1
102
RTVSPropertyOp19
 70
     1
102
RTVSPropertyOp20
 70
     1
102
RTVSPropertyOp21
 70
     1
102
RTVSPropertyOp22
 70
     1
102
RTVSPropertyOp23
 70
     1
102
RTVSPropertyOp24
 70
     1
102
RTVSPropertyOp25
 70
     1
102
RTVSPropertyOp26
 70
     1
102
RTVSPropertyOp27
 70
     1
  0
XRECORD
  5
553
102
{ACAD_REACTORS
330
552
102
}
330
552
100
AcDbXrecord
280
     1
102
RTVSPropertyOp0
 70
     1
102
RTVSPropertyOp1
 70
     1
102
RTVSPropertyOp2
 70
     1
102
RTVSPropertyOp3
 70
     1
102
RTVSPropertyOp4
 70
     1
102
RTVSPropertyOp5
 70
     1
102
RTVSPropertyOp6
 70
     1
102
RTVSPropertyOp7
 70
     1
102
RTVSPropertyOp8
 70
     1
102
RTVSPropertyOp9
 70
     1
102
RTVSPropertyOp10
 70
     1
102
RTVSPropertyOp11
 70
     1
102
RTVSPropertyOp12
 70
     1
102
RTVSPropertyOp13
 70
     1
102
RTVSPropertyOp14
 70
     1
102
RTVSPropertyOp15
 70
     1
102
RTVSPropertyOp16
 70
     1
102
RTVSPropertyOp17
 70
     1
102
RTVSPropertyOp18
 70
     1
102
RTVSPropertyOp19
 70
     1
102
RTVSPropertyOp20
 70
     1
102
RTVSPropertyOp21
 70
     1
102
RTVSPropertyOp22
 70
     1
102
RTVSPropertyOp23
 70
     1
102
RTVSPropertyOp24
 70
     1
102
RTVSPropertyOp25
 70
     1
102
RTVSPropertyOp26
 70
     1
102
RTVSPropertyOp27
 70
     1
  0
XRECORD
  5
557
102
{ACAD_REACTORS
330
556
102
}
330
556
100
AcDbXrecord
280
     1
102
RTVSPropertyOp0
 70
     1
102
RTVSPropertyOp1
 70
     1
102
RTVSPropertyOp2
 70
     1
102
RTVSPropertyOp3
 70
     1
102
RTVSPropertyOp4
 70
     1
102
RTVSPropertyOp5
 70
     1
102
RTVSPropertyOp6
 70
     1
102
RTVSPropertyOp7
 70
     1
102
RTVSPropertyOp8
 70
     1
102
RTVSPropertyOp9
 70
     1
102
RTVSPropertyOp10
 70
     1
102
RTVSPropertyOp11
 70
     1
102
RTVSPropertyOp12
 70
     1
102
RTVSPropertyOp13
 70
     1
102
RTVSPropertyOp14
 70
     1
102
RTVSPropertyOp15
 70
     1
102
RTVSPropertyOp16
 70
     1
102
RTVSPropertyOp17
 70
     1
102
RTVSPropertyOp18
 70
     1
102
RTVSPropertyOp19
 70
     1
102
RTVSPropertyOp20
 70
     1
102
RTVSPropertyOp21
 70
     1
102
RTVSPropertyOp22
 70
     1
102
RTVSPropertyOp23
 70
     1
102
RTVSPropertyOp24
 70
     1
102
RTVSPropertyOp25
 70
     1
102
RTVSPropertyOp26
 70
     1
102
RTVSPropertyOp27
 70
     1
  0
XRECORD
  5
567
102
{ACAD_REACTORS
330
566
102
}
330
566
100
AcDbXrecord
280
     1
102
RTVSPropertyOp0
 70
     0
102
RTVSPropertyOp1
 70
     0
102
RTVSPropertyOp2
 70
     0
102
RTVSPropertyOp3
 70
     0
102
RTVSPropertyOp4
 70
     0
102
RTVSPropertyOp5
 70
     0
102
RTVSPropertyOp6
 70
     0
102
RTVSPropertyOp7
 70
     0
102
RTVSPropertyOp8
 70
     0
102
RTVSPropertyOp9
 70
     0
102
RTVSPropertyOp10
 70
     0
102
RTVSPropertyOp11
 70
     0
102
RTVSPropertyOp12
 70
     0
102
RTVSPropertyOp13
 70
     0
102
RTVSPropertyOp14
 70
     2
102
RTVSPropertyOp15
 70
     0
102
RTVSPropertyOp16
 70
     0
102
RTVSPropertyOp17
 70
     0
102
RTVSPropertyOp18
 70
     0
102
RTVSPropertyOp19
 70
     0
102
RTVSPropertyOp20
 70
     0
102
RTVSPropertyOp21
 70
     0
102
RTVSPropertyOp22
 70
     0
102
RTVSPropertyOp23
 70
     0
102
RTVSPropertyOp24
 70
     0
102
RTVSPropertyOp25
 70
     0
102
RTVSPropertyOp26
 70
     0
102
RTVSPropertyOp27
 70
     0
  0
XRECORD
  5
55F
102
{ACAD_REACTORS
330
55E
102
}
330
55E
100
AcDbXrecord
280
     1
102
RTVSPropertyOp0
 70
     1
102
RTVSPropertyOp1
 70
     1
102
RTVSPropertyOp2
 70
     1
102
RTVSPropertyOp3
 70
     1
102
RTVSPropertyOp4
 70
     1
102
RTVSPropertyOp5
 70
     1
102
RTVSPropertyOp6
 70
     1
102
RTVSPropertyOp7
 70
     1
102
RTVSPropertyOp8
 70
     1
102
RTVSPropertyOp9
 70
     1
102
RTVSPropertyOp10
 70
     1
102
RTVSPropertyOp11
 70
     1
102
RTVSPropertyOp12
 70
     1
102
RTVSPropertyOp13
 70
     1
102
RTVSPropertyOp14
 70
     1
102
RTVSPropertyOp15
 70
     1
102
RTVSPropertyOp16
 70
     1
102
RTVSPropertyOp17
 70
     1
102
RTVSPropertyOp18
 70
     1
102
RTVSPropertyOp19
 70
     1
102
RTVSPropertyOp20
 70
     1
102
RTVSPropertyOp21
 70
     1
102
RTVSPropertyOp22
 70
     1
102
RTVSPropertyOp23
 70
     1
102
RTVSPropertyOp24
 70
     1
102
RTVSPropertyOp25
 70
     1
102
RTVSPropertyOp26
 70
     1
102
RTVSPropertyOp27
 70
     1
  0
XRECORD
  5
543
102
{ACAD_REACTORS
330
542
102
}
330
542
100
AcDbXrecord
280
     1
102
RTVSPropertyOp0
 70
     1
102
RTVSPropertyOp1
 70
     1
102
RTVSPropertyOp2
 70
     1
102
RTVSPropertyOp3
 70
     1
102
RTVSPropertyOp4
 70
     1
102
RTVSPropertyOp5
 70
     1
102
RTVSPropertyOp6
 70
     1
102
RTVSPropertyOp7
 70
     1
102
RTVSPropertyOp8
 70
     1
102
RTVSPropertyOp9
 70
     1
102
RTVSPropertyOp10
 70
     1
102
RTVSPropertyOp11
 70
     1
102
RTVSPropertyOp12
 70
     1
102
RTVSPropertyOp13
 70
     1
102
RTVSPropertyOp14
 70
     1
102
RTVSPropertyOp15
 70
     1
102
RTVSPropertyOp16
 70
     1
102
RTVSPropertyOp17
 70
     1
102
RTVSPropertyOp18
 70
     1
102
RTVSPropertyOp19
 70
     1
102
RTVSPropertyOp20
 70
     1
102
RTVSPropertyOp21
 70
     1
102
RTVSPropertyOp22
 70
     1
102
RTVSPropertyOp23
 70
     1
102
RTVSPropertyOp24
 70
     1
102
RTVSPropertyOp25
 70
     1
102
RTVSPropertyOp26
 70
     1
102
RTVSPropertyOp27
 70
     1
  0
XRECORD
  5
545
102
{ACAD_REACTORS
330
544
102
}
330
544
100
AcDbXrecord
280
     1
102
RTVSPropertyOp0
 70
     1
102
RTVSPropertyOp1
 70
     1
102
RTVSPropertyOp2
 70
     1
102
RTVSPropertyOp3
 70
     1
102
RTVSPropertyOp4
 70
     1
102
RTVSPropertyOp5
 70
     1
102
RTVSPropertyOp6
 70
     1
102
RTVSPropertyOp7
 70
     1
102
RTVSPropertyOp8
 70
     1
102
RTVSPropertyOp9
 70
     1
102
RTVSPropertyOp10
 70
     1
102
RTVSPropertyOp11
 70
     1
102
RTVSPropertyOp12
 70
     1
102
RTVSPropertyOp13
 70
     1
102
RTVSPropertyOp14
 70
     1
102
RTVSPropertyOp15
 70
     1
102
RTVSPropertyOp16
 70
     1
102
RTVSPropertyOp17
 70
     1
102
RTVSPropertyOp18
 70
     1
102
RTVSPropertyOp19
 70
     1
102
RTVSPropertyOp20
 70
     1
102
RTVSPropertyOp21
 70
     1
102
RTVSPropertyOp22
 70
     1
102
RTVSPropertyOp23
 70
     1
102
RTVSPropertyOp24
 70
     1
102
RTVSPropertyOp25
 70
     1
102
RTVSPropertyOp26
 70
     1
102
RTVSPropertyOp27
 70
     1
  0
XRECORD
  5
547
102
{ACAD_REACTORS
330
546
102
}
330
546
100
AcDbXrecord
280
     1
102
RTVSPropertyOp0
 70
     1
102
RTVSPropertyOp1
 70
     1
102
RTVSPropertyOp2
 70
     1
102
RTVSPropertyOp3
 70
     1
102
RTVSPropertyOp4
 70
     1
102
RTVSPropertyOp5
 70
     1
102
RTVSPropertyOp6
 70
     1
102
RTVSPropertyOp7
 70
     1
102
RTVSPropertyOp8
 70
     1
102
RTVSPropertyOp9
 70
     1
102
RTVSPropertyOp10
 70
     1
102
RTVSPropertyOp11
 70
     1
102
RTVSPropertyOp12
 70
     1
102
RTVSPropertyOp13
 70
     1
102
RTVSPropertyOp14
 70
     1
102
RTVSPropertyOp15
 70
     1
102
RTVSPropertyOp16
 70
     1
102
RTVSPropertyOp17
 70
     1
102
RTVSPropertyOp18
 70
     1
102
RTVSPropertyOp19
 70
     1
102
RTVSPropertyOp20
 70
     1
102
RTVSPropertyOp21
 70
     1
102
RTVSPropertyOp22
 70
     1
102
RTVSPropertyOp23
 70
     1
102
RTVSPropertyOp24
 70
     1
102
RTVSPropertyOp25
 70
     1
102
RTVSPropertyOp26
 70
     1
102
RTVSPropertyOp27
 70
     1
  0
XRECORD
  5
549
102
{ACAD_REACTORS
330
548
102
}
330
548
100
AcDbXrecord
280
     1
102
RTVSPropertyOp0
 70
     1
102
RTVSPropertyOp1
 70
     1
102
RTVSPropertyOp2
 70
     1
102
RTVSPropertyOp3
 70
     1
102
RTVSPropertyOp4
 70
     1
102
RTVSPropertyOp5
 70
     1
102
RTVSPropertyOp6
 70
     1
102
RTVSPropertyOp7
 70
     1
102
RTVSPropertyOp8
 70
     1
102
RTVSPropertyOp9
 70
     1
102
RTVSPropertyOp10
 70
     1
102
RTVSPropertyOp11
 70
     1
102
RTVSPropertyOp12
 70
     1
102
RTVSPropertyOp13
 70
     1
102
RTVSPropertyOp14
 70
     1
102
RTVSPropertyOp15
 70
     1
102
RTVSPropertyOp16
 70
     1
102
RTVSPropertyOp17
 70
     1
102
RTVSPropertyOp18
 70
     1
102
RTVSPropertyOp19
 70
     1
102
RTVSPropertyOp20
 70
     1
102
RTVSPropertyOp21
 70
     1
102
RTVSPropertyOp22
 70
     1
102
RTVSPropertyOp23
 70
     1
102
RTVSPropertyOp24
 70
     1
102
RTVSPropertyOp25
 70
     1
102
RTVSPropertyOp26
 70
     1
102
RTVSPropertyOp27
 70
     1
  0
XRECORD
  5
563
102
{ACAD_REACTORS
330
562
102
}
330
562
100
AcDbXrecord
280
     1
102
RTVSPropertyOp0
 70
     0
102
RTVSPropertyOp1
 70
     0
102
RTVSPropertyOp2
 70
     0
102
RTVSPropertyOp3
 70
     0
102
RTVSPropertyOp4
 70
     0
102
RTVSPropertyOp5
 70
     0
102
RTVSPropertyOp6
 70
     0
102
RTVSPropertyOp7
 70
     0
102
RTVSPropertyOp8
 70
     0
102
RTVSPropertyOp9
 70
     0
102
RTVSPropertyOp10
 70
     0
102
RTVSPropertyOp11
 70
     0
102
RTVSPropertyOp12
 70
     0
102
RTVSPropertyOp13
 70
     0
102
RTVSPropertyOp14
 70
     2
102
RTVSPropertyOp15
 70
     0
102
RTVSPropertyOp16
 70
     0
102
RTVSPropertyOp17
 70
     0
102
RTVSPropertyOp18
 70
     0
102
RTVSPropertyOp19
 70
     0
102
RTVSPropertyOp20
 70
     0
102
RTVSPropertyOp21
 70
     0
102
RTVSPropertyOp22
 70
     0
102
RTVSPropertyOp23
 70
     0
102
RTVSPropertyOp24
 70
     0
102
RTVSPropertyOp25
 70
     0
102
RTVSPropertyOp26
 70
     0
102
RTVSPropertyOp27
 70
     0
  0
XRECORD
  5
55D
102
{ACAD_REACTORS
330
55C
102
}
330
55C
100
AcDbXrecord
280
     1
102
RTVSPropertyOp0
 70
     1
102
RTVSPropertyOp1
 70
     1
102
RTVSPropertyOp2
 70
     1
102
RTVSPropertyOp3
 70
     1
102
RTVSPropertyOp4
 70
     1
102
RTVSPropertyOp5
 70
     1
102
RTVSPropertyOp6
 70
     1
102
RTVSPropertyOp7
 70
     1
102
RTVSPropertyOp8
 70
     1
102
RTVSPropertyOp9
 70
     1
102
RTVSPropertyOp10
 70
     1
102
RTVSPropertyOp11
 70
     1
102
RTVSPropertyOp12
 70
     1
102
RTVSPropertyOp13
 70
     1
102
RTVSPropertyOp14
 70
     1
102
RTVSPropertyOp15
 70
     1
102
RTVSPropertyOp16
 70
     1
102
RTVSPropertyOp17
 70
     1
102
RTVSPropertyOp18
 70
     1
102
RTVSPropertyOp19
 70
     1
102
RTVSPropertyOp20
 70
     1
102
RTVSPropertyOp21
 70
     1
102
RTVSPropertyOp22
 70
     1
102
RTVSPropertyOp23
 70
     1
102
RTVSPropertyOp24
 70
     1
102
RTVSPropertyOp25
 70
     1
102
RTVSPropertyOp26
 70
     1
102
RTVSPropertyOp27
 70
     1
  0
XRECORD
  5
565
102
{ACAD_REACTORS
330
564
102
}
330
564
100
AcDbXrecord
280
     1
102
RTVSPropertyOp0
 70
     0
102
RTVSPropertyOp1
 70
     0
102
RTVSPropertyOp2
 70
     0
102
RTVSPropertyOp3
 70
     0
102
RTVSPropertyOp4
 70
     0
102
RTVSPropertyOp5
 70
     0
102
RTVSPropertyOp6
 70
     0
102
RTVSPropertyOp7
 70
     0
102
RTVSPropertyOp8
 70
     0
102
RTVSPropertyOp9
 70
     0
102
RTVSPropertyOp10
 70
     0
102
RTVSPropertyOp11
 70
     0
102
RTVSPropertyOp12
 70
     0
102
RTVSPropertyOp13
 70
     0
102
RTVSPropertyOp14
 70
     2
102
RTVSPropertyOp15
 70
     0
102
RTVSPropertyOp16
 70
     0
102
RTVSPropertyOp17
 70
     0
102
RTVSPropertyOp18
 70
     0
102
RTVSPropertyOp19
 70
     0
102
RTVSPropertyOp20
 70
     0
102
RTVSPropertyOp21
 70
     0
102
RTVSPropertyOp22
 70
     0
102
RTVSPropertyOp23
 70
     0
102
RTVSPropertyOp24
 70
     0
102
RTVSPropertyOp25
 70
     0
102
RTVSPropertyOp26
 70
     0
102
RTVSPropertyOp27
 70
     0
  0
XRECORD
  5
555
102
{ACAD_REACTORS
330
554
102
}
330
554
100
AcDbXrecord
280
     1
102
RTVSPropertyOp0
 70
     1
102
RTVSPropertyOp1
 70
     1
102
RTVSPropertyOp2
 70
     1
102
RTVSPropertyOp3
 70
     1
102
RTVSPropertyOp4
 70
     1
102
RTVSPropertyOp5
 70
     1
102
RTVSPropertyOp6
 70
     1
102
RTVSPropertyOp7
 70
     1
102
RTVSPropertyOp8
 70
     1
102
RTVSPropertyOp9
 70
     1
102
RTVSPropertyOp10
 70
     1
102
RTVSPropertyOp11
 70
     1
102
RTVSPropertyOp12
 70
     1
102
RTVSPropertyOp13
 70
     1
102
RTVSPropertyOp14
 70
     1
102
RTVSPropertyOp15
 70
     1
102
RTVSPropertyOp16
 70
     1
102
RTVSPropertyOp17
 70
     1
102
RTVSPropertyOp18
 70
     1
102
RTVSPropertyOp19
 70
     1
102
RTVSPropertyOp20
 70
     1
102
RTVSPropertyOp21
 70
     1
102
RTVSPropertyOp22
 70
     1
102
RTVSPropertyOp23
 70
     1
102
RTVSPropertyOp24
 70
     1
102
RTVSPropertyOp25
 70
     1
102
RTVSPropertyOp26
 70
     1
102
RTVSPropertyOp27
 70
     1
  0
XRECORD
  5
55B
102
{ACAD_REACTORS
330
55A
102
}
330
55A
100
AcDbXrecord
280
     1
102
RTVSPropertyOp0
 70
     1
102
RTVSPropertyOp1
 70
     1
102
RTVSPropertyOp2
 70
     1
102
RTVSPropertyOp3
 70
     1
102
RTVSPropertyOp4
 70
     1
102
RTVSPropertyOp5
 70
     1
102
RTVSPropertyOp6
 70
     1
102
RTVSPropertyOp7
 70
     1
102
RTVSPropertyOp8
 70
     1
102
RTVSPropertyOp9
 70
     1
102
RTVSPropertyOp10
 70
     1
102
RTVSPropertyOp11
 70
     1
102
RTVSPropertyOp12
 70
     1
102
RTVSPropertyOp13
 70
     1
102
RTVSPropertyOp14
 70
     1
102
RTVSPropertyOp15
 70
     1
102
RTVSPropertyOp16
 70
     1
102
RTVSPropertyOp17
 70
     1
102
RTVSPropertyOp18
 70
     1
102
RTVSPropertyOp19
 70
     1
102
RTVSPropertyOp20
 70
     1
102
RTVSPropertyOp21
 70
     1
102
RTVSPropertyOp22
 70
     1
102
RTVSPropertyOp23
 70
     1
102
RTVSPropertyOp24
 70
     1
102
RTVSPropertyOp25
 70
     1
102
RTVSPropertyOp26
 70
     1
102
RTVSPropertyOp27
 70
     1
  0
ENDSEC
  0
EOF
